incident_id,source_system,source_reliability_tier,incident_date,alarm_datetime,arrival_datetime,cleared_datetime,year,month,day_of_week,weekend_flag,holiday_flag,daylight_flag,fire_department_station,district,nfirs_incident_type,nfirs_incident_type_desc,neris_primary_incident_type,neris_secondary_incident_types,rescue_subtype,incident_class,actions_taken,aid_given_received,watercraft_involved,activity_type,people_involved,rescued_count,casualties_injured_count,fatality_count,casualty_outcome,human_factors,pfd_worn_known,alcohol_suspected,units_responding,personnel_responding,notes,discharge_cfs,delta_discharge_24h_cfs,delta_discharge_72h_cfs,rapid_rise_flag_discharge,deceptive_calm_flag_discharge,response_time_min,incident_duration_min,firefighter_narrative,map_lat,map_lon,location_method,location_detail,location_confidence,rules_map_lat,rules_map_lon,rules_location_method,parser,placed,sim_error_m,parsed_site,map_layer,on_map
JR-2021-0034,NFIRS,pre_2023_legacy_low_completeness,2021-01-14,2021-01-14 19:18:00,2021-01-14 19:26:00,2021-01-14 20:33:00,2021,1,Thursday,False,False,False,RFD-16,James River / Richmond,365.0,Watercraft rescue,,,Watercraft rescue,assist_no_rescue,Search for victim; No rescue needed,,Kayak,Kayaking,2,0,0,0,assist_no_injury,Cold water exposure,Yes,No,2,8,Synthetic record shaped to older/legacy NFIRS export; lower assumed completeness.,9150.0,-610.0,-1850.0,False,False,8.0,75.0,"E16 on scene 1900 hrs. 2 kayakers located at 37.52885,-77.46098. Search initiated on report of paddler overdue, both found cold but ok. No rescue needed, advised re cold water exposure. E16 RTS.",37.52885,-77.46098,llm_gps,,1.0,37.52885,-77.46098,gps,ollama:qwen2.5:14b,True,0.6,Belle Isle,precise_point,True
JR-2021-0066,NFIRS,pre_2023_legacy_low_completeness,2021-01-16,2021-01-16 17:18:00,2021-01-16 17:31:00,2021-01-16 19:08:00,2021,1,Saturday,True,False,True,RFD-16,James River / Richmond,363.0,Swift water rescue,,,Swift water rescue,working_rescue,Rescue/remove from harm; Provide EMS care,Other agency assisted,,Swimming/Wading,1,1,0,0,rescued_no_injury,No PFD/flotation device; Rapid river rise; Cold water exposure; High water/current,No,No,3,11,Synthetic record shaped to older/legacy NFIRS export; lower assumed completeness.,8460.0,-190.0,-1300.0,False,False,13.0,110.0,"E16 resp 1700 for swimmer in trouble off Canal Walk by Tredegar, river rising fast, no PFD. Pt pulled from current by crew, EMS eval, cold but no injuries. Released on scene.",37.533637,-77.445376,llm_site,TRED,1.0,37.533637,-77.445376,landmark_exact,ollama:qwen2.5:14b,True,397.5,Tredegar / Canal Walk,site_circle,True
JR-2021-0061,NFIRS,pre_2023_legacy_low_completeness,2021-02-06,2021-02-06 19:07:00,2021-02-06 19:14:00,2021-02-06 20:17:00,2021,2,Saturday,True,False,False,RFD-RiverOps,James River / Richmond,361.0,Swimming/recreational water rescue,,,Swimming/recreational water rescue,assist_no_rescue,Standby; Provide information to public,,Tube,Tubing,3,0,0,0,assist_no_injury,,Yes,No,1,3,Synthetic record shaped to older/legacy NFIRS export; lower assumed completeness.,9800.0,-600.0,-1900.0,False,False,7.0,70.0,"Boat 1 standby 1900 at Pipeline for 3 tubers. No PFDs issue noted, all fine. Info given re river conditions. Pt home addr 2314 Grove Ave. Boat 1 in service.",37.531882,-77.434462,llm_site,PIPE,1.0,37.531882,-77.434462,landmark_exact,ollama:qwen2.5:14b,True,493.8,Pipeline Rapids,site_circle,True
JR-2021-0075,NFIRS,pre_2023_legacy_low_completeness,2021-02-13,2021-02-13 14:15:00,2021-02-13 14:23:00,2021-02-13 15:10:00,2021,2,Saturday,True,False,True,RFD-01,James River / Richmond,361.0,Swimming/recreational water rescue,,,Swimming/recreational water rescue,assist_no_rescue,Search for victim; No rescue needed,,Tube,Tubing,1,0,0,0,assist_no_injury,No PFD/flotation device; Cold water exposure,No,No,1,4,Synthetic record shaped to older/legacy NFIRS export; lower assumed completeness.,12200.0,1400.0,900.0,False,False,8.0,55.0,"E01 dispatched 1400 to Bosher's Dam for tuber missing from group. Pt located on shore, no PFD, cold but uninjured. No rescue needed. Advised, RTS.",37.559948,-77.575019,llm_site,BOSH,1.0,37.559948,-77.575019,landmark_exact,ollama:qwen2.5:14b,True,28.4,Bosher Dam,site_circle,True
JR-2021-0018,NFIRS,pre_2023_legacy_low_completeness,2021-02-13,2021-02-13 21:10:00,2021-02-13 21:18:00,2021-02-13 21:55:00,2021,2,Saturday,True,False,False,RFD-01,James River / Richmond,361.0,Swimming/recreational water rescue,,,Swimming/recreational water rescue,assist_no_rescue,Refer to proper authority,Other agency assisted,Canoe,Canoeing,1,0,0,0,assist_no_injury,,Yes,No,1,3,Synthetic record shaped to older/legacy NFIRS export; lower assumed completeness.,12200.0,1400.0,900.0,False,False,8.0,45.0,"E01 on scene 2100 for 1 canoeist pulled up on river right bank after dark. Pt uninjured, declined assist. Referred to park LE for after-hours on water. E01 AIQ.",,,unplaced,,0.0,,,unplaced,ollama:qwen2.5:14b,False,,,not_mapped,False
JR-2021-0008,NFIRS,pre_2023_legacy_low_completeness,2021-02-20,2021-02-20 15:15:00,2021-02-20 15:31:00,2021-02-20 16:37:00,2021,2,Saturday,True,False,True,RFD-16,James River / Richmond,365.0,Watercraft rescue,,,Watercraft rescue,working_rescue,Search for victim; Rescue/remove from harm,,Kayak,Kayaking,1,1,1,0,injury_or_rescue,Rapid river rise; Cold water exposure; High water/current,Yes,No,3,11,Synthetic record shaped to older/legacy NFIRS export; lower assumed completeness.,26500.0,-1800.0,-18200.0,False,False,16.0,82.0,"E16 1500 hrs. Kayaker reported pinned at 37.52796,-77.43549. Water high and rising fast, cold. Searched, pt located and removed from harm by crew. Pt w/ injuries, turned over to EMS.",37.52796,-77.43549,llm_gps,,1.0,37.52796,-77.43549,gps,ollama:qwen2.5:14b,True,0.2,Mayo Bridge,precise_point,True
JR-2021-0022,NFIRS,pre_2023_legacy_low_completeness,2021-02-27,2021-02-27 10:40:00,2021-02-27 10:52:00,2021-02-27 13:14:00,2021,2,Saturday,True,False,True,RFD-05,James River / Richmond,363.0,Swift water rescue,,,Swift water rescue,working_rescue,Search for victim; Rescue/remove from harm,Other agency assisted,Tube,Tubing,1,1,0,0,rescued_no_injury,Rapid river rise; Cold water exposure; High water/current; Inexperience,Unknown,No,3,11,Synthetic record shaped to older/legacy NFIRS export; lower assumed completeness.,19500.0,300.0,-4900.0,False,False,12.0,154.0,"E05 1000 hrs tuber swept off in fast rising water, inexperienced. Searched downstream, pt located and removed from current. Cold, no injury. E05 RTS.",,,unplaced,,0.0,,,unplaced,ollama:qwen2.5:14b,False,,,not_mapped,False
JR-2021-0046,NFIRS,pre_2023_legacy_low_completeness,2021-04-03,2021-04-03 12:25:00,2021-04-03 12:30:00,2021-04-03 13:31:00,2021,4,Saturday,True,False,True,RFD-16,James River / Richmond,361.0,Swimming/recreational water rescue,,,Swimming/recreational water rescue,assist_no_rescue,Search for victim; No rescue needed,Mutual aid received,Raft,Rafting,2,0,0,0,assist_no_injury,,Unknown,No,1,3,Synthetic record shaped to older/legacy NFIRS export; lower assumed completeness.,18800.0,-6200.0,4100.0,False,False,5.0,66.0,"E16 1200 dispatched to Pony Pasture for 2 rafters overdue. Nothing found there. Located at 42nd St access, both fine. No rescue needed, E16 cleared.",37.528301,-77.475311,llm_site,42ND,1.0,37.552224,-77.517472,landmark_exact,ollama:qwen2.5:14b,True,192.4,42nd Street,site_circle,True
JR-2021-0081,NFIRS,pre_2023_legacy_low_completeness,2021-04-17,2021-04-17 16:05:00,2021-04-17 16:16:00,2021-04-17 16:50:00,2021,4,Saturday,True,False,True,RFD-12,James River / Richmond,363.0,Swift water rescue,,,Swift water rescue,assist_no_rescue,Standby; Provide information to public,,Tube,Tubing,2,0,0,0,assist_no_injury,,Yes,Unknown,2,8,Synthetic record shaped to older/legacy NFIRS export; lower assumed completeness.,15800.0,-2800.0,-8500.0,False,False,11.0,45.0,"Engine 12 standby at Browns Island 1600. 2 tubers asking about put-in and river levels, info provided. No injuries. RTS.",37.532563,-77.441084,llm_site,BROWN,1.0,37.532563,-77.441084,landmark_exact,ollama:qwen2.5:14b,True,443.6,Brown's Island,site_circle,True
JR-2021-0055,NFIRS,pre_2023_legacy_low_completeness,2021-04-17,2021-04-17 21:05:00,2021-04-17 21:12:00,2021-04-17 22:41:00,2021,4,Saturday,True,False,False,RFD-16,James River / Richmond,365.0,Watercraft rescue,,,Watercraft rescue,working_rescue,Search for victim; Rescue/remove from harm,,Paddleboard,Stand-up paddleboard,1,1,1,0,injury_or_rescue,Rapid river rise,Unknown,Unknown,2,8,Synthetic record shaped to older/legacy NFIRS export; lower assumed completeness.,15800.0,-2800.0,-8500.0,False,False,7.0,96.0,"E16 2100 SUP paddler stranded at Ancarrows after river came up fast. Searched shoreline w/ lights, pt found and removed from harm. Injured, EMS care. Transported.",37.520293,-77.417614,llm_site,ANC,1.0,37.520293,-77.417614,landmark_exact,ollama:qwen2.5:14b,True,1727.8,Ancarrow's Landing,site_circle,True
JR-2021-0063,NFIRS,pre_2023_legacy_low_completeness,2021-04-24,2021-04-24 15:35:00,2021-04-24 15:54:00,2021-04-24 18:44:00,2021,4,Saturday,True,False,True,RFD-05,James River / Richmond,365.0,Watercraft rescue,,,Watercraft rescue,working_rescue,Rescue/remove from harm; Provide EMS care,,Tube,Tubing,3,2,1,0,injury_or_rescue,,Yes,No,3,14,Synthetic record shaped to older/legacy NFIRS export; lower assumed completeness.,8580.0,-440.0,-2420.0,False,False,19.0,189.0,"E05 1500 hrs, 3 tubers in trouble at the Pipeline. Crew removed all 3 from harm. 1 w/ injury, EMS care provided on scene.",37.531882,-77.434462,llm_site,PIPE,1.0,37.531882,-77.434462,landmark_exact,ollama:qwen2.5:14b,True,503.9,Pipeline Rapids,site_circle,True
JR-2021-0058,NFIRS,pre_2023_legacy_low_completeness,2021-04-29,2021-04-29 11:42:00,2021-04-29 11:51:00,2021-04-29 13:10:00,2021,4,Thursday,False,False,True,RFD-RiverOps,James River / Richmond,365.0,Watercraft rescue,,,Watercraft rescue,good_intent_cancelled,Canceled en route,Other agency assisted,Kayak,Kayaking,1,0,0,0,cancelled_or_no_incident_found,No PFD/flotation device,No,No,1,3,Synthetic record shaped to older/legacy NFIRS export; lower assumed completeness.,8120.0,-480.0,-1980.0,False,False,9.0,88.0,"Boat 1 dispatched 1100 to Pony Pasture for kayaker no PFD. Caller updated pt position to ///[w3w], kayaker reached shore on own. Canceled en route.",37.528299,-77.437578,llm_what3words,PONY,1.0,37.528299,-77.437578,what3words,ollama:qwen2.5:14b,True,0.0,Mayo Bridge,not_mapped,False
JR-2021-0073,NFIRS,pre_2023_legacy_low_completeness,2021-05-01,2021-05-01 10:00:00,2021-05-01 10:05:00,2021-05-01 10:54:00,2021,5,Saturday,True,False,True,RFD-05,James River / Richmond,365.0,Watercraft rescue,,,Watercraft rescue,medical_eval,Provide EMS care; Investigate,Aid given to another agency,Unknown,Unknown recreational activity,1,0,0,0,no_injury,None/unknown,Yes,No,2,6,Synthetic record shaped to older/legacy NFIRS export; lower assumed completeness.,7170.0,-450.0,-1430.0,False,False,5.0,54.0,"E05 1000 hrs med eval, pt found approx 200 yds below Z Dam. Unk activity. EMS eval, no injury. Investigated, pt refused further care.",37.558554,-77.526598,llm_site,ZDAM,1.0,37.558554,-77.526598,landmark_exact,ollama:qwen2.5:14b,True,189.0,Z-Dam Area,site_circle,True
JR-2021-0005,NFIRS,pre_2023_legacy_low_completeness,2021-05-03,2021-05-03 14:07:00,2021-05-03 14:18:00,2021-05-03 15:15:00,2021,5,Monday,False,False,True,RFD-12,James River / Richmond,365.0,Watercraft rescue,,,Watercraft rescue,assist_no_rescue,Search for victim; No rescue needed,,Kayak,Kayaking,2,0,0,0,assist_no_injury,Inexperience,Unknown,No,1,3,Synthetic record shaped to older/legacy NFIRS export; lower assumed completeness.,6540.0,-180.0,-1080.0,False,False,11.0,68.0,"E12 1400 2 kayakers reported missing near Belle Isle. Search conducted, both located, inexperienced paddlers who lost track of time. No rescue needed. RTS.",37.530741,-77.455404,llm_site,BELLE,1.0,37.530741,-77.455404,landmark_exact,ollama:qwen2.5:14b,True,152.2,Belle Isle,site_circle,True
JR-2021-0078,NFIRS,pre_2023_legacy_low_completeness,2021-05-05,2021-05-05 13:05:00,2021-05-05 13:13:00,2021-05-05 14:23:00,2021,5,Wednesday,False,False,True,RFD-05,James River / Richmond,365.0,Watercraft rescue,,,Watercraft rescue,good_intent_cancelled,Canceled en route,,Motorboat/PWC,Motorboat/PWC,1,0,0,0,cancelled_or_no_incident_found,No PFD/flotation device,No,No,2,8,Synthetic record shaped to older/legacy NFIRS export; lower assumed completeness.,6870.0,320.0,150.0,False,False,8.0,78.0,"E05 1300 PWC operator reported down near N37.52773 W77.47094, no PFD. Caller advised operator back underway. Canceled en route.",37.52773,-77.47094,llm_gps,,1.0,37.52773,-77.47094,gps,ollama:qwen2.5:14b,True,0.2,Reedy Creek,not_mapped,False
JR-2021-0032,NFIRS,pre_2023_legacy_low_completeness,2021-05-16,2021-05-16 20:00:00,2021-05-16 20:05:00,2021-05-16 20:47:00,2021,5,Sunday,True,False,True,RFD-RiverOps,James River / Richmond,365.0,Watercraft rescue,,,Watercraft rescue,good_intent_cancelled,Canceled en route,,Unknown,Unknown recreational activity,3,0,0,0,cancelled_or_no_incident_found,,Yes,No,1,3,Synthetic record shaped to older/legacy NFIRS export; lower assumed completeness.,4990.0,40.0,-320.0,False,False,5.0,47.0,"Boat 1 dispatched 2000, 3 people reported at ///[w3w]. Canceled en route per dispatch. Caller home addr 3100 Patterson Ave.",37.528128,-77.436677,llm_what3words,,1.0,37.528128,-77.436677,what3words,ollama:qwen2.5:14b,True,0.0,Mayo Bridge,not_mapped,False
JR-2021-0082,NFIRS,pre_2023_legacy_low_completeness,2021-05-20,2021-05-20 19:25:00,2021-05-20 19:31:00,2021-05-20 20:17:00,2021,5,Thursday,False,False,True,RFD-05,James River / Richmond,360.0,"Water & ice-related rescue, other",,,"Water/ice rescue, other",assist_no_rescue,Standby; Provide information to public,,,Swimming/Wading,1,0,0,0,assist_no_injury,None/unknown,Unknown,No,1,3,Synthetic record shaped to older/legacy NFIRS export; lower assumed completeness.,4240.0,-240.0,-450.0,False,False,6.0,52.0,E05 1900 reedy ck swimmer wading no issues standby gave river info to pt adv to stay out RTS,37.52716,-77.469861,llm_site,REEDY,1.0,37.52716,-77.469861,landmark_exact,ollama:qwen2.5:14b,True,241.8,Reedy Creek,site_circle,True
JR-2021-0009,NFIRS,pre_2023_legacy_low_completeness,2021-05-22,2021-05-22 13:10:00,2021-05-22 13:18:00,2021-05-22 14:45:00,2021,5,Saturday,True,False,True,RFD-01,James River / Richmond,365.0,Watercraft rescue,,,Watercraft rescue,working_rescue,Search for victim; Rescue/remove from harm,,,Swimming/Wading,1,1,0,0,rescued_no_injury,Alcohol suspected; Rapid river rise; High water/current; Inexperience,Unknown,Yes,3,11,Synthetic record shaped to older/legacy NFIRS export; lower assumed completeness.,3990.0,-250.0,-490.0,False,False,8.0,95.0,"E01 dispatched 1300 to Browns Island for swimmer in distress, no pt there. Pt found at ///[w3w], ETOH suspected, water up and fast. Pulled from current, no injury.",37.527633,-77.46879,llm_what3words,summit.quill.glacier,1.0,37.527633,-77.46879,what3words,ollama:qwen2.5:14b,True,0.0,Reedy Creek,precise_point,True
JR-2021-0068,NFIRS,pre_2023_legacy_low_completeness,2021-05-22,2021-05-22 14:12:00,2021-05-22 14:17:00,2021-05-22 15:41:00,2021,5,Saturday,True,False,True,RFD-RiverOps,James River / Richmond,360.0,"Water & ice-related rescue, other",,,"Water/ice rescue, other",good_intent_cancelled,Canceled en route,Mutual aid received,Motorboat/PWC,Motorboat/PWC,1,0,0,0,cancelled_or_no_incident_found,No PFD/flotation device,No,No,1,4,Synthetic record shaped to older/legacy NFIRS export; lower assumed completeness.,3990.0,-250.0,-490.0,False,False,5.0,89.0,"Boat 1 dispatched 1400 for PWC operator reported in distress mid-channel, no PFD per caller. Canceled en route by ECC, operator back underway. Boat 1 RTS.",,,unplaced,,0.0,,,unplaced,ollama:qwen2.5:14b,False,,,not_mapped,False
JR-2021-0077,NFIRS,pre_2023_legacy_low_completeness,2021-05-22,2021-05-22 15:03:00,2021-05-22 15:13:00,2021-05-22 16:13:00,2021,5,Saturday,True,False,True,RFD-RiverOps,James River / Richmond,365.0,Watercraft rescue,,,Watercraft rescue,good_intent_cancelled,Canceled en route,,Motorboat/PWC,Motorboat/PWC,2,0,0,0,cancelled_or_no_incident_found,No PFD/flotation device,No,No,1,4,Synthetic record shaped to older/legacy NFIRS export; lower assumed completeness.,3990.0,-250.0,-490.0,False,False,10.0,70.0,"Boat 1 1500 hrs dispatched to Pony Pasture for 2 on PWC w/o PFDs. Cancelled en route by dispatch, no incident.",,,unplaced,,0.0,37.552224,-77.517472,landmark_exact,ollama:qwen2.5:14b,False,,,not_mapped,False
JR-2021-0070,NFIRS,pre_2023_legacy_low_completeness,2021-05-22,2021-05-22 17:00:00,2021-05-22 17:07:00,2021-05-22 17:38:00,2021,5,Saturday,True,False,True,RFD-05,James River / Richmond,361.0,Swimming/recreational water rescue,,,Swimming/recreational water rescue,medical_eval,Provide EMS care; Investigate,,Unknown,Unknown recreational activity,2,0,1,0,minor_injury_or_medical_eval,,Unknown,No,1,4,Synthetic record shaped to older/legacy NFIRS export; lower assumed completeness.,3990.0,-250.0,-490.0,False,False,7.0,38.0,"E05 arr 1700, 2 pts on gravel bar river left, unknown activity. Both evaluated by EMS, minor abrasions, treated on scene. Investigated, no further hazard. RTS.",,,unplaced,,0.0,,,unplaced,ollama:qwen2.5:14b,False,,,not_mapped,False
JR-2021-0015,NFIRS,pre_2023_legacy_low_completeness,2021-05-29,2021-05-29 14:55:00,2021-05-29 15:05:00,2021-05-29 16:04:00,2021,5,Saturday,True,True,True,RFD-RiverOps,James River / Richmond,361.0,Swimming/recreational water rescue,,,Swimming/recreational water rescue,good_intent_cancelled,Investigate; No incident found,,,Fishing from bank/rocks,1,0,0,0,cancelled_or_no_incident_found,None/unknown,Unknown,No,1,4,Synthetic record shaped to older/legacy NFIRS export; lower assumed completeness.,3810.0,400.0,190.0,False,False,10.0,69.0,"Boat 1 1400 check on bank fisherman at 37.55646, -77.55981. Investigated, no one in distress. No incident found. In service.",37.55646,-77.55981,llm_gps,,0.3,37.55646,-77.55981,gps,ollama:qwen2.5:14b,True,0.3,Bosher Dam,not_mapped,False
JR-2021-0064,NFIRS,pre_2023_legacy_low_completeness,2021-05-29,2021-05-29 15:30:00,2021-05-29 15:37:00,2021-05-29 16:13:00,2021,5,Saturday,True,True,True,RFD-12,James River / Richmond,361.0,Swimming/recreational water rescue,,,Swimming/recreational water rescue,good_intent_cancelled,Investigate; No incident found,,,Swimming/Wading,1,0,0,0,cancelled_or_no_incident_found,Submerged obstacle/rocks,Yes,Unknown,1,3,Synthetic record shaped to older/legacy NFIRS export; lower assumed completeness.,3810.0,400.0,190.0,False,False,7.0,43.0,"E12 1500 swimmer reported hung up on rocks at Pony Pasture. Investigated, no pt located. No incident found. RTS.",,,unplaced,,0.0,37.552224,-77.517472,landmark_exact,ollama:qwen2.5:14b,False,,,not_mapped,False
JR-2021-0040,NFIRS,pre_2023_legacy_low_completeness,2021-05-29,2021-05-29 20:30:00,2021-05-29 20:38:00,2021-05-29 22:50:00,2021,5,Saturday,True,True,True,RFD-01,James River / Richmond,365.0,Watercraft rescue,,,Watercraft rescue,working_rescue,Search for victim; Rescue/remove from harm,Mutual aid received,Raft,Rafting,1,1,0,0,rescued_no_injury,Rapid river rise; High water/current; Inexperience,Unknown,No,3,14,Synthetic record shaped to older/legacy NFIRS export; lower assumed completeness.,3810.0,400.0,190.0,False,False,8.0,140.0,"E01 2000 dispatched to Pipeline, rafter in trouble. Not there. Raft pinned at Pony Pasture, 1 pt inexperienced, high water rising. Pt removed from harm by crew, no injury.",37.552224,-77.517472,llm_site,PONY,1.0,37.552224,-77.517472,landmark_exact,ollama:qwen2.5:14b,True,167.9,Pony Pasture,site_circle,True
JR-2021-0017,NFIRS,pre_2023_legacy_low_completeness,2021-06-05,2021-06-05 08:10:00,2021-06-05 08:19:00,2021-06-05 10:43:00,2021,6,Saturday,True,False,True,RFD-01,James River / Richmond,365.0,Watercraft rescue,,,Watercraft rescue,working_rescue,Rescue/remove from harm; Provide EMS care,,Kayak,Kayaking,3,1,0,0,rescued_no_injury,No PFD/flotation device; Rapid river rise; High water/current,No,Unknown,3,14,Synthetic record shaped to older/legacy NFIRS export; lower assumed completeness.,3480.0,10.0,10.0,False,False,9.0,153.0,"E01 0800, 3 kayakers, no PFDs, water rising quick. Crew removed all 3 from harm, EMS eval. No injuries.",,,unplaced,,0.0,,,unplaced,ollama:qwen2.5:14b,False,,,not_mapped,False
JR-2021-0039,NFIRS,pre_2023_legacy_low_completeness,2021-06-05,2021-06-05 18:30:00,2021-06-05 18:39:00,2021-06-05 21:15:00,2021,6,Saturday,True,False,True,RFD-01,James River / Richmond,360.0,"Water & ice-related rescue, other",,,"Water/ice rescue, other",fatality_recovery,Search for victim; Recover body/body parts; Provide EMS care,,Tube,Tubing,2,0,0,2,fatality,Alcohol suspected; Rapid river rise; High water/current,Unknown,Yes,4,14,Synthetic record shaped to older/legacy NFIRS export; lower assumed completeness.,3480.0,10.0,10.0,False,False,9.0,165.0,"E01 1800 tubers, ETOH suspected, river up and fast. 1 pt recovered approx 150 yds downstream of Ancarrows boat ramp after search. EMS on scene. Fatality. 2nd party accounted for.",37.520293,-77.417614,llm_site,ANC,1.0,37.520293,-77.417614,landmark_exact,ollama:qwen2.5:14b,True,95.2,Ancarrow's Landing,site_circle,True
JR-2021-0021,NFIRS,pre_2023_legacy_low_completeness,2021-06-07,2021-06-07 11:00:00,2021-06-07 11:07:00,2021-06-07 11:46:00,2021,6,Monday,False,False,True,RFD-01,James River / Richmond,365.0,Watercraft rescue,,,Watercraft rescue,assist_no_rescue,Search for victim; No rescue needed,,Unknown,Unknown recreational activity,1,0,0,0,assist_no_injury,,No,No,1,4,Synthetic record shaped to older/legacy NFIRS export; lower assumed completeness.,3070.0,-250.0,-400.0,False,False,7.0,46.0,"E01 1100 hrs search for person reported missing at Bosher Dam. Pt located, no rescue needed. RTS.",37.559948,-77.575019,llm_site,BOSH,1.0,37.559948,-77.575019,landmark_exact,ollama:qwen2.5:14b,True,226.3,Bosher Dam,site_circle,True
JR-2021-0048,NFIRS,pre_2023_legacy_low_completeness,2021-06-10,2021-06-10 17:25:00,2021-06-10 17:30:00,2021-06-10 18:04:00,2021,6,Thursday,False,False,True,RFD-12,James River / Richmond,361.0,Swimming/recreational water rescue,,,Swimming/recreational water rescue,good_intent_cancelled,Standby,Mutual aid received,,Swimming/Wading,2,0,0,0,cancelled_or_no_incident_found,None/unknown,Yes,No,1,3,Synthetic record shaped to older/legacy NFIRS export; lower assumed completeness.,3080.0,350.0,10.0,False,False,5.0,39.0,"E12 1700 dispatched to Ancarrows for 2 swimmers, crew rerouted, pts were on Canal Walk near Tredegar. Standby, pts out of water on arrival. Canceled.",37.533637,-77.445376,llm_site,TRED,1.0,37.533637,-77.445376,landmark_exact,ollama:qwen2.5:14b,True,457.6,Tredegar / Canal Walk,not_mapped,False
JR-2021-0004,NFIRS,pre_2023_legacy_low_completeness,2021-06-12,2021-06-12 08:10:00,2021-06-12 08:28:00,2021-06-12 10:04:00,2021,6,Saturday,True,False,True,RFD-05,James River / Richmond,365.0,Watercraft rescue,,,Watercraft rescue,working_rescue,Water rescue; Provide EMS care,,Kayak,Kayaking,1,1,1,0,injury_or_rescue,,Unknown,No,3,14,Synthetic record shaped to older/legacy NFIRS export; lower assumed completeness.,7820.0,3570.0,5090.0,True,False,18.0,114.0,"0800 E05 resp to kayaker pinned against rock mid-channel. Crew made water rescue w/ throw bag and shore team, pt brought to river left bank. Pt c/o shoulder injury, EMS care provided, transported by Medic.",37.530741,-77.455404,llm_site,BELLE,1.0,,,unplaced,ollama:qwen2.5:14b,True,10963.7,Belle Isle,site_circle,True
JR-2021-0035,NFIRS,pre_2023_legacy_low_completeness,2021-06-12,2021-06-12 17:30:00,2021-06-12 17:36:00,2021-06-12 18:27:00,2021,6,Saturday,True,False,True,RFD-RiverOps,James River / Richmond,363.0,Swift water rescue,,,Swift water rescue,assist_no_rescue,Search for victim; No rescue needed,,Kayak,Kayaking,1,0,0,0,assist_no_injury,Rapid river rise; Submerged obstacle/rocks,Unknown,Unknown,1,3,Synthetic record shaped to older/legacy NFIRS export; lower assumed completeness.,7820.0,3570.0,5090.0,True,False,6.0,57.0,"Boat 1 1700 hrs kayaker reported stuck at ///[w3w]. River rising, submerged rocks. Searched, pt located ok, no rescue needed.",,,llm_off_list,tunddra paddle lilac,0.0,,,w3w_unresolved,ollama:qwen2.5:14b,False,,,not_mapped,False
JR-2021-0003,NFIRS,pre_2023_legacy_low_completeness,2021-06-12,2021-06-12 18:40:00,2021-06-12 18:47:00,2021-06-12 20:25:00,2021,6,Saturday,True,False,True,RFD-05,James River / Richmond,363.0,Swift water rescue,,,Swift water rescue,assist_no_rescue,Standby; Provide information to public,,Tube,Tubing,3,0,0,0,assist_no_injury,No PFD/flotation device; Submerged obstacle/rocks,No,No,2,8,Synthetic record shaped to older/legacy NFIRS export; lower assumed completeness.,7820.0,3570.0,5090.0,True,False,7.0,105.0,"Engine 05 stood by 1800 for 3 tubers hung up on submerged rocks near river right, no PFDs. All worked free on their own and floated to bank. Gave water safety info and PFD guidance. No inj.",,,unplaced,,0.0,,,unplaced,ollama:qwen2.5:14b,False,,,not_mapped,False
JR-2021-0065,NFIRS,pre_2023_legacy_low_completeness,2021-06-14,2021-06-14 22:45:00,2021-06-14 22:51:00,2021-06-14 23:44:00,2021,6,Monday,False,False,False,RFD-05,James River / Richmond,365.0,Watercraft rescue,,,Watercraft rescue,assist_no_rescue,Assist person; Investigate,Mutual aid received,Motorboat/PWC,Motorboat/PWC,2,0,0,0,assist_no_injury,No PFD/flotation device,No,No,1,3,Synthetic record shaped to older/legacy NFIRS export; lower assumed completeness.,9870.0,-80.0,5620.0,False,False,6.0,59.0,"E05 on scene 2200, PWC w/ 2 aboard drifting near left bank, engine trouble. Assisted occupants to shore, neither wearing PFD. Investigated, no inj. Craft secured by owner.",,,unplaced,,0.0,,,unplaced,ollama:qwen2.5:14b,False,,,not_mapped,False
JR-2021-0042,NFIRS,pre_2023_legacy_low_completeness,2021-06-19,2021-06-19 12:30:00,2021-06-19 12:35:00,2021-06-19 13:36:00,2021,6,Saturday,True,False,True,RFD-05,James River / Richmond,360.0,"Water & ice-related rescue, other",,,"Water/ice rescue, other",assist_no_rescue,Assist person; Investigate,,Tube,Tubing,4,0,0,0,assist_no_injury,None/unknown,Yes,No,1,3,Synthetic record shaped to older/legacy NFIRS export; lower assumed completeness.,6600.0,-570.0,-2670.0,False,False,5.0,66.0,"E05 1200 assist 4 tubers at ///[w3w]. Investigated, all fine, no injuries. Pt home addr 1507 Floyd Ave.",37.528011,-77.438401,llm_what3words,,0.3,37.528011,-77.438401,what3words,ollama:qwen2.5:14b,True,0.0,Mayo Bridge,precise_point,True
JR-2021-0056,NFIRS,pre_2023_legacy_low_completeness,2021-06-19,2021-06-19 17:40:00,2021-06-19 17:45:00,2021-06-19 19:05:00,2021,6,Saturday,True,False,True,RFD-01,James River / Richmond,365.0,Watercraft rescue,,,Watercraft rescue,assist_no_rescue,Standby; Provide information to public,,Kayak,Kayaking,1,0,0,0,assist_no_injury,Rapid river rise; Deceptive calm/local gage low but upstream rising,Unknown,No,2,6,Synthetic record shaped to older/legacy NFIRS export; lower assumed completeness.,6600.0,-570.0,-2670.0,False,False,5.0,85.0,"E01 1700 standby for kayaker, river rising, local gage low but upstream coming up. Pt advised off water, info provided. RTS.",,,unplaced,,0.0,,,unplaced,ollama:qwen2.5:14b,False,,,not_mapped,False
JR-2021-0036,NFIRS,pre_2023_legacy_low_completeness,2021-06-20,2021-06-20 21:15:00,2021-06-20 21:25:00,2021-06-20 21:45:00,2021,6,Sunday,True,False,False,RFD-12,James River / Richmond,365.0,Watercraft rescue,,,Watercraft rescue,medical_eval,Provide EMS care; Investigate,,Tube,Tubing,1,0,1,0,minor_injury_or_medical_eval,No PFD/flotation device,No,No,1,4,Synthetic record shaped to older/legacy NFIRS export; lower assumed completeness.,5920.0,-680.0,-2970.0,False,False,10.0,30.0,"E12 2100 initially sent to Belle Isle, tuber w/ no PFD. Pt found under Mayo Br on the 14th St side. Med eval, minor injury. Investigated, pt released.",37.528074,-77.43403,llm_site,MAYO,1.0,37.530741,-77.455404,landmark_exact,ollama:qwen2.5:14b,True,561.4,Mayo Bridge,site_circle,True
JR-2021-0012,NFIRS,pre_2023_legacy_low_completeness,2021-06-26,2021-06-26 07:15:00,2021-06-26 07:21:00,2021-06-26 08:30:00,2021,6,Saturday,True,False,True,RFD-RiverOps,James River / Richmond,360.0,"Water & ice-related rescue, other",,,"Water/ice rescue, other",assist_no_rescue,Assist person; Investigate,,,Swimming/Wading,1,0,0,0,assist_no_injury,No PFD/flotation device; Inexperience,No,No,1,3,Synthetic record shaped to older/legacy NFIRS export; lower assumed completeness.,2890.0,-470.0,-660.0,False,False,6.0,75.0,"Boat 1 0700 dispatched to Mayo Bridge, swimmer in trouble. Pt found at ///[w3w] instead, no PFD, inexperienced. Assisted out, investigated. No injury.",37.528281,-77.471851,llm_what3words,summit cobalt harbor,1.0,37.528281,-77.471851,what3words,ollama:qwen2.5:14b,True,0.0,Reedy Creek,precise_point,True
JR-2021-0079,NFIRS,pre_2023_legacy_low_completeness,2021-06-26,2021-06-26 09:50:00,2021-06-26 10:00:00,2021-06-26 11:11:00,2021,6,Saturday,True,False,True,RFD-RiverOps,James River / Richmond,365.0,Watercraft rescue,,,Watercraft rescue,assist_no_rescue,Search for victim; No rescue needed,,,Swimming/Wading,1,0,0,0,assist_no_injury,Inexperience; Submerged obstacle/rocks,Yes,No,1,4,Synthetic record shaped to older/legacy NFIRS export; lower assumed completeness.,2890.0,-470.0,-660.0,False,False,10.0,81.0,"Boat 1 searched 0900 for wader reported missing off a gravel bar. Pt located on right bank, walked out on own after stepping off ledge into deep water. Inexperienced swimmer, submerged rocks noted. No rescue needed.",,,llm_off_list,gravel bar,0.0,,,unplaced,ollama:qwen2.5:14b,False,,,not_mapped,False
JR-2021-0019,NFIRS,pre_2023_legacy_low_completeness,2021-06-27,2021-06-27 18:20:00,2021-06-27 18:26:00,2021-06-27 19:26:00,2021,6,Sunday,True,False,True,RFD-05,James River / Richmond,361.0,Swimming/recreational water rescue,,,Swimming/recreational water rescue,good_intent_cancelled,Investigate; No incident found,Aid given to another agency,Tube,Tubing,2,0,0,0,cancelled_or_no_incident_found,None/unknown,Yes,Unknown,1,4,Synthetic record shaped to older/legacy NFIRS export; lower assumed completeness.,2750.0,-140.0,-920.0,False,False,6.0,66.0,"E05 1800 2 tubers reported at ///[w3w]. Investigated, nothing found. No incident. RTS.",,,llm_off_list,falcon glacier river,0.0,,,w3w_off_river,ollama:qwen2.5:14b,False,,,not_mapped,False
JR-2021-0020,NFIRS,pre_2023_legacy_low_completeness,2021-06-29,2021-06-29 15:25:00,2021-06-29 15:32:00,2021-06-29 16:38:00,2021,6,Tuesday,False,False,True,RFD-05,James River / Richmond,365.0,Watercraft rescue,,,Watercraft rescue,assist_no_rescue,Refer to proper authority,,Kayak,Kayaking,1,0,0,0,assist_no_injury,Alcohol suspected; Rapid river rise; Inexperience,Yes,Yes,2,6,Synthetic record shaped to older/legacy NFIRS export; lower assumed completeness.,2440.0,-200.0,-450.0,False,False,7.0,73.0,"1500 E05 called for lone kayaker stranded on rock, water coming up fast. Pt self-extricated to bank before arrival, ETOH suspected, novice paddler. Referred to LE. No inj.",,,unplaced,,0.0,,,unplaced,ollama:qwen2.5:14b,False,,,not_mapped,False
JR-2021-0051,NFIRS,pre_2023_legacy_low_completeness,2021-07-04,2021-07-04 10:10:00,2021-07-04 10:16:00,2021-07-04 11:40:00,2021,7,Sunday,True,True,True,RFD-RiverOps,James River / Richmond,365.0,Watercraft rescue,,,Watercraft rescue,good_intent_cancelled,Canceled en route,,Paddleboard,Stand-up paddleboard,1,0,0,0,cancelled_or_no_incident_found,,No,No,2,6,Synthetic record shaped to older/legacy NFIRS export; lower assumed completeness.,3910.0,-650.0,1680.0,False,False,6.0,90.0,Boat 1 1000 SUP reported at ///[w3w]. Canceled en route.,37.52752,-77.467137,llm_what3words,///[w3w],0.3,37.52752,-77.467137,what3words,ollama:qwen2.5:14b,True,0.0,Reedy Creek,not_mapped,False
JR-2021-0025,NFIRS,pre_2023_legacy_low_completeness,2021-07-04,2021-07-04 14:10:00,2021-07-04 14:19:00,2021-07-04 15:33:00,2021,7,Sunday,True,True,True,RFD-16,James River / Richmond,365.0,Watercraft rescue,,,Watercraft rescue,assist_no_rescue,Standby; Provide information to public,Mutual aid received,Kayak,Kayaking,1,0,0,0,assist_no_injury,,No,No,1,3,Synthetic record shaped to older/legacy NFIRS export; lower assumed completeness.,3910.0,-650.0,1680.0,False,False,9.0,83.0,"E16 1400 standby for kayaker at 37.52994, -77.45714. River info provided. No injuries. RTS.",37.52994,-77.45714,llm_gps,,1.0,37.52994,-77.45714,gps,ollama:qwen2.5:14b,True,0.5,Belle Isle,precise_point,True
JR-2021-0072,NFIRS,pre_2023_legacy_low_completeness,2021-07-04,2021-07-04 15:12:00,2021-07-04 15:21:00,2021-07-04 15:56:00,2021,7,Sunday,True,True,True,RFD-RiverOps,James River / Richmond,365.0,Watercraft rescue,,,Watercraft rescue,medical_eval,Provide EMS care; Investigate,Aid given to another agency,Tube,Tubing,3,0,1,0,minor_injury_or_medical_eval,,No,No,2,6,Synthetic record shaped to older/legacy NFIRS export; lower assumed completeness.,3910.0,-650.0,1680.0,False,False,9.0,44.0,"Boat 1 1500 three tubers at the Pipeline walkway. Med eval, 1 pt minor injury. Investigated. Treated and released.",37.531882,-77.434462,llm_site,PIPE,1.0,37.531882,-77.434462,landmark_exact,ollama:qwen2.5:14b,True,434.8,Pipeline Rapids,site_circle,True
JR-2021-0054,NFIRS,pre_2023_legacy_low_completeness,2021-07-10,2021-07-10 13:25:00,2021-07-10 13:35:00,2021-07-10 14:34:00,2021,7,Saturday,True,False,True,RFD-RiverOps,James River / Richmond,361.0,Swimming/recreational water rescue,,,Swimming/recreational water rescue,working_rescue,Rescue/remove from harm; Provide EMS care,,Tube,Tubing,4,3,0,0,rescued_no_injury,No PFD/flotation device; Alcohol suspected; Rapid river rise; Inexperience,No,Yes,2,7,Synthetic record shaped to older/legacy NFIRS export; lower assumed completeness.,2180.0,-320.0,-160.0,False,False,10.0,69.0,"Boat 1 1300 dispatched to Belle Isle, 4 tubers in trouble, found instead at Brown's Is, no PFDs, ETOH suspected, water rising. All removed from harm. EMS eval, no injuries.",37.532563,-77.441084,llm_site,BROWN,1.0,37.530741,-77.455404,landmark_exact,ollama:qwen2.5:14b,True,333.4,Brown's Island,site_circle,True
JR-2021-0037,NFIRS,pre_2023_legacy_low_completeness,2021-07-10,2021-07-10 14:35:00,2021-07-10 14:42:00,2021-07-10 15:44:00,2021,7,Saturday,True,False,True,RFD-05,James River / Richmond,360.0,"Water & ice-related rescue, other",,,"Water/ice rescue, other",working_rescue,Rescue/remove from harm; Provide EMS care,,Tube,Tubing,2,1,0,0,rescued_no_injury,Rapid river rise; Deceptive calm/local gage low but upstream rising,Yes,Unknown,2,8,Synthetic record shaped to older/legacy NFIRS export; lower assumed completeness.,2180.0,-320.0,-160.0,False,False,7.0,69.0,"E05 1400, 2 tubers stuck approx 100 yds upstream of Belle Isle. River rising, local gauge low but upstream up. Both removed from harm, EMS care, no injuries.",37.530741,-77.455404,llm_site,BELLE,1.0,37.530741,-77.455404,landmark_exact,ollama:qwen2.5:14b,True,250.7,Belle Isle,site_circle,True
JR-2021-0002,NFIRS,pre_2023_legacy_low_completeness,2021-07-10,2021-07-10 17:03:00,2021-07-10 17:13:00,2021-07-10 17:57:00,2021,7,Saturday,True,False,True,RFD-RiverOps,James River / Richmond,360.0,"Water & ice-related rescue, other",,,"Water/ice rescue, other",medical_eval,Provide EMS care; Investigate,,Unknown,Unknown recreational activity,2,0,0,0,no_injury,,Yes,Unknown,2,8,Synthetic record shaped to older/legacy NFIRS export; lower assumed completeness.,2180.0,-320.0,-160.0,False,False,10.0,54.0,"Boat 1 1700 med eval 2 pts at Boshers Dam. Unk activity. EMS eval no injuries, investigated.",37.559948,-77.575019,llm_site,BOSH,1.0,37.559948,-77.575019,landmark_exact,ollama:qwen2.5:14b,True,62.1,Bosher Dam,site_circle,True
JR-2021-0060,NFIRS,pre_2023_legacy_low_completeness,2021-07-10,2021-07-10 18:07:00,2021-07-10 18:17:00,2021-07-10 19:01:00,2021,7,Saturday,True,False,True,RFD-01,James River / Richmond,361.0,Swimming/recreational water rescue,,,Swimming/recreational water rescue,good_intent_cancelled,Canceled en route,,Unknown,Unknown recreational activity,1,0,0,0,cancelled_or_no_incident_found,,No,No,1,3,Synthetic record shaped to older/legacy NFIRS export; lower assumed completeness.,2180.0,-320.0,-160.0,False,False,10.0,54.0,E01 1800 belle isl unk activity call canc enrte no inc RTS,37.530741,-77.455404,llm_site,BELLE,1.0,37.530741,-77.455404,landmark_fuzzy,ollama:qwen2.5:14b,True,63.2,Belle Isle,not_mapped,False
JR-2021-0024,NFIRS,pre_2023_legacy_low_completeness,2021-07-10,2021-07-10 18:45:00,2021-07-10 18:55:00,2021-07-10 19:36:00,2021,7,Saturday,True,False,True,RFD-12,James River / Richmond,365.0,Watercraft rescue,,,Watercraft rescue,good_intent_cancelled,Investigate; No incident found,,Raft,Rafting,2,0,0,0,cancelled_or_no_incident_found,No PFD/flotation device,No,No,1,3,Synthetic record shaped to older/legacy NFIRS export; lower assumed completeness.,2180.0,-320.0,-160.0,False,False,10.0,51.0,"E12 1800 check on 2 rafters no PFDs at Bosher Dam. Investigated, no incident found.",37.559948,-77.575019,llm_site,BOSH,1.0,37.559948,-77.575019,landmark_exact,ollama:qwen2.5:14b,True,784.1,Bosher Dam,not_mapped,False
JR-2021-0010,NFIRS,pre_2023_legacy_low_completeness,2021-07-12,2021-07-12 17:18:00,2021-07-12 17:29:00,2021-07-12 18:13:00,2021,7,Monday,False,False,True,RFD-05,James River / Richmond,365.0,Watercraft rescue,,,Watercraft rescue,good_intent_cancelled,Canceled en route,,Motorboat/PWC,Motorboat/PWC,1,0,0,0,cancelled_or_no_incident_found,,Yes,Yes,1,3,Synthetic record shaped to older/legacy NFIRS export; lower assumed completeness.,2170.0,-160.0,-330.0,False,False,11.0,55.0,E05 1700 PWC reported at Pipeline. Canceled en route.,37.531882,-77.434462,llm_site,PIPE,1.0,37.531882,-77.434462,landmark_exact,ollama:qwen2.5:14b,True,576.2,Pipeline Rapids,not_mapped,False
JR-2021-0074,NFIRS,pre_2023_legacy_low_completeness,2021-07-15,2021-07-15 10:20:00,2021-07-15 10:30:00,2021-07-15 10:51:00,2021,7,Thursday,False,False,True,RFD-RiverOps,James River / Richmond,361.0,Swimming/recreational water rescue,,,Swimming/recreational water rescue,medical_eval,Provide EMS care; Investigate,,,Swimming/Wading,3,0,1,0,minor_injury_or_medical_eval,No PFD/flotation device; Alcohol suspected; Inexperience,No,Yes,1,4,Synthetic record shaped to older/legacy NFIRS export; lower assumed completeness.,1890.0,-140.0,-280.0,False,False,10.0,31.0,"Boat 1 1000 3 swimmers at 37.55178, -77.51843, no PFDs, ETOH suspected, inexperienced. EMS eval, 1 minor injury. Investigated.",37.55178,-77.51843,llm_gps,,1.0,37.55178,-77.51843,gps,ollama:qwen2.5:14b,True,0.5,Pony Pasture,precise_point,True
JR-2021-0013,NFIRS,pre_2023_legacy_low_completeness,2021-07-17,2021-07-17 10:20:00,2021-07-17 10:30:00,2021-07-17 11:36:00,2021,7,Saturday,True,False,True,RFD-05,James River / Richmond,361.0,Swimming/recreational water rescue,,,Swimming/recreational water rescue,medical_eval,Provide EMS care; Investigate,Other agency assisted,Paddleboard,Stand-up paddleboard,1,0,0,0,no_injury,No PFD/flotation device; Inexperience,No,No,1,3,Synthetic record shaped to older/legacy NFIRS export; lower assumed completeness.,1840.0,40.0,-190.0,False,False,10.0,76.0,"E05 1000 SUP paddler at 42nd St, no PFD, inexperienced. Med eval, no injury.",37.528301,-77.475311,llm_site,42ND,1.0,37.528301,-77.475311,landmark_exact,ollama:qwen2.5:14b,True,108.5,42nd Street,site_circle,True
JR-2021-0053,NFIRS,pre_2023_legacy_low_completeness,2021-07-17,2021-07-17 15:18:00,2021-07-17 15:24:00,2021-07-17 16:29:00,2021,7,Saturday,True,False,True,RFD-12,James River / Richmond,360.0,"Water & ice-related rescue, other",,,"Water/ice rescue, other",assist_no_rescue,Assist person; Investigate,,,Swimming/Wading,2,0,0,0,assist_no_injury,Submerged obstacle/rocks,Yes,Unknown,2,8,Synthetic record shaped to older/legacy NFIRS export; lower assumed completeness.,1840.0,40.0,-190.0,False,False,6.0,71.0,"E12 1500 caller reported 2 swimmers at Pony Pasture, crew located them on Tredegar side of Canal Walk. Assisted off submerged rocks, investigated. No injuries.",37.533637,-77.445376,llm_site,TRED,1.0,37.552224,-77.517472,landmark_exact,ollama:qwen2.5:14b,True,456.8,Tredegar / Canal Walk,site_circle,True
JR-2021-0049,NFIRS,pre_2023_legacy_low_completeness,2021-07-17,2021-07-17 19:05:00,2021-07-17 19:11:00,2021-07-17 19:42:00,2021,7,Saturday,True,False,True,RFD-01,James River / Richmond,361.0,Swimming/recreational water rescue,,,Swimming/recreational water rescue,medical_eval,Provide EMS care; Investigate,,Kayak,Kayaking,2,0,0,0,no_injury,,Yes,No,1,4,Synthetic record shaped to older/legacy NFIRS export; lower assumed completeness.,1840.0,40.0,-190.0,False,False,6.0,37.0,E01 1900 mayo br 2 kayakers med eval EMS no inj pt ok adv RTS,37.528074,-77.43403,llm_site,MAYO,1.0,,,unplaced,ollama:qwen2.5:14b,True,69.5,Mayo Bridge,site_circle,True
JR-2021-0030,NFIRS,pre_2023_legacy_low_completeness,2021-07-18,2021-07-18 12:42:00,2021-07-18 12:52:00,2021-07-18 14:02:00,2021,7,Sunday,True,False,True,RFD-16,James River / Richmond,365.0,Watercraft rescue,,,Watercraft rescue,good_intent_cancelled,Canceled en route,,Motorboat/PWC,Motorboat/PWC,2,0,0,0,cancelled_or_no_incident_found,No PFD/flotation device,No,No,1,3,Synthetic record shaped to older/legacy NFIRS export; lower assumed completeness.,1850.0,10.0,-40.0,False,False,10.0,80.0,E16 1200 2 on PWC no PFDs at Belle Isle. Canceled en route.,37.530741,-77.455404,llm_site,BELLE,1.0,37.530741,-77.455404,landmark_exact,ollama:qwen2.5:14b,True,138.0,Belle Isle,not_mapped,False
JR-2021-0038,NFIRS,pre_2023_legacy_low_completeness,2021-07-22,2021-07-22 09:50:00,2021-07-22 09:57:00,2021-07-22 10:26:00,2021,7,Thursday,False,False,True,RFD-01,James River / Richmond,360.0,"Water & ice-related rescue, other",,,"Water/ice rescue, other",medical_eval,Provide EMS care; Investigate,,,Swimming/Wading,2,0,1,0,minor_injury_or_medical_eval,None/unknown,Yes,No,1,4,Synthetic record shaped to older/legacy NFIRS export; lower assumed completeness.,1570.0,-10.0,0.0,False,False,7.0,36.0,"E01 0900 2 swimmers med eval, minor injuries. EMS care provided, investigated.",,,unplaced,,0.0,,,unplaced,ollama:qwen2.5:14b,False,,,not_mapped,False
JR-2021-0045,NFIRS,pre_2023_legacy_low_completeness,2021-07-24,2021-07-24 12:20:00,2021-07-24 12:27:00,2021-07-24 13:43:00,2021,7,Saturday,True,False,True,RFD-01,James River / Richmond,365.0,Watercraft rescue,,,Watercraft rescue,good_intent_cancelled,Canceled en route,,Unknown,Unknown recreational activity,2,0,0,0,cancelled_or_no_incident_found,,Unknown,No,2,6,Synthetic record shaped to older/legacy NFIRS export; lower assumed completeness.,1420.0,-80.0,-160.0,False,False,7.0,83.0,"E01 1200 2 people reported at 37.56178, -77.54190. Canceled en route.",37.56178,-77.5419,llm_gps,,0.3,37.56178,-77.5419,gps,ollama:qwen2.5:14b,True,0.5,Huguenot Flatwater,not_mapped,False
JR-2021-0050,NFIRS,pre_2023_legacy_low_completeness,2021-07-24,2021-07-24 16:35:00,2021-07-24 16:42:00,2021-07-24 17:29:00,2021,7,Saturday,True,False,True,RFD-16,James River / Richmond,365.0,Watercraft rescue,,,Watercraft rescue,assist_no_rescue,Search for victim; No rescue needed,,Kayak,Kayaking,1,0,0,0,assist_no_injury,No PFD/flotation device; Inexperience,No,No,1,3,Synthetic record shaped to older/legacy NFIRS export; lower assumed completeness.,1420.0,-80.0,-160.0,False,False,7.0,54.0,"E16 1600 kayaker, no PFD, inexperienced, reported at ///[w3w]. Search conducted, pt located ok. No rescue needed.",,,llm_off_list,///[w3w],0.0,,,w3w_unresolved,ollama:qwen2.5:14b,False,,,not_mapped,False
JR-2021-0011,NFIRS,pre_2023_legacy_low_completeness,2021-07-24,2021-07-24 17:55:00,2021-07-24 18:00:00,2021-07-24 18:55:00,2021,7,Saturday,True,False,True,RFD-01,James River / Richmond,365.0,Watercraft rescue,,,Watercraft rescue,medical_eval,Provide EMS care; Investigate,,Tube,Tubing,2,0,1,0,minor_injury_or_medical_eval,No PFD/flotation device,No,No,1,3,Synthetic record shaped to older/legacy NFIRS export; lower assumed completeness.,1420.0,-80.0,-160.0,False,False,5.0,60.0,"E01 1700 2 tubers at Ancarrow Landing, no PFDs. Med eval, minor injury. Investigated.",37.520293,-77.417614,llm_site,ANC,1.0,37.520293,-77.417614,landmark_exact,ollama:qwen2.5:14b,True,1114.2,Ancarrow's Landing,site_circle,True
JR-2021-0059,NFIRS,pre_2023_legacy_low_completeness,2021-07-24,2021-07-24 22:07:00,2021-07-24 22:15:00,2021-07-24 22:55:00,2021,7,Saturday,True,False,False,RFD-12,James River / Richmond,361.0,Swimming/recreational water rescue,,,Swimming/recreational water rescue,assist_no_rescue,Standby; Provide information to public,,,Swimming/Wading,2,0,0,0,assist_no_injury,Alcohol suspected; Rapid river rise; Deceptive calm/local gage low but upstream rising,Yes,Yes,2,8,Synthetic record shaped to older/legacy NFIRS export; lower assumed completeness.,1420.0,-80.0,-160.0,False,False,8.0,48.0,"E12 at 2200, 2 swimmers in the water off left bank at night, ETOH suspected. Level reading low locally but upstream gauge rising, river coming up fast. Stood by until both out, advised of conditions. No inj.",,,unplaced,,0.0,,,unplaced,ollama:qwen2.5:14b,False,,,not_mapped,False
JR-2021-0007,NFIRS,pre_2023_legacy_low_completeness,2021-07-26,2021-07-26 19:07:00,2021-07-26 19:12:00,2021-07-26 20:05:00,2021,7,Monday,False,False,True,RFD-05,James River / Richmond,361.0,Swimming/recreational water rescue,,,Swimming/recreational water rescue,assist_no_rescue,Assist person; Investigate,,,Swimming/Wading,1,0,0,0,assist_no_injury,Inexperience,Unknown,No,1,3,Synthetic record shaped to older/legacy NFIRS export; lower assumed completeness.,4470.0,3070.0,2970.0,True,False,5.0,58.0,"E05 1900 dispatched to Browns Island for swimmer, crew found pt at the Pipeline catwalk. Assisted, inexperienced swimmer. Investigated, no injury.",37.531882,-77.434462,llm_site,PIPE,1.0,37.532563,-77.441084,landmark_exact,ollama:qwen2.5:14b,True,503.8,Pipeline Rapids,site_circle,True
JR-2021-0029,NFIRS,pre_2023_legacy_low_completeness,2021-07-31,2021-07-31 09:30:00,2021-07-31 09:45:00,2021-07-31 12:09:00,2021,7,Saturday,True,False,True,RFD-01,James River / Richmond,363.0,Swift water rescue,,,Swift water rescue,working_rescue,Rescue/remove from harm; Provide EMS care,,Kayak,Kayaking,1,1,1,0,injury_or_rescue,No PFD/flotation device; Rapid river rise; High water/current,No,No,3,11,Synthetic record shaped to older/legacy NFIRS export; lower assumed completeness.,1940.0,-320.0,-100.0,False,False,15.0,159.0,"E01 0900 kayaker at Browns Island, no PFD, river rising high. Crew removed pt from harm, EMS care. Injury, transported.",37.532563,-77.441084,llm_site,BROWN,1.0,37.532563,-77.441084,landmark_exact,ollama:qwen2.5:14b,True,268.5,Brown's Island,site_circle,True
JR-2021-0033,NFIRS,pre_2023_legacy_low_completeness,2021-07-31,2021-07-31 11:40:00,2021-07-31 11:58:00,2021-07-31 13:54:00,2021,7,Saturday,True,False,True,RFD-01,James River / Richmond,361.0,Swimming/recreational water rescue,,,Swimming/recreational water rescue,working_rescue,Water rescue; Provide EMS care,Mutual aid received,,Swimming/Wading,2,2,0,0,rescued_no_injury,Rapid river rise; High water/current,Unknown,No,4,14,Synthetic record shaped to older/legacy NFIRS export; lower assumed completeness.,1940.0,-320.0,-100.0,False,False,18.0,134.0,"E01 1100 hrs, 2 waders caught when river came up fast, current strong. Water rescue by crew, both pts to EMS for eval. No injuries.",,,unplaced,,0.0,,,unplaced,ollama:qwen2.5:14b,False,,,not_mapped,False
JR-2021-0057,NFIRS,pre_2023_legacy_low_completeness,2021-08-07,2021-08-07 09:07:00,2021-08-07 09:15:00,2021-08-07 10:25:00,2021,8,Saturday,True,False,True,RFD-16,James River / Richmond,365.0,Watercraft rescue,,,Watercraft rescue,good_intent_cancelled,Investigate; No incident found,,Canoe,Canoeing,2,0,0,0,cancelled_or_no_incident_found,,Unknown,No,1,3,Synthetic record shaped to older/legacy NFIRS export; lower assumed completeness.,1950.0,620.0,370.0,False,False,8.0,78.0,"E16 0900 check on 2 canoeists reported at N37.56134 W77.54529. Investigated, no one found in distress. No incident.",37.56134,-77.54529,llm_gps,,0.3,37.56134,-77.54529,gps,ollama:qwen2.5:14b,True,0.4,Huguenot Flatwater,not_mapped,False
JR-2021-0076,NFIRS,pre_2023_legacy_low_completeness,2021-08-12,2021-08-12 19:15:00,2021-08-12 19:20:00,2021-08-12 20:35:00,2021,8,Thursday,False,False,True,RFD-05,James River / Richmond,365.0,Watercraft rescue,,,Watercraft rescue,good_intent_cancelled,Investigate; No incident found,,Canoe,Canoeing,1,0,0,0,cancelled_or_no_incident_found,Rapid river rise; Deceptive calm/local gage low but upstream rising; Submerged obstacle/rocks,Yes,No,2,8,Synthetic record shaped to older/legacy NFIRS export; lower assumed completeness.,1920.0,120.0,-470.0,False,False,5.0,80.0,"Canoeist reported overdue at ///[w3w], gage local low but upstream rising, rocks exposed. E05 investigated 1900, no incident found. Pt home addr 3405 Hanover Ave, confirmed home safe.",37.536022,-77.492077,llm_what3words,,0.3,37.536022,-77.492077,what3words,ollama:qwen2.5:14b,True,0.0,42nd Street,not_mapped,False
JR-2021-0014,NFIRS,pre_2023_legacy_low_completeness,2021-08-14,2021-08-14 09:30:00,2021-08-14 09:45:00,2021-08-14 11:25:00,2021,8,Saturday,True,False,True,RFD-12,James River / Richmond,365.0,Watercraft rescue,,,Watercraft rescue,working_rescue,Search for victim; Rescue/remove from harm,,,Swimming/Wading,2,2,1,0,injury_or_rescue,Rapid river rise; High water/current,Unknown,No,4,18,Synthetic record shaped to older/legacy NFIRS export; lower assumed completeness.,1900.0,160.0,100.0,False,False,15.0,115.0,"E12 0900, 2 swimmers swept by rising water at N37.55866 W77.57027. Searched, pts located and removed from harm. 1 injured, EMS.",37.55866,-77.57027,llm_gps,N37.55866 W77.57027,1.0,37.55866,-77.57027,gps,ollama:qwen2.5:14b,True,0.1,Bosher Dam,precise_point,True
JR-2021-0043,NFIRS,pre_2023_legacy_low_completeness,2021-08-14,2021-08-14 13:30:00,2021-08-14 13:44:00,2021-08-14 16:10:00,2021,8,Saturday,True,False,True,RFD-16,James River / Richmond,363.0,Swift water rescue,,,Swift water rescue,working_rescue,Rescue/remove from harm; Provide EMS care,,,Swimming/Wading,2,1,0,0,rescued_no_injury,,No,No,3,14,Synthetic record shaped to older/legacy NFIRS export; lower assumed completeness.,1900.0,160.0,100.0,False,False,14.0,160.0,"E16 arr 1300, 2 waders stranded on rock mid-channel after misjudging current. Rescued via tethered swimmer, brought to river right bank. EMS eval, no injuries. RTS.",,,unplaced,,0.0,,,unplaced,ollama:qwen2.5:14b,False,,,not_mapped,False
JR-2021-0028,NFIRS,pre_2023_legacy_low_completeness,2021-08-20,2021-08-20 17:12:00,2021-08-20 17:17:00,2021-08-20 17:42:00,2021,8,Friday,False,False,True,RFD-RiverOps,James River / Richmond,365.0,Watercraft rescue,,,Watercraft rescue,assist_no_rescue,Assist person; Investigate,,Motorboat/PWC,Motorboat/PWC,2,0,0,0,assist_no_injury,No PFD/flotation device,No,Unknown,1,3,Synthetic record shaped to older/legacy NFIRS export; lower assumed completeness.,5940.0,930.0,2270.0,False,False,5.0,30.0,"Boat 1 1700 assisted 2 on disabled motorboat in an eddy river left. No PFDs on board. Towed to bank, investigated, occupants uninjured. Advised on PFD law.",,,unplaced,,0.0,,,unplaced,ollama:qwen2.5:14b,False,,,not_mapped,False
JR-2021-0071,NFIRS,pre_2023_legacy_low_completeness,2021-08-21,2021-08-21 19:07:00,2021-08-21 19:18:00,2021-08-21 20:00:00,2021,8,Saturday,True,False,True,RFD-05,James River / Richmond,360.0,"Water & ice-related rescue, other",,,"Water/ice rescue, other",assist_no_rescue,Standby; Provide information to public,,Tube,Tubing,2,0,0,0,assist_no_injury,None/unknown,Yes,No,1,4,Synthetic record shaped to older/legacy NFIRS export; lower assumed completeness.,4640.0,-1300.0,250.0,False,False,11.0,53.0,"E05 1900 dispatched Ancarrows for tubers, nobody there. 2 tubers located at Pony Pasture on the rocks. Standby, river info given. No injury, RTS.",37.552224,-77.517472,llm_site,PONY,1.0,37.552224,-77.517472,landmark_exact,ollama:qwen2.5:14b,True,211.4,Pony Pasture,site_circle,True
JR-2021-0069,NFIRS,pre_2023_legacy_low_completeness,2021-09-06,2021-09-06 16:25:00,2021-09-06 16:32:00,2021-09-06 17:08:00,2021,9,Monday,False,True,True,RFD-01,James River / Richmond,361.0,Swimming/recreational water rescue,,,Swimming/recreational water rescue,assist_no_rescue,Assist person; Investigate,,Tube,Tubing,3,0,0,0,assist_no_injury,None/unknown,Unknown,Unknown,1,3,Synthetic record shaped to older/legacy NFIRS export; lower assumed completeness.,5060.0,-2380.0,-1550.0,False,False,7.0,43.0,"E01 1600, 3 tubers hung up approx 100 yds above Mayo Bridge. Assisted to shore, investigated. All ok.",37.528074,-77.43403,llm_site,MAYO,1.0,37.528074,-77.43403,landmark_exact,ollama:qwen2.5:14b,True,66.7,Mayo Bridge,site_circle,True
JR-2021-0041,NFIRS,pre_2023_legacy_low_completeness,2021-09-11,2021-09-11 12:07:00,2021-09-11 12:18:00,2021-09-11 13:07:00,2021,9,Saturday,True,False,True,RFD-16,James River / Richmond,360.0,"Water & ice-related rescue, other",,,"Water/ice rescue, other",assist_no_rescue,Assist person; Investigate,,Unknown,Unknown recreational activity,1,0,0,0,assist_no_injury,None/unknown,Yes,No,1,3,Synthetic record shaped to older/legacy NFIRS export; lower assumed completeness.,2200.0,-240.0,-1070.0,False,False,11.0,60.0,"E16 1200 assist 1 pt at the Pipeline, unk activity. Investigated, no injury. Pt walked out on own.",37.531882,-77.434462,llm_site,PIPE,1.0,37.531882,-77.434462,landmark_exact,ollama:qwen2.5:14b,True,481.0,Pipeline Rapids,site_circle,True
JR-2021-0031,NFIRS,pre_2023_legacy_low_completeness,2021-09-16,2021-09-16 21:00:00,2021-09-16 21:08:00,2021-09-16 22:01:00,2021,9,Thursday,False,False,False,RFD-12,James River / Richmond,365.0,Watercraft rescue,,,Watercraft rescue,assist_no_rescue,Assist person; Investigate,,Kayak,Kayaking,1,0,0,0,assist_no_injury,Inexperience,Yes,No,2,8,Synthetic record shaped to older/legacy NFIRS export; lower assumed completeness.,1780.0,-10.0,-170.0,False,False,8.0,61.0,"E12 2100 hrs kayaker, inexperienced, unable to get off water near Boshers dam after dark. Assisted pt to bank, investigated. No injury.",37.559948,-77.575019,llm_site,BOSH,1.0,37.559948,-77.575019,landmark_exact,ollama:qwen2.5:14b,True,1451.0,Bosher Dam,site_circle,True
JR-2021-0047,NFIRS,pre_2023_legacy_low_completeness,2021-09-18,2021-09-18 11:50:00,2021-09-18 11:58:00,2021-09-18 13:09:00,2021,9,Saturday,True,False,True,RFD-05,James River / Richmond,363.0,Swift water rescue,,,Swift water rescue,good_intent_cancelled,Canceled en route,,,Swimming/Wading,2,0,0,0,cancelled_or_no_incident_found,Alcohol suspected; Rapid river rise,Unknown,Yes,1,3,Synthetic record shaped to older/legacy NFIRS export; lower assumed completeness.,1770.0,-110.0,-20.0,False,False,8.0,79.0,"E05 1100 dispatched to 2 swimmers at Huguenot flatwater, ETOH suspected, river rising. Canceled en route. RP home addr 1210 Chamberlayne Ave.",37.561655,-77.542582,llm_site,HUG,1.0,37.561655,-77.542582,landmark_exact,ollama:qwen2.5:14b,True,254.3,Huguenot Flatwater,not_mapped,False
JR-2021-0006,NFIRS,pre_2023_legacy_low_completeness,2021-09-25,2021-09-25 09:42:00,2021-09-25 09:47:00,2021-09-25 10:16:00,2021,9,Saturday,True,False,True,RFD-RiverOps,James River / Richmond,365.0,Watercraft rescue,,,Watercraft rescue,good_intent_cancelled,Canceled en route,,Kayak,Kayaking,2,0,0,0,cancelled_or_no_incident_found,No PFD/flotation device,No,No,1,3,Synthetic record shaped to older/legacy NFIRS export; lower assumed completeness.,25700.0,-1400.0,23930.0,False,False,5.0,34.0,"Boat 1 0900, 2 kayakers without PFDs reported. Canceled en route.",,,unplaced,,0.0,,,unplaced,ollama:qwen2.5:14b,False,,,not_mapped,False
JR-2021-0023,NFIRS,pre_2023_legacy_low_completeness,2021-10-10,2021-10-10 18:50:00,2021-10-10 18:55:00,2021-10-10 19:55:00,2021,10,Sunday,True,False,True,RFD-01,James River / Richmond,365.0,Watercraft rescue,,,Watercraft rescue,good_intent_cancelled,Canceled en route,,Kayak,Kayaking,1,0,0,0,cancelled_or_no_incident_found,No PFD/flotation device; Rapid river rise; Deceptive calm/local gage low but upstream rising,No,No,2,8,Synthetic record shaped to older/legacy NFIRS export; lower assumed completeness.,3320.0,-790.0,680.0,False,False,5.0,65.0,"E01 1800 kayaker no PFD, river rising, local gage low w/ upstream rising. Canceled en route by dispatch.",,,unplaced,,0.0,,,unplaced,ollama:qwen2.5:14b,False,,,not_mapped,False
JR-2021-0044,NFIRS,pre_2023_legacy_low_completeness,2021-10-22,2021-10-22 13:50:00,2021-10-22 13:58:00,2021-10-22 15:12:00,2021,10,Friday,False,False,True,RFD-RiverOps,James River / Richmond,361.0,Swimming/recreational water rescue,,,Swimming/recreational water rescue,good_intent_cancelled,Canceled en route,,Kayak,Kayaking,1,0,0,0,cancelled_or_no_incident_found,Alcohol suspected,Yes,Yes,1,4,Synthetic record shaped to older/legacy NFIRS export; lower assumed completeness.,1850.0,-70.0,-280.0,False,False,8.0,82.0,"Boat 1 1300 kayaker reported at Bosher Dam, ETOH suspected. Cancelled en route.",37.559948,-77.575019,llm_site,BOSH,1.0,37.559948,-77.575019,landmark_exact,ollama:qwen2.5:14b,True,1039.5,Bosher Dam,not_mapped,False
JR-2021-0062,NFIRS,pre_2023_legacy_low_completeness,2021-10-31,2021-10-31 18:12:00,2021-10-31 18:17:00,2021-10-31 19:10:00,2021,10,Sunday,True,False,True,RFD-16,James River / Richmond,361.0,Swimming/recreational water rescue,,,Swimming/recreational water rescue,good_intent_cancelled,Canceled en route,,,Swimming/Wading,1,0,0,0,cancelled_or_no_incident_found,Cold water exposure; Submerged obstacle/rocks,Yes,No,2,8,Synthetic record shaped to older/legacy NFIRS export; lower assumed completeness.,9030.0,2670.0,5330.0,True,False,5.0,58.0,"E16 1800 swimmer reported at 37.53046,-77.44194 in cold water near rocks. Canceled en route, pt out on own.",37.53046,-77.44194,llm_gps,,1.0,37.53046,-77.44194,gps,ollama:qwen2.5:14b,True,0.3,Brown's Island,not_mapped,False
JR-2021-0001,NFIRS,pre_2023_legacy_low_completeness,2021-11-06,2021-11-06 16:00:00,2021-11-06 16:13:00,2021-11-06 17:55:00,2021,11,Saturday,True,False,True,RFD-12,James River / Richmond,363.0,Swift water rescue,,,Swift water rescue,working_rescue,Water rescue; Provide EMS care,,Unknown,Unknown recreational activity,1,1,0,0,rescued_no_injury,No PFD/flotation device; Rapid river rise; Cold water exposure; High water/current,No,No,3,11,Synthetic record shaped to older/legacy NFIRS export; lower assumed completeness.,3410.0,-460.0,-1470.0,False,False,13.0,115.0,"E12 1600 Z-Dam pt in water no PFD, high cold current rising quickly. Water rescue performed, EMS care. Pt uninjured.",37.558554,-77.526598,llm_site,ZDAM,1.0,37.558554,-77.526598,landmark_exact,ollama:qwen2.5:14b,True,76.7,Z-Dam Area,site_circle,True
JR-2021-0052,NFIRS,pre_2023_legacy_low_completeness,2021-11-08,2021-11-08 17:10:00,2021-11-08 17:21:00,2021-11-08 18:34:00,2021,11,Monday,False,False,True,RFD-RiverOps,James River / Richmond,363.0,Swift water rescue,,,Swift water rescue,working_rescue,Search for victim; Rescue/remove from harm,,,Swimming/Wading,1,1,1,0,injury_or_rescue,No PFD/flotation device; Cold water exposure,No,No,2,7,Synthetic record shaped to older/legacy NFIRS export; lower assumed completeness.,2910.0,-160.0,-960.0,False,False,11.0,84.0,"Boat 1 1700 swimmer, no PFD, in cold water. Searched, located pt and removed from harm. Injured, EMS.",,,unplaced,,0.0,,,unplaced,ollama:qwen2.5:14b,False,,,not_mapped,False
JR-2021-0067,NFIRS,pre_2023_legacy_low_completeness,2021-11-13,2021-11-13 16:03:00,2021-11-13 16:11:00,2021-11-13 16:59:00,2021,11,Saturday,True,False,True,RFD-RiverOps,James River / Richmond,363.0,Swift water rescue,,,Swift water rescue,assist_no_rescue,Assist person; Investigate,,,Swimming/Wading,1,0,0,0,assist_no_injury,No PFD/flotation device; Rapid river rise; Deceptive calm/local gage low but upstream rising,No,No,2,8,Synthetic record shaped to older/legacy NFIRS export; lower assumed completeness.,2560.0,-10.0,-140.0,False,False,8.0,56.0,"Boat 1 1600 swimmer at ///[w3w], no PFD. River rising though local gage low, upstream coming up. Assisted pt, investigated. No injury.",37.520692,-77.418354,llm_what3words,clover crest ember,1.0,37.520692,-77.418354,what3words,ollama:qwen2.5:14b,True,0.0,Ancarrow's Landing,precise_point,True
JR-2021-0016,NFIRS,pre_2023_legacy_low_completeness,2021-11-20,2021-11-20 13:10:00,2021-11-20 13:17:00,2021-11-20 13:59:00,2021,11,Saturday,True,False,True,RFD-16,James River / Richmond,361.0,Swimming/recreational water rescue,,,Swimming/recreational water rescue,assist_no_rescue,Assist person; Investigate,,Tube,Tubing,2,0,0,0,assist_no_injury,,Unknown,No,1,3,Synthetic record shaped to older/legacy NFIRS export; lower assumed completeness.,3160.0,-180.0,-870.0,False,False,7.0,49.0,"E16 1300 two tubers at Browns Isl requested help. Assisted, investigated. No injuries.",37.532563,-77.441084,llm_site,BROWN,1.0,37.532563,-77.441084,landmark_fuzzy,ollama:qwen2.5:14b,True,333.9,Brown's Island,site_circle,True
JR-2021-0026,NFIRS,pre_2023_legacy_low_completeness,2021-12-11,2021-12-11 12:03:00,2021-12-11 12:12:00,2021-12-11 12:37:00,2021,12,Saturday,True,False,True,RFD-12,James River / Richmond,365.0,Watercraft rescue,,,Watercraft rescue,good_intent_cancelled,Canceled en route,,Kayak,Kayaking,2,0,0,0,cancelled_or_no_incident_found,No PFD/flotation device; Cold water exposure,No,No,1,4,Synthetic record shaped to older/legacy NFIRS export; lower assumed completeness.,2100.0,-20.0,-50.0,False,False,9.0,34.0,"E12 1200 2 kayakers at Belle Isle, no PFDs, cold water. Canceled en route.",37.530741,-77.455404,llm_site,BELLE,1.0,37.530741,-77.455404,landmark_exact,ollama:qwen2.5:14b,True,239.8,Belle Isle,not_mapped,False
JR-2021-0027,NFIRS,pre_2023_legacy_low_completeness,2021-12-25,2021-12-25 12:42:00,2021-12-25 12:49:00,2021-12-25 13:52:00,2021,12,Saturday,True,False,True,RFD-RiverOps,James River / Richmond,361.0,Swimming/recreational water rescue,,,Swimming/recreational water rescue,medical_eval,Provide EMS care; Investigate,,,Swimming/Wading,1,0,1,0,minor_injury_or_medical_eval,,No,No,1,4,Synthetic record shaped to older/legacy NFIRS export; lower assumed completeness.,2090.0,-50.0,-110.0,False,False,7.0,70.0,B1 1200 swmr ///[w3w] med eval EMS minor inj invest pt ok,37.559648,-77.527339,llm_what3words,paddle canyon beacon,1.0,37.559648,-77.527339,what3words,ollama:qwen2.5:14b,True,0.0,Z-Dam Area,precise_point,True
JR-2021-0080,NFIRS,pre_2023_legacy_low_completeness,2021-12-25,2021-12-25 14:07:00,2021-12-25 14:16:00,2021-12-25 15:37:00,2021,12,Saturday,True,False,True,RFD-05,James River / Richmond,365.0,Watercraft rescue,,,Watercraft rescue,good_intent_cancelled,Canceled en route,Mutual aid received,Kayak,Kayaking,1,0,0,0,cancelled_or_no_incident_found,Cold water exposure; Submerged obstacle/rocks,Unknown,No,1,3,Synthetic record shaped to older/legacy NFIRS export; lower assumed completeness.,2090.0,-50.0,-110.0,False,False,9.0,90.0,E05 1400 kayaker reported at BI near rocks in cold water. Canceled en route.,37.530741,-77.455404,llm_site,BELLE,1.0,,,unplaced,ollama:qwen2.5:14b,True,64.0,Belle Isle,not_mapped,False
JR-2022-0043,NFIRS,pre_2023_legacy_low_completeness,2022-01-02,2022-01-02 11:25:00,2022-01-02 11:31:00,2022-01-02 12:15:00,2022,1,Sunday,True,False,True,RFD-16,James River / Richmond,363.0,Swift water rescue,,,Swift water rescue,medical_eval,Provide EMS care; Investigate,,,Fishing from bank/rocks,1,0,1,0,minor_injury_or_medical_eval,,No,No,2,6,Synthetic record shaped to older/legacy NFIRS export; lower assumed completeness.,2740.0,570.0,680.0,False,False,6.0,50.0,"E16 1100 bank fisherman at ///[w3w] slipped on rocks. EMS care, minor injury. Investigated.",37.530082,-77.455359,llm_what3words,marble island,1.0,37.530082,-77.455359,what3words,ollama:qwen2.5:14b,True,0.0,Belle Isle,precise_point,True
JR-2022-0075,NFIRS,pre_2023_legacy_low_completeness,2022-01-08,2022-01-08 14:20:00,2022-01-08 14:26:00,2022-01-08 15:36:00,2022,1,Saturday,True,False,True,RFD-01,James River / Richmond,365.0,Watercraft rescue,,,Watercraft rescue,good_intent_cancelled,Standby,,Kayak,Kayaking,2,0,0,0,cancelled_or_no_incident_found,No PFD/flotation device; Cold water exposure,No,No,1,3,Synthetic record shaped to older/legacy NFIRS export; lower assumed completeness.,7380.0,-1080.0,-3820.0,False,False,6.0,76.0,"E01 1400 standby for 2 kayakers, no PFDs, cold water. Cancelled, no incident.",,,unplaced,,0.0,,,unplaced,ollama:qwen2.5:14b,False,,,not_mapped,False
JR-2022-0036,NFIRS,pre_2023_legacy_low_completeness,2022-01-09,2022-01-09 18:20:00,2022-01-09 18:27:00,2022-01-09 19:40:00,2022,1,Sunday,True,False,True,RFD-16,James River / Richmond,361.0,Swimming/recreational water rescue,,,Swimming/recreational water rescue,good_intent_cancelled,Canceled en route,,Tube,Tubing,3,0,0,0,cancelled_or_no_incident_found,Cold water exposure,Yes,No,1,3,Synthetic record shaped to older/legacy NFIRS export; lower assumed completeness.,6690.0,-690.0,-3410.0,False,False,7.0,80.0,E16 1800 pipeline 3 tubers cold wtr canc enrte RTS,37.531882,-77.434462,llm_site,PIPE,1.0,37.531882,-77.434462,landmark_exact,ollama:qwen2.5:14b,True,467.7,Pipeline Rapids,not_mapped,False
JR-2022-0052,NFIRS,pre_2023_legacy_low_completeness,2022-01-17,2022-01-17 12:12:00,2022-01-17 12:21:00,2022-01-17 13:38:00,2022,1,Monday,False,False,True,RFD-01,James River / Richmond,360.0,"Water & ice-related rescue, other",,,"Water/ice rescue, other",good_intent_cancelled,Investigate; No incident found,Aid given to another agency,Unknown,Unknown recreational activity,1,0,0,0,cancelled_or_no_incident_found,Cold water exposure,Unknown,No,2,8,Synthetic record shaped to older/legacy NFIRS export; lower assumed completeness.,6710.0,770.0,-350.0,False,False,9.0,86.0,"E01 1200 check approx 200 yds below Belle Isle, pt reported in cold water, unk activity. Investigated, no incident found.",37.530741,-77.455404,llm_site,BELLE,0.3,37.530741,-77.455404,landmark_exact,ollama:qwen2.5:14b,True,397.8,Belle Isle,not_mapped,False
JR-2022-0024,NFIRS,pre_2023_legacy_low_completeness,2022-01-24,2022-01-24 16:45:00,2022-01-24 16:54:00,2022-01-24 18:31:00,2022,1,Monday,False,False,True,RFD-12,James River / Richmond,365.0,Watercraft rescue,,,Watercraft rescue,medical_eval,Provide EMS care; Investigate,,,Fishing from bank/rocks,1,0,1,0,minor_injury_or_medical_eval,,Unknown,No,2,6,Synthetic record shaped to older/legacy NFIRS export; lower assumed completeness.,6160.0,200.0,80.0,False,False,9.0,106.0,"E12 1600 bank fisherman minor injury. EMS care, investigated.",,,unplaced,,0.0,,,unplaced,ollama:qwen2.5:14b,False,,,not_mapped,False
JR-2022-0031,NFIRS,pre_2023_legacy_low_completeness,2022-01-29,2022-01-29 14:18:00,2022-01-29 14:26:00,2022-01-29 15:54:00,2022,1,Saturday,True,False,True,RFD-05,James River / Richmond,361.0,Swimming/recreational water rescue,,,Swimming/recreational water rescue,working_rescue,Rescue/remove from harm; Provide EMS care,Mutual aid received,,Swimming/Wading,1,1,0,0,rescued_no_injury,No PFD/flotation device; Rapid river rise; Deceptive calm/local gage low but upstream rising; Cold water exposure,No,No,2,7,Synthetic record shaped to older/legacy NFIRS export; lower assumed completeness.,5030.0,20.0,-240.0,False,False,8.0,96.0,"E05 1400 swimmer at ///[w3w], no PFD, cold water, local gage low but river rising from upstream. Removed from harm, EMS eval, no injury.",37.529479,-77.457602,llm_what3words,///[w3w],1.0,37.529479,-77.457602,what3words,ollama:qwen2.5:14b,True,0.0,Belle Isle,precise_point,True
JR-2022-0088,NFIRS,pre_2023_legacy_low_completeness,2022-02-05,2022-02-05 19:42:00,2022-02-05 19:49:00,2022-02-05 20:37:00,2022,2,Saturday,True,False,False,RFD-12,James River / Richmond,365.0,Watercraft rescue,,,Watercraft rescue,medical_eval,Provide EMS care; Investigate,,Raft,Rafting,1,0,1,0,minor_injury_or_medical_eval,No PFD/flotation device; Cold water exposure,No,No,1,3,Synthetic record shaped to older/legacy NFIRS export; lower assumed completeness.,14100.0,9670.0,10020.0,True,False,7.0,55.0,"E12 1900, rafter at Bosher Dam, no PFD, cold. Med eval, minor injury. Investigated.",37.559948,-77.575019,llm_site,BOSH,1.0,37.559948,-77.575019,landmark_exact,ollama:qwen2.5:14b,True,23.8,Bosher Dam,site_circle,True
JR-2022-0021,NFIRS,pre_2023_legacy_low_completeness,2022-02-06,2022-02-06 14:35:00,2022-02-06 14:45:00,2022-02-06 15:30:00,2022,2,Sunday,True,False,True,RFD-12,James River / Richmond,365.0,Watercraft rescue,,,Watercraft rescue,assist_no_rescue,Refer to proper authority,Mutual aid received,Kayak,Kayaking,1,0,0,0,assist_no_injury,Alcohol suspected; Cold water exposure,Yes,Yes,1,4,Synthetic record shaped to older/legacy NFIRS export; lower assumed completeness.,34900.0,20800.0,30970.0,True,False,10.0,55.0,"E12 1400 Pipeline Rapids kayaker, ETOH suspected, cold. No injury. Referred to police.",37.531882,-77.434462,llm_site,PIPE,1.0,37.531882,-77.434462,landmark_exact,ollama:qwen2.5:14b,True,483.4,Pipeline Rapids,site_circle,True
JR-2022-0085,NFIRS,pre_2023_legacy_low_completeness,2022-02-06,2022-02-06 17:35:00,2022-02-06 17:44:00,2022-02-06 19:32:00,2022,2,Sunday,True,False,True,RFD-12,James River / Richmond,363.0,Swift water rescue,,,Swift water rescue,working_rescue,Rescue/remove from harm; Provide EMS care,Other agency assisted,Tube,Tubing,3,1,0,0,rescued_no_injury,No PFD/flotation device; Rapid river rise; Deceptive calm/local gage low but upstream rising; Cold water exposure,No,No,2,8,Synthetic record shaped to older/legacy NFIRS export; lower assumed completeness.,34900.0,20800.0,30970.0,True,False,9.0,117.0,E12 1700 42nd st 3 tubers no PFDs rvr rising upstrm gage lo cold wtr all 3 removed from harm EMS eval no inj,37.528301,-77.475311,llm_site,42ND,1.0,37.528301,-77.475311,landmark_exact,ollama:qwen2.5:14b,True,313.9,42nd Street,site_circle,True
JR-2022-0069,NFIRS,pre_2023_legacy_low_completeness,2022-02-07,2022-02-07 17:03:00,2022-02-07 17:10:00,2022-02-07 18:50:00,2022,2,Monday,False,False,True,RFD-01,James River / Richmond,365.0,Watercraft rescue,,,Watercraft rescue,good_intent_cancelled,Standby,,,Swimming/Wading,1,0,0,0,cancelled_or_no_incident_found,Rapid river rise; Cold water exposure,Unknown,No,2,6,Synthetic record shaped to older/legacy NFIRS export; lower assumed completeness.,24500.0,-10400.0,20070.0,False,False,7.0,107.0,"E01 1700 37.55190,-77.51893 swmr rvr rising cold wtr stby canc no inc",37.5519,-77.51893,llm_gps,,0.3,37.5519,-77.51893,gps,ollama:qwen2.5:14b,True,0.6,Pony Pasture,not_mapped,False
JR-2022-0027,NFIRS,pre_2023_legacy_low_completeness,2022-02-08,2022-02-08 06:50:00,2022-02-08 06:57:00,2022-02-08 08:10:00,2022,2,Tuesday,False,False,False,RFD-12,James River / Richmond,365.0,Watercraft rescue,,,Watercraft rescue,medical_eval,Provide EMS care; Investigate,,Paddleboard,Stand-up paddleboard,3,0,1,0,minor_injury_or_medical_eval,No PFD/flotation device; Rapid river rise; Deceptive calm/local gage low but upstream rising; Cold water exposure,No,No,2,6,Synthetic record shaped to older/legacy NFIRS export; lower assumed completeness.,16600.0,-7900.0,2500.0,False,False,7.0,80.0,"0600 Engine 12, 3 paddleboarders came off boards mid-channel in cold water, none wearing PFD. Local gauge low but upstream rising, river climbing fast. Pts reached right bank; EMS eval for cold exposure, 1 minor injury. Investigated.",,,unplaced,,0.0,,,unplaced,ollama:qwen2.5:14b,False,,,not_mapped,False
JR-2022-0070,NFIRS,pre_2023_legacy_low_completeness,2022-04-23,2022-04-23 21:55:00,2022-04-23 22:02:00,2022-04-23 22:25:00,2022,4,Saturday,True,False,False,RFD-01,James River / Richmond,365.0,Watercraft rescue,,,Watercraft rescue,assist_no_rescue,Refer to proper authority,,Kayak,Kayaking,1,0,0,0,assist_no_injury,Alcohol suspected,Unknown,Yes,1,3,Synthetic record shaped to older/legacy NFIRS export; lower assumed completeness.,7620.0,-570.0,-910.0,False,False,7.0,30.0,"E01 2100 kayaker at the Pipeline, ETOH suspected. Referred to police.",37.531882,-77.434462,llm_site,PIPE,1.0,37.531882,-77.434462,landmark_exact,ollama:qwen2.5:14b,True,436.5,Pipeline Rapids,site_circle,True
JR-2022-0051,NFIRS,pre_2023_legacy_low_completeness,2022-05-07,2022-05-07 15:07:00,2022-05-07 15:14:00,2022-05-07 15:55:00,2022,5,Saturday,True,False,True,RFD-16,James River / Richmond,360.0,"Water & ice-related rescue, other",,,"Water/ice rescue, other",assist_no_rescue,Standby; Provide information to public,Mutual aid received,,Swimming/Wading,1,0,0,0,assist_no_injury,No PFD/flotation device; Alcohol suspected,No,Yes,2,8,Synthetic record shaped to older/legacy NFIRS export; lower assumed completeness.,5350.0,1030.0,980.0,False,False,7.0,48.0,"E16 1500 Mayo Br, swimmer no PFD, ETOH suspected. Standby, info given on river hazards.",37.528074,-77.43403,llm_site,MAYO,1.0,,,unplaced,ollama:qwen2.5:14b,True,714.1,Mayo Bridge,site_circle,True
JR-2022-0056,NFIRS,pre_2023_legacy_low_completeness,2022-05-07,2022-05-07 17:40:00,2022-05-07 17:54:00,2022-05-07 19:47:00,2022,5,Saturday,True,False,True,RFD-RiverOps,James River / Richmond,365.0,Watercraft rescue,,,Watercraft rescue,fatality_recovery,Search for victim; Recover body/body parts; Provide EMS care,,,Swimming/Wading,1,0,0,1,fatality,Rapid river rise; High water/current,Yes,No,4,14,Synthetic record shaped to older/legacy NFIRS export; lower assumed completeness.,5350.0,1030.0,980.0,False,False,14.0,127.0,"Boat 1 1700 swimmer reported down at Pony Pasture, high fast water rising. Search conducted, body recovered. EMS on scene. Fatality.",37.552224,-77.517472,llm_site,PONY,1.0,37.552224,-77.517472,landmark_exact,ollama:qwen2.5:14b,True,44.5,Pony Pasture,site_circle,True
JR-2022-0045,NFIRS,pre_2023_legacy_low_completeness,2022-05-21,2022-05-21 09:03:00,2022-05-21 09:09:00,2022-05-21 09:50:00,2022,5,Saturday,True,False,True,RFD-01,James River / Richmond,365.0,Watercraft rescue,,,Watercraft rescue,assist_no_rescue,Search for victim; No rescue needed,,Raft,Rafting,1,0,0,0,assist_no_injury,Inexperience,Unknown,No,1,4,Synthetic record shaped to older/legacy NFIRS export; lower assumed completeness.,5040.0,-640.0,-2160.0,False,False,6.0,47.0,"E01 0900 search for inexperienced rafter. Pt located, no rescue needed.",,,unplaced,,0.0,,,unplaced,ollama:qwen2.5:14b,False,,,not_mapped,False
JR-2022-0018,NFIRS,pre_2023_legacy_low_completeness,2022-05-23,2022-05-23 19:25:00,2022-05-23 19:31:00,2022-05-23 20:16:00,2022,5,Monday,False,False,True,RFD-12,James River / Richmond,361.0,Swimming/recreational water rescue,,,Swimming/recreational water rescue,assist_no_rescue,Refer to proper authority,,,Fishing from bank/rocks,2,0,0,0,assist_no_injury,No PFD/flotation device,No,No,1,4,Synthetic record shaped to older/legacy NFIRS export; lower assumed completeness.,4160.0,-410.0,-1520.0,False,False,6.0,51.0,"E12 1900 caller said Reedy Creek, 2 bank fishermen no PFDs found at ///[w3w]. No injuries. Referred to proper authority.",37.532695,-77.448475,llm_what3words,REEDY,1.0,37.532695,-77.448475,what3words,ollama:qwen2.5:14b,True,0.0,Tredegar / Canal Walk,precise_point,True
JR-2022-0062,NFIRS,pre_2023_legacy_low_completeness,2022-05-28,2022-05-28 13:40:00,2022-05-28 13:47:00,2022-05-28 14:35:00,2022,5,Saturday,True,True,True,RFD-12,James River / Richmond,361.0,Swimming/recreational water rescue,,,Swimming/recreational water rescue,assist_no_rescue,Assist person; Investigate,Mutual aid received,,Swimming/Wading,3,0,0,0,assist_no_injury,No PFD/flotation device; Alcohol suspected,No,Yes,1,4,Synthetic record shaped to older/legacy NFIRS export; lower assumed completeness.,18500.0,5400.0,10120.0,True,False,7.0,55.0,"E12 1300 3 swimmers, no PFDs, ETOH suspected. Assisted, investigated. No injuries.",,,unplaced,,0.0,,,unplaced,ollama:qwen2.5:14b,False,,,not_mapped,False
JR-2022-0057,NFIRS,pre_2023_legacy_low_completeness,2022-05-30,2022-05-30 15:12:00,2022-05-30 15:17:00,2022-05-30 15:57:00,2022,5,Monday,False,True,True,RFD-05,James River / Richmond,360.0,"Water & ice-related rescue, other",,,"Water/ice rescue, other",good_intent_cancelled,Investigate; No incident found,,Paddleboard,Stand-up paddleboard,1,0,0,0,cancelled_or_no_incident_found,,No,No,1,4,Synthetic record shaped to older/legacy NFIRS export; lower assumed completeness.,24200.0,-5200.0,11100.0,False,False,5.0,45.0,"E05 investigated 1500 report of SUP in trouble off river left. Searched bank and channel, nothing found. No incident. RTS.",,,unplaced,,0.0,,,unplaced,ollama:qwen2.5:14b,False,,,not_mapped,False
JR-2022-0009,NFIRS,pre_2023_legacy_low_completeness,2022-06-02,2022-06-02 19:05:00,2022-06-02 19:11:00,2022-06-02 20:34:00,2022,6,Thursday,False,False,True,RFD-01,James River / Richmond,360.0,"Water & ice-related rescue, other",,,"Water/ice rescue, other",assist_no_rescue,Assist person; Investigate,Mutual aid received,Canoe,Canoeing,1,0,0,0,assist_no_injury,None/unknown,Unknown,Unknown,1,3,Synthetic record shaped to older/legacy NFIRS export; lower assumed completeness.,9790.0,-2610.0,-14410.0,False,False,6.0,89.0,"E01 1900 dispatched to Pipeline for canoeist, pt was at 42nd St. Assisted and investigated. No injury.",37.528301,-77.475311,llm_site,42ND,1.0,37.531882,-77.434462,landmark_exact,ollama:qwen2.5:14b,True,844.1,42nd Street,site_circle,True
JR-2022-0044,NFIRS,pre_2023_legacy_low_completeness,2022-06-02,2022-06-02 19:18:00,2022-06-02 19:23:00,2022-06-02 19:48:00,2022,6,Thursday,False,False,True,RFD-RiverOps,James River / Richmond,365.0,Watercraft rescue,,,Watercraft rescue,assist_no_rescue,Assist person; Investigate,,,Fishing from bank/rocks,2,0,0,0,assist_no_injury,No PFD/flotation device; Submerged obstacle/rocks,No,No,1,3,Synthetic record shaped to older/legacy NFIRS export; lower assumed completeness.,9790.0,-2610.0,-14410.0,False,False,5.0,30.0,"Boat 1 1900, 2 fishing from rocks on right bank, 1 slipped into water between submerged rocks. No PFDs. Assisted pt back up onto rocks, investigated. No inj.",,,llm_off_list,rocks on right bank,0.0,,,unplaced,ollama:qwen2.5:14b,False,,,not_mapped,False
JR-2022-0025,NFIRS,pre_2023_legacy_low_completeness,2022-06-11,2022-06-11 18:12:00,2022-06-11 18:22:00,2022-06-11 19:35:00,2022,6,Saturday,True,False,True,RFD-16,James River / Richmond,365.0,Watercraft rescue,,,Watercraft rescue,medical_eval,Provide EMS care; Investigate,Mutual aid received,Motorboat/PWC,Motorboat/PWC,2,0,1,0,minor_injury_or_medical_eval,Rapid river rise,Unknown,No,3,12,Synthetic record shaped to older/legacy NFIRS export; lower assumed completeness.,4070.0,-190.0,-190.0,False,False,10.0,83.0,"E16 1800 PWC 2 pts 37.53207, -77.44817 rvr rising med eval EMS minor inj invest",37.53207,-77.44817,llm_gps,,1.0,37.53207,-77.44817,gps,ollama:qwen2.5:14b,True,0.7,Tredegar / Canal Walk,precise_point,True
JR-2022-0008,NFIRS,pre_2023_legacy_low_completeness,2022-06-14,2022-06-14 08:15:00,2022-06-14 08:24:00,2022-06-14 09:06:00,2022,6,Tuesday,False,False,True,RFD-01,James River / Richmond,361.0,Swimming/recreational water rescue,,,Swimming/recreational water rescue,good_intent_cancelled,Canceled en route,,Tube,Tubing,2,0,0,0,cancelled_or_no_incident_found,No PFD/flotation device,No,No,1,4,Synthetic record shaped to older/legacy NFIRS export; lower assumed completeness.,6360.0,-2910.0,2290.0,False,False,9.0,51.0,"E01 0800 2 tubers, no PFDs, at ///[w3w]. Canceled en route. Home addr 2901 Fendall Ave.",37.528192,-77.476085,llm_what3words,lantern fable glacier,1.0,37.528192,-77.476085,what3words,ollama:qwen2.5:14b,True,0.0,42nd Street,not_mapped,False
JR-2022-0053,NFIRS,pre_2023_legacy_low_completeness,2022-06-15,2022-06-15 11:55:00,2022-06-15 12:01:00,2022-06-15 13:13:00,2022,6,Wednesday,False,False,True,RFD-01,James River / Richmond,365.0,Watercraft rescue,,,Watercraft rescue,assist_no_rescue,Assist person; Investigate,,Paddleboard,Stand-up paddleboard,2,0,0,0,assist_no_injury,No PFD/flotation device,No,No,1,3,Synthetic record shaped to older/legacy NFIRS export; lower assumed completeness.,4740.0,-1620.0,-280.0,False,False,6.0,78.0,"E01 1100 dispatched to Pipeline, 2 SUP paddlers no PFDs. On arrival found at Pony Pasture. Assisted and investigated. No injury.",37.552224,-77.517472,llm_site,PONY,1.0,37.552224,-77.517472,landmark_exact,ollama:qwen2.5:14b,True,191.2,Pony Pasture,site_circle,True
JR-2022-0067,NFIRS,pre_2023_legacy_low_completeness,2022-06-16,2022-06-16 12:30:00,2022-06-16 12:36:00,2022-06-16 13:41:00,2022,6,Thursday,False,False,True,RFD-12,James River / Richmond,361.0,Swimming/recreational water rescue,,,Swimming/recreational water rescue,medical_eval,Provide EMS care; Investigate,,Tube,Tubing,4,0,1,0,minor_injury_or_medical_eval,None/unknown,Yes,Unknown,1,3,Synthetic record shaped to older/legacy NFIRS export; lower assumed completeness.,4050.0,-690.0,-5220.0,False,False,6.0,71.0,"E12 1200 med eval 4 tubers at 37.52792,-77.47154. EMS, minor injury. Home addr 3212 Kensington Ave. Investigated.",37.52792,-77.47154,llm_gps,,0.3,37.52792,-77.47154,gps,ollama:qwen2.5:14b,True,0.6,Reedy Creek,precise_point,True
JR-2022-0076,NFIRS,pre_2023_legacy_low_completeness,2022-06-18,2022-06-18 09:20:00,2022-06-18 09:28:00,2022-06-18 10:32:00,2022,6,Saturday,True,False,True,RFD-16,James River / Richmond,361.0,Swimming/recreational water rescue,,,Swimming/recreational water rescue,assist_no_rescue,Assist person; Investigate,Mutual aid received,Unknown,Unknown recreational activity,1,0,0,0,assist_no_injury,Inexperience,Unknown,No,2,8,Synthetic record shaped to older/legacy NFIRS export; lower assumed completeness.,4320.0,240.0,-420.0,False,False,8.0,72.0,"E16 0900 assist pt approx 150 yds across from 42nd Street access, inexperienced. Investigated, no injury.",37.528301,-77.475311,llm_site,42ND,1.0,37.528301,-77.475311,landmark_exact,ollama:qwen2.5:14b,True,2001.0,42nd Street,site_circle,True
JR-2022-0071,NFIRS,pre_2023_legacy_low_completeness,2022-06-18,2022-06-18 14:40:00,2022-06-18 14:51:00,2022-06-18 15:50:00,2022,6,Saturday,True,False,True,RFD-12,James River / Richmond,365.0,Watercraft rescue,,,Watercraft rescue,good_intent_cancelled,Investigate; No incident found,Mutual aid received,Paddleboard,Stand-up paddleboard,1,0,0,0,cancelled_or_no_incident_found,None/unknown,Yes,No,1,4,Synthetic record shaped to older/legacy NFIRS export; lower assumed completeness.,4320.0,240.0,-420.0,False,False,11.0,70.0,"E12 1400 call came in as Ancarrows, SUP. Crew checked Belle Isle, where caller had seen board. Investigated, no incident found.",37.520293,-77.417614,llm_site,ANC,1.0,37.530741,-77.455404,landmark_exact,ollama:qwen2.5:14b,True,3723.3,Ancarrow's Landing,not_mapped,False
JR-2022-0004,NFIRS,pre_2023_legacy_low_completeness,2022-06-19,2022-06-19 13:30:00,2022-06-19 13:37:00,2022-06-19 14:02:00,2022,6,Sunday,True,False,True,RFD-RiverOps,James River / Richmond,360.0,"Water & ice-related rescue, other",,,"Water/ice rescue, other",assist_no_rescue,Standby; Provide information to public,,Unknown,Unknown recreational activity,1,0,0,0,assist_no_injury,No PFD/flotation device,No,No,1,3,Synthetic record shaped to older/legacy NFIRS export; lower assumed completeness.,3360.0,-960.0,-690.0,False,False,7.0,32.0,"Boat 1 1300 standby at ///[w3w], pt no PFD. River info provided.",37.520564,-77.418167,llm_what3words,///[w3w],1.0,37.520564,-77.418167,what3words,ollama:qwen2.5:14b,True,0.0,Ancarrow's Landing,precise_point,True
JR-2022-0035,NFIRS,pre_2023_legacy_low_completeness,2022-06-25,2022-06-25 12:00:00,2022-06-25 12:10:00,2022-06-25 12:44:00,2022,6,Saturday,True,False,True,RFD-16,James River / Richmond,365.0,Watercraft rescue,,,Watercraft rescue,good_intent_cancelled,Canceled en route,,Kayak,Kayaking,2,0,0,0,cancelled_or_no_incident_found,No PFD/flotation device,No,No,1,3,Synthetic record shaped to older/legacy NFIRS export; lower assumed completeness.,4400.0,-1900.0,1670.0,False,False,10.0,44.0,E16 1200 2 kayakers no PFDs. Canceled en route.,,,unplaced,,0.0,,,unplaced,ollama:qwen2.5:14b,False,,,not_mapped,False
JR-2022-0016,NFIRS,pre_2023_legacy_low_completeness,2022-06-30,2022-06-30 19:42:00,2022-06-30 19:53:00,2022-06-30 21:10:00,2022,6,Thursday,False,False,True,RFD-RiverOps,James River / Richmond,363.0,Swift water rescue,,,Swift water rescue,good_intent_cancelled,Investigate; No incident found,,Tube,Tubing,1,0,0,0,cancelled_or_no_incident_found,No PFD/flotation device; Rapid river rise; Inexperience; Submerged obstacle/rocks,No,No,2,8,Synthetic record shaped to older/legacy NFIRS export; lower assumed completeness.,2640.0,-620.0,-210.0,False,False,11.0,88.0,"Boat 1 1900 tuber reported, no PFD, inexperienced, river rising, submerged rocks. Investigated, no incident found.",,,unplaced,,0.0,,,unplaced,ollama:qwen2.5:14b,False,,,not_mapped,False
JR-2022-0054,NFIRS,pre_2023_legacy_low_completeness,2022-07-02,2022-07-02 12:55:00,2022-07-02 13:01:00,2022-07-02 13:32:00,2022,7,Saturday,True,True,True,RFD-16,James River / Richmond,365.0,Watercraft rescue,,,Watercraft rescue,medical_eval,Provide EMS care; Investigate,Other agency assisted,Kayak,Kayaking,1,0,1,0,minor_injury_or_medical_eval,,No,No,1,4,Synthetic record shaped to older/legacy NFIRS export; lower assumed completeness.,2110.0,-240.0,-1150.0,False,False,6.0,37.0,E16 1200 kayaker med eval at Pony Pasture. EMS minor injury. Investigated.,37.552224,-77.517472,llm_site,PONY,1.0,37.552224,-77.517472,landmark_exact,ollama:qwen2.5:14b,True,313.5,Pony Pasture,site_circle,True
JR-2022-0064,NFIRS,pre_2023_legacy_low_completeness,2022-07-02,2022-07-02 13:40:00,2022-07-02 13:48:00,2022-07-02 15:06:00,2022,7,Saturday,True,True,True,RFD-RiverOps,James River / Richmond,365.0,Watercraft rescue,,,Watercraft rescue,assist_no_rescue,Standby; Provide information to public,,Tube,Tubing,1,0,0,0,assist_no_injury,Alcohol suspected; Rapid river rise,Yes,Yes,2,8,Synthetic record shaped to older/legacy NFIRS export; lower assumed completeness.,2110.0,-240.0,-1150.0,False,False,8.0,86.0,"Boat 1 1300 tuber at ///[w3w], ETOH suspected, river rising. Standby, info provided. Pt home addr 4012 Brook Rd.",37.551578,-77.517169,llm_what3words,river heron bank,1.0,37.551578,-77.517169,what3words,ollama:qwen2.5:14b,True,0.0,Pony Pasture,precise_point,True
JR-2022-0072,NFIRS,pre_2023_legacy_low_completeness,2022-07-02,2022-07-02 19:50:00,2022-07-02 19:55:00,2022-07-02 21:17:00,2022,7,Saturday,True,True,True,RFD-16,James River / Richmond,365.0,Watercraft rescue,,,Watercraft rescue,good_intent_cancelled,Investigate; No incident found,,Kayak,Kayaking,1,0,0,0,cancelled_or_no_incident_found,None/unknown,Unknown,No,1,3,Synthetic record shaped to older/legacy NFIRS export; lower assumed completeness.,2110.0,-240.0,-1150.0,False,False,5.0,87.0,"E16 1900 kayaker reported at Mayo Bridge. Investigated, no incident found.",,,unplaced,,0.0,37.528074,-77.43403,landmark_exact,ollama:qwen2.5:14b,False,,,not_mapped,False
JR-2022-0002,NFIRS,pre_2023_legacy_low_completeness,2022-07-06,2022-07-06 13:07:00,2022-07-06 13:19:00,2022-07-06 14:00:00,2022,7,Wednesday,False,True,True,RFD-16,James River / Richmond,361.0,Swimming/recreational water rescue,,,Swimming/recreational water rescue,good_intent_cancelled,Canceled en route,,Kayak,Kayaking,3,0,0,0,cancelled_or_no_incident_found,No PFD/flotation device,No,Unknown,1,4,Synthetic record shaped to older/legacy NFIRS export; lower assumed completeness.,1930.0,-190.0,-100.0,False,False,12.0,53.0,E16 1300 3 kayakers no PFDs. Canceled en route.,,,unplaced,,0.0,,,unplaced,ollama:qwen2.5:14b,False,,,not_mapped,False
JR-2022-0079,NFIRS,pre_2023_legacy_low_completeness,2022-07-07,2022-07-07 14:07:00,2022-07-07 14:16:00,2022-07-07 15:11:00,2022,7,Thursday,False,True,True,RFD-12,James River / Richmond,365.0,Watercraft rescue,,,Watercraft rescue,medical_eval,Provide EMS care; Investigate,,Raft,Rafting,2,0,1,0,minor_injury_or_medical_eval,Alcohol suspected,Yes,Yes,1,4,Synthetic record shaped to older/legacy NFIRS export; lower assumed completeness.,1900.0,-30.0,-70.0,False,False,9.0,64.0,"E12 1400 2 rafters, ETOH suspected. Med eval, minor injury. Investigated.",,,unplaced,,0.0,,,unplaced,ollama:qwen2.5:14b,False,,,not_mapped,False
JR-2022-0082,NFIRS,pre_2023_legacy_low_completeness,2022-07-09,2022-07-09 17:45:00,2022-07-09 17:56:00,2022-07-09 18:54:00,2022,7,Saturday,True,False,True,RFD-16,James River / Richmond,361.0,Swimming/recreational water rescue,,,Swimming/recreational water rescue,assist_no_rescue,Search for victim; No rescue needed,,Unknown,Unknown recreational activity,1,0,0,0,assist_no_injury,No PFD/flotation device,No,No,2,6,Synthetic record shaped to older/legacy NFIRS export; lower assumed completeness.,3110.0,1000.0,1180.0,False,False,11.0,69.0,"E16 1700 search for pt reported missing at Belle Isle, no PFD. Pt located, no rescue needed.",37.530741,-77.455404,llm_site,BELLE,1.0,37.530741,-77.455404,landmark_exact,ollama:qwen2.5:14b,True,133.6,Belle Isle,site_circle,True
JR-2022-0087,NFIRS,pre_2023_legacy_low_completeness,2022-07-10,2022-07-10 10:10:00,2022-07-10 10:21:00,2022-07-10 11:35:00,2022,7,Sunday,True,False,True,RFD-05,James River / Richmond,363.0,Swift water rescue,,,Swift water rescue,working_rescue,Rescue/remove from harm; Provide EMS care,,Tube,Tubing,1,1,0,0,rescued_no_injury,No PFD/flotation device; Alcohol suspected; Rapid river rise,No,Yes,2,7,Synthetic record shaped to older/legacy NFIRS export; lower assumed completeness.,3660.0,550.0,1760.0,False,False,11.0,85.0,"E05 1000 tuber at 37.53129, -77.48236, no PFD, ETOH suspected, river rising. Removed from harm, EMS eval, no injury.",37.53129,-77.48236,llm_gps,,1.0,37.53129,-77.48236,gps,ollama:qwen2.5:14b,True,0.3,42nd Street,precise_point,True
JR-2022-0046,NFIRS,pre_2023_legacy_low_completeness,2022-07-13,2022-07-13 14:30:00,2022-07-13 14:41:00,2022-07-13 15:42:00,2022,7,Wednesday,False,False,True,RFD-12,James River / Richmond,365.0,Watercraft rescue,,,Watercraft rescue,good_intent_cancelled,Standby,,Tube,Tubing,3,0,0,0,cancelled_or_no_incident_found,Inexperience,Unknown,No,1,4,Synthetic record shaped to older/legacy NFIRS export; lower assumed completeness.,2350.0,-300.0,-1310.0,False,False,11.0,72.0,"E12 1400 3 inexperienced tubers at ///[w3w]. Standby, cancelled.",,,llm_off_list,basin islands ripple,0.0,,,w3w_off_river,ollama:qwen2.5:14b,False,,,not_mapped,False
JR-2022-0032,NFIRS,pre_2023_legacy_low_completeness,2022-07-14,2022-07-14 17:42:00,2022-07-14 17:47:00,2022-07-14 19:16:00,2022,7,Thursday,False,False,True,RFD-16,James River / Richmond,361.0,Swimming/recreational water rescue,,,Swimming/recreational water rescue,assist_no_rescue,Assist person; Investigate,,,Swimming/Wading,1,0,0,0,assist_no_injury,None/unknown,Unknown,No,2,6,Synthetic record shaped to older/legacy NFIRS export; lower assumed completeness.,2190.0,-160.0,-1120.0,False,False,5.0,94.0,"E16 1700 swimmer at Pipeline. Assisted, investigated. No injury.",37.531882,-77.434462,llm_site,PIPE,1.0,37.531882,-77.434462,landmark_exact,ollama:qwen2.5:14b,True,494.6,Pipeline Rapids,site_circle,True
JR-2022-0059,NFIRS,pre_2023_legacy_low_completeness,2022-07-16,2022-07-16 12:45:00,2022-07-16 12:52:00,2022-07-16 13:51:00,2022,7,Saturday,True,False,True,RFD-16,James River / Richmond,361.0,Swimming/recreational water rescue,,,Swimming/recreational water rescue,assist_no_rescue,Assist person; Investigate,,Tube,Tubing,3,0,0,0,assist_no_injury,No PFD/flotation device; Submerged obstacle/rocks,No,No,1,4,Synthetic record shaped to older/legacy NFIRS export; lower assumed completeness.,2360.0,210.0,10.0,False,False,7.0,66.0,"Engine 16 at 1200 for 3 tubers hung on submerged rock river left, no PFDs. Crew assisted them to bank, investigated. All uninjured, tubes recovered.",,,unplaced,,0.0,,,unplaced,ollama:qwen2.5:14b,False,,,not_mapped,False
JR-2022-0047,NFIRS,pre_2023_legacy_low_completeness,2022-07-16,2022-07-16 13:05:00,2022-07-16 13:15:00,2022-07-16 14:23:00,2022,7,Saturday,True,False,True,RFD-01,James River / Richmond,361.0,Swimming/recreational water rescue,,,Swimming/recreational water rescue,medical_eval,Provide EMS care; Investigate,,,Fishing from bank/rocks,2,0,1,0,minor_injury_or_medical_eval,,Yes,No,1,3,Synthetic record shaped to older/legacy NFIRS export; lower assumed completeness.,2360.0,210.0,10.0,False,False,10.0,78.0,"E01 1300 2 fishermen on rocks at ///[w3w], 1 slipped. EMS care for minor injury, investigated.",37.529507,-77.45782,llm_what3words,copper velvet meadow,1.0,37.529507,-77.45782,what3words,ollama:qwen2.5:14b,True,0.0,Belle Isle,precise_point,True
JR-2022-0061,NFIRS,pre_2023_legacy_low_completeness,2022-07-16,2022-07-16 19:42:00,2022-07-16 19:57:00,2022-07-16 21:38:00,2022,7,Saturday,True,False,True,RFD-01,James River / Richmond,363.0,Swift water rescue,,,Swift water rescue,working_rescue,Search for victim; Rescue/remove from harm,,Tube,Tubing,2,2,0,0,rescued_no_injury,,No,No,3,11,Synthetic record shaped to older/legacy NFIRS export; lower assumed completeness.,2360.0,210.0,10.0,False,False,15.0,116.0,"E01 1900 searched for 2 tubers separated from group. Located clinging to rock mid-channel, removed from harm by rope team to left bank. No injuries.",37.530741,-77.455404,llm_site,BELLE,1.0,,,unplaced,ollama:qwen2.5:14b,True,1673.7,Belle Isle,site_circle,True
JR-2022-0014,NFIRS,pre_2023_legacy_low_completeness,2022-07-17,2022-07-17 08:45:00,2022-07-17 08:58:00,2022-07-17 11:18:00,2022,7,Sunday,True,False,True,RFD-12,James River / Richmond,365.0,Watercraft rescue,,,Watercraft rescue,fatality_recovery,Search for victim; Recover body/body parts; Provide EMS care,,Kayak,Kayaking,2,1,1,1,fatality,No PFD/flotation device; Rapid river rise; High water/current,No,Unknown,4,14,Synthetic record shaped to older/legacy NFIRS export; lower assumed completeness.,2350.0,-10.0,160.0,False,False,13.0,153.0,"E12 0800 kayak overturned in high fast water, 2 pts, no PFDs. Search ops, 1 recovered at ///[w3w]. EMS on scene, fatality. River rose rapidly overnight.",37.552113,-77.518798,llm_what3words,cobalt stone meadow,1.0,37.552113,-77.518798,what3words,ollama:qwen2.5:14b,True,0.0,Pony Pasture,precise_point,True
JR-2022-0083,NFIRS,pre_2023_legacy_low_completeness,2022-07-19,2022-07-19 15:00:00,2022-07-19 15:09:00,2022-07-19 16:05:00,2022,7,Tuesday,False,False,True,RFD-05,James River / Richmond,361.0,Swimming/recreational water rescue,,,Swimming/recreational water rescue,good_intent_cancelled,Canceled en route,,Unknown,Unknown recreational activity,1,0,0,0,cancelled_or_no_incident_found,No PFD/flotation device,No,No,1,4,Synthetic record shaped to older/legacy NFIRS export; lower assumed completeness.,2290.0,270.0,-70.0,False,False,9.0,65.0,E05 1500 bell isle 1 pt no PFD unk activ canc enrte,37.530741,-77.455404,llm_site,BELLE,1.0,37.530741,-77.455404,landmark_exact,ollama:qwen2.5:14b,True,52.0,Belle Isle,not_mapped,False
JR-2022-0029,NFIRS,pre_2023_legacy_low_completeness,2022-07-23,2022-07-23 11:40:00,2022-07-23 11:58:00,2022-07-23 14:34:00,2022,7,Saturday,True,False,True,RFD-RiverOps,James River / Richmond,365.0,Watercraft rescue,,,Watercraft rescue,working_rescue,Water rescue; Provide EMS care,Other agency assisted,Kayak,Kayaking,2,2,0,0,rescued_no_injury,No PFD/flotation device; Rapid river rise; High water/current,No,No,3,14,Synthetic record shaped to older/legacy NFIRS export; lower assumed completeness.,1770.0,-230.0,-650.0,False,False,18.0,174.0,"Boat 1 1100 2 kayakers flipped off 42nd St, no PFDs, river up and rising. Water rescue, EMS eval, no injuries. Pt home addr 2507 Barton Ave.",37.528301,-77.475311,llm_site,42ND,1.0,37.528301,-77.475311,landmark_exact,ollama:qwen2.5:14b,True,121.0,42nd Street,site_circle,True
JR-2022-0074,NFIRS,pre_2023_legacy_low_completeness,2022-07-23,2022-07-23 16:35:00,2022-07-23 16:42:00,2022-07-23 17:47:00,2022,7,Saturday,True,False,True,RFD-05,James River / Richmond,363.0,Swift water rescue,,,Swift water rescue,assist_no_rescue,Search for victim; No rescue needed,,Tube,Tubing,1,0,0,0,assist_no_injury,No PFD/flotation device,No,No,2,8,Synthetic record shaped to older/legacy NFIRS export; lower assumed completeness.,1770.0,-230.0,-650.0,False,False,7.0,72.0,"E05 1600 tuber missing from group near Bosher Dam, no PFD. Searched, pt found on bank. No rescue needed.",37.559948,-77.575019,llm_site,BOSH,1.0,37.559948,-77.575019,landmark_exact,ollama:qwen2.5:14b,True,185.2,Bosher Dam,site_circle,True
JR-2022-0050,NFIRS,pre_2023_legacy_low_completeness,2022-07-23,2022-07-23 18:10:00,2022-07-23 18:17:00,2022-07-23 18:52:00,2022,7,Saturday,True,False,True,RFD-16,James River / Richmond,363.0,Swift water rescue,,,Swift water rescue,assist_no_rescue,Standby; Provide information to public,,Unknown,Unknown recreational activity,1,0,0,0,assist_no_injury,No PFD/flotation device; Inexperience,No,No,1,3,Synthetic record shaped to older/legacy NFIRS export; lower assumed completeness.,1770.0,-230.0,-650.0,False,False,7.0,42.0,"Pt w/o PFD, inexperienced, asking about getting in. E16 standby 1800, info provided. No injury.",,,unplaced,,0.0,,,unplaced,ollama:qwen2.5:14b,False,,,not_mapped,False
JR-2022-0086,NFIRS,pre_2023_legacy_low_completeness,2022-07-24,2022-07-24 14:03:00,2022-07-24 14:16:00,2022-07-24 16:15:00,2022,7,Sunday,True,False,True,RFD-RiverOps,James River / Richmond,363.0,Swift water rescue,,,Swift water rescue,working_rescue,Rescue/remove from harm; Provide EMS care,,,Swimming/Wading,2,2,0,0,rescued_no_injury,,Yes,Unknown,3,11,Synthetic record shaped to older/legacy NFIRS export; lower assumed completeness.,1670.0,-100.0,-570.0,False,False,13.0,132.0,"2 swimmers in trouble, Boat 1 on scene 1400. Both removed from harm, EMS eval, no injury.",,,unplaced,,0.0,,,unplaced,ollama:qwen2.5:14b,False,,,not_mapped,False
JR-2022-0063,NFIRS,pre_2023_legacy_low_completeness,2022-07-25,2022-07-25 12:03:00,2022-07-25 12:12:00,2022-07-25 12:41:00,2022,7,Monday,False,False,True,RFD-12,James River / Richmond,361.0,Swimming/recreational water rescue,,,Swimming/recreational water rescue,good_intent_cancelled,Investigate; No incident found,,,Swimming/Wading,2,0,0,0,cancelled_or_no_incident_found,,No,Yes,1,3,Synthetic record shaped to older/legacy NFIRS export; lower assumed completeness.,1840.0,170.0,-160.0,False,False,9.0,38.0,"E12 dispatched 1200 for swimmers reported struggling off a gravel bar. Investigated shoreline, no pts located, caller gone on arrival. No incident found.",,,unplaced,,0.0,,,unplaced,ollama:qwen2.5:14b,False,,,not_mapped,False
JR-2022-0080,NFIRS,pre_2023_legacy_low_completeness,2022-07-27,2022-07-27 08:03:00,2022-07-27 08:08:00,2022-07-27 09:04:00,2022,7,Wednesday,False,False,True,RFD-01,James River / Richmond,363.0,Swift water rescue,,,Swift water rescue,good_intent_cancelled,Standby,,Tube,Tubing,4,0,0,0,cancelled_or_no_incident_found,None/unknown,Yes,No,1,4,Synthetic record shaped to older/legacy NFIRS export; lower assumed completeness.,1980.0,410.0,310.0,False,False,5.0,61.0,"E01 0800 standby for 4 tubers at Z Dam. Cancelled, no incident.",,,unplaced,,0.0,37.558554,-77.526598,landmark_exact,ollama:qwen2.5:14b,False,,,not_mapped,False
JR-2022-0048,NFIRS,pre_2023_legacy_low_completeness,2022-07-29,2022-07-29 18:30:00,2022-07-29 18:40:00,2022-07-29 19:34:00,2022,7,Friday,False,False,True,RFD-16,James River / Richmond,363.0,Swift water rescue,,,Swift water rescue,assist_no_rescue,Search for victim; No rescue needed,,,Swimming/Wading,3,0,0,0,assist_no_injury,Rapid river rise; Inexperience,Yes,No,1,4,Synthetic record shaped to older/legacy NFIRS export; lower assumed completeness.,2240.0,120.0,670.0,False,False,10.0,64.0,"E16 1800, 3 waders separated when water came up, inexperienced. Search, all located approx 250 yds below Bosher Dam on the bank. No rescue needed.",37.559948,-77.575019,llm_site,BOSH,1.0,37.559948,-77.575019,landmark_exact,ollama:qwen2.5:14b,True,140.6,Bosher Dam,site_circle,True
JR-2022-0040,NFIRS,pre_2023_legacy_low_completeness,2022-07-30,2022-07-30 14:25:00,2022-07-30 14:33:00,2022-07-30 14:57:00,2022,7,Saturday,True,False,True,RFD-05,James River / Richmond,361.0,Swimming/recreational water rescue,,,Swimming/recreational water rescue,assist_no_rescue,Standby; Provide information to public,,Canoe,Canoeing,2,0,0,0,assist_no_injury,No PFD/flotation device; Rapid river rise,No,No,1,3,Synthetic record shaped to older/legacy NFIRS export; lower assumed completeness.,2640.0,400.0,660.0,False,False,8.0,32.0,"E05 1400 canoe w/ 2, no PFDs, river rising. Standby, info given. Pts got off water.",,,unplaced,,0.0,,,unplaced,ollama:qwen2.5:14b,False,,,not_mapped,False
JR-2022-0084,NFIRS,pre_2023_legacy_low_completeness,2022-07-30,2022-07-30 15:15:00,2022-07-30 15:20:00,2022-07-30 16:31:00,2022,7,Saturday,True,False,True,RFD-12,James River / Richmond,365.0,Watercraft rescue,,,Watercraft rescue,good_intent_cancelled,Investigate; No incident found,,Tube,Tubing,2,0,0,0,cancelled_or_no_incident_found,,No,No,1,4,Synthetic record shaped to older/legacy NFIRS export; lower assumed completeness.,2640.0,400.0,660.0,False,False,5.0,76.0,"E12 1500 2 tubers reported in trouble. Investigated, no incident found.",,,unplaced,,0.0,,,unplaced,ollama:qwen2.5:14b,False,,,not_mapped,False
JR-2022-0073,NFIRS,pre_2023_legacy_low_completeness,2022-07-30,2022-07-30 16:40:00,2022-07-30 16:56:00,2022-07-30 18:40:00,2022,7,Saturday,True,False,True,RFD-16,James River / Richmond,365.0,Watercraft rescue,,,Watercraft rescue,working_rescue,Rescue/remove from harm; Provide EMS care,,,Swimming/Wading,1,1,0,0,rescued_no_injury,,Yes,No,3,11,Synthetic record shaped to older/legacy NFIRS export; lower assumed completeness.,2640.0,400.0,660.0,False,False,16.0,120.0,"Dispatched to Huguenot Flatwater 1600, E16 redirected to Pipeline Rapids where swimmer was stuck. Removed from harm, EMS eval, no injury.",37.531882,-77.434462,llm_site,PIPE,1.0,37.561655,-77.542582,landmark_exact,ollama:qwen2.5:14b,True,509.8,Pipeline Rapids,site_circle,True
JR-2022-0022,NFIRS,pre_2023_legacy_low_completeness,2022-07-30,2022-07-30 20:05:00,2022-07-30 20:24:00,2022-07-30 21:18:00,2022,7,Saturday,True,False,True,RFD-12,James River / Richmond,365.0,Watercraft rescue,,,Watercraft rescue,working_rescue,Water rescue; Provide EMS care,,Motorboat/PWC,Motorboat/PWC,3,1,1,0,injury_or_rescue,,Yes,No,3,14,Synthetic record shaped to older/legacy NFIRS export; lower assumed completeness.,2640.0,400.0,660.0,False,False,19.0,73.0,"E12 2000 PWC capsized, 3 in water at ///[w3w]. Water rescue, EMS care. 1 injured, transported.",37.527822,-77.470696,llm_what3words,willow mosaic canoe,1.0,37.527822,-77.470696,what3words,ollama:qwen2.5:14b,True,0.0,Reedy Creek,precise_point,True
JR-2022-0058,NFIRS,pre_2023_legacy_low_completeness,2022-08-01,2022-08-01 17:40:00,2022-08-01 17:49:00,2022-08-01 18:43:00,2022,8,Monday,False,False,True,RFD-RiverOps,James River / Richmond,361.0,Swimming/recreational water rescue,,,Swimming/recreational water rescue,assist_no_rescue,Standby; Provide information to public,,Kayak,Kayaking,2,0,0,0,assist_no_injury,No PFD/flotation device,No,No,1,3,Synthetic record shaped to older/legacy NFIRS export; lower assumed completeness.,3690.0,620.0,1450.0,False,False,9.0,63.0,"Boat 1 1700 standby for 2 kayakers without PFDs approx 100 yds upstream of Pony Pasture. Info given, no injuries.",37.552224,-77.517472,llm_site,PONY,1.0,37.552224,-77.517472,landmark_exact,ollama:qwen2.5:14b,True,103.1,Pony Pasture,site_circle,True
JR-2022-0078,NFIRS,pre_2023_legacy_low_completeness,2022-08-04,2022-08-04 10:50:00,2022-08-04 10:55:00,2022-08-04 11:49:00,2022,8,Thursday,False,False,True,RFD-01,James River / Richmond,361.0,Swimming/recreational water rescue,,,Swimming/recreational water rescue,good_intent_cancelled,Canceled en route,,Tube,Tubing,2,0,0,0,cancelled_or_no_incident_found,None/unknown,Unknown,No,1,4,Synthetic record shaped to older/legacy NFIRS export; lower assumed completeness.,3040.0,-850.0,-650.0,False,False,5.0,59.0,"1000 E01 resp for 2 tubers reported stuck in river. Canceled en route, tubers made bank on own. RTS.",,,unplaced,,0.0,,,unplaced,ollama:qwen2.5:14b,False,,,not_mapped,False
JR-2022-0041,NFIRS,pre_2023_legacy_low_completeness,2022-08-07,2022-08-07 19:42:00,2022-08-07 19:49:00,2022-08-07 20:40:00,2022,8,Sunday,True,False,True,RFD-01,James River / Richmond,360.0,"Water & ice-related rescue, other",,,"Water/ice rescue, other",good_intent_cancelled,Investigate; No incident found,,,Swimming/Wading,1,0,0,0,cancelled_or_no_incident_found,No PFD/flotation device; Submerged obstacle/rocks,No,No,2,6,Synthetic record shaped to older/legacy NFIRS export; lower assumed completeness.,3610.0,-180.0,570.0,False,False,7.0,58.0,"E01 1900 investigated call for swimmer, no PFD, reportedly caught near submerged rocks river right. Checked bank and eddy, no one found. No incident.",,,unplaced,,0.0,,,unplaced,ollama:qwen2.5:14b,False,,,not_mapped,False
JR-2022-0081,NFIRS,pre_2023_legacy_low_completeness,2022-08-11,2022-08-11 13:00:00,2022-08-11 13:05:00,2022-08-11 13:37:00,2022,8,Thursday,False,False,True,RFD-12,James River / Richmond,361.0,Swimming/recreational water rescue,,,Swimming/recreational water rescue,medical_eval,Provide EMS care; Investigate,,Tube,Tubing,2,0,0,0,no_injury,None/unknown,Unknown,No,1,4,Synthetic record shaped to older/legacy NFIRS export; lower assumed completeness.,2920.0,330.0,220.0,False,False,5.0,37.0,"E12 1300 med eval 2 tubers at 42nd Street. EMS, no injuries. Investigated. Pt home addr 3718 Seminary Ave.",37.528301,-77.475311,llm_site,42ND,1.0,37.528301,-77.475311,landmark_exact,ollama:qwen2.5:14b,True,203.5,42nd Street,site_circle,True
JR-2022-0060,NFIRS,pre_2023_legacy_low_completeness,2022-08-17,2022-08-17 14:00:00,2022-08-17 14:09:00,2022-08-17 14:28:00,2022,8,Wednesday,False,False,True,RFD-05,James River / Richmond,365.0,Watercraft rescue,,,Watercraft rescue,assist_no_rescue,Assist person; Investigate,,Paddleboard,Stand-up paddleboard,2,0,0,0,assist_no_injury,No PFD/flotation device,No,No,1,3,Synthetic record shaped to older/legacy NFIRS export; lower assumed completeness.,1810.0,-170.0,-800.0,False,False,9.0,28.0,"E05 1400 initial dispatch 42nd Street, SUP x2 no PFDs. Pts found at ///[w3w]. Assisted, investigated, no injury.",37.52146,-77.418945,llm_what3words,42ND,1.0,37.52146,-77.418945,what3words,ollama:qwen2.5:14b,True,0.0,Ancarrow's Landing,precise_point,True
JR-2022-0019,NFIRS,pre_2023_legacy_low_completeness,2022-08-20,2022-08-20 09:50:00,2022-08-20 09:59:00,2022-08-20 11:15:00,2022,8,Saturday,True,False,True,RFD-05,James River / Richmond,360.0,"Water & ice-related rescue, other",,,"Water/ice rescue, other",assist_no_rescue,Search for victim; No rescue needed,Other agency assisted,Kayak,Kayaking,2,0,0,0,assist_no_injury,Inexperience,Yes,No,1,3,Synthetic record shaped to older/legacy NFIRS export; lower assumed completeness.,1970.0,-130.0,160.0,False,False,9.0,85.0,E05 0900 2 kykrs inexp search ///[w3w] pts loc ok no rescue RTS,37.559019,-77.526235,llm_what3words,,0.3,37.559019,-77.526235,what3words,ollama:qwen2.5:14b,True,0.0,Z-Dam Area,precise_point,True
JR-2022-0066,NFIRS,pre_2023_legacy_low_completeness,2022-08-20,2022-08-20 16:20:00,2022-08-20 16:28:00,2022-08-20 17:09:00,2022,8,Saturday,True,False,True,RFD-01,James River / Richmond,365.0,Watercraft rescue,,,Watercraft rescue,medical_eval,Provide EMS care; Investigate,Mutual aid received,Canoe,Canoeing,2,0,1,0,minor_injury_or_medical_eval,No PFD/flotation device,No,No,1,4,Synthetic record shaped to older/legacy NFIRS export; lower assumed completeness.,1970.0,-130.0,160.0,False,False,8.0,49.0,"E01 1600 sent to Bosher Dam, canoe pts were on Canal Walk at Tredegar. No PFDs. Med eval, minor injury. Investigated.",37.533637,-77.445376,llm_site,TRED,1.0,37.559948,-77.575019,landmark_exact,ollama:qwen2.5:14b,True,232.9,Tredegar / Canal Walk,site_circle,True
JR-2022-0020,NFIRS,pre_2023_legacy_low_completeness,2022-08-20,2022-08-20 21:25:00,2022-08-20 21:36:00,2022-08-20 22:10:00,2022,8,Saturday,True,False,False,RFD-01,James River / Richmond,365.0,Watercraft rescue,,,Watercraft rescue,good_intent_cancelled,Standby,,,Swimming/Wading,2,0,0,0,cancelled_or_no_incident_found,None/unknown,Yes,No,1,3,Synthetic record shaped to older/legacy NFIRS export; lower assumed completeness.,1970.0,-130.0,160.0,False,False,11.0,45.0,"E01 2100, 2 swimmers reported. Standby, cancelled. No incident.",,,unplaced,,0.0,,,unplaced,ollama:qwen2.5:14b,False,,,not_mapped,False
JR-2022-0034,NFIRS,pre_2023_legacy_low_completeness,2022-08-20,2022-08-20 22:10:00,2022-08-20 22:16:00,2022-08-20 22:52:00,2022,8,Saturday,True,False,False,RFD-12,James River / Richmond,360.0,"Water & ice-related rescue, other",,,"Water/ice rescue, other",good_intent_cancelled,Investigate; No incident found,,,Swimming/Wading,1,0,0,0,cancelled_or_no_incident_found,,No,Yes,1,3,Synthetic record shaped to older/legacy NFIRS export; lower assumed completeness.,1970.0,-130.0,160.0,False,False,6.0,42.0,E12 2200 42nd st swmr invest NIF RTS,37.528301,-77.475311,llm_site,42ND,1.0,37.528301,-77.475311,landmark_exact,ollama:qwen2.5:14b,True,1626.3,42nd Street,not_mapped,False
JR-2022-0038,NFIRS,pre_2023_legacy_low_completeness,2022-08-27,2022-08-27 10:00:00,2022-08-27 10:08:00,2022-08-27 10:46:00,2022,8,Saturday,True,False,True,RFD-05,James River / Richmond,365.0,Watercraft rescue,,,Watercraft rescue,good_intent_cancelled,Investigate; No incident found,,Motorboat/PWC,Motorboat/PWC,2,0,0,0,cancelled_or_no_incident_found,None/unknown,Unknown,No,1,3,Synthetic record shaped to older/legacy NFIRS export; lower assumed completeness.,2280.0,-870.0,-3550.0,False,False,8.0,46.0,"E05 1000 PWC reported approx 200 yds upstream of Reedy Creek. Investigated, no incident found.",37.52716,-77.469861,llm_site,REEDY,0.3,37.52716,-77.469861,landmark_exact,ollama:qwen2.5:14b,True,323.8,Reedy Creek,not_mapped,False
JR-2022-0033,NFIRS,pre_2023_legacy_low_completeness,2022-08-30,2022-08-30 06:00:00,2022-08-30 06:09:00,2022-08-30 06:41:00,2022,8,Tuesday,False,False,False,RFD-16,James River / Richmond,363.0,Swift water rescue,,,Swift water rescue,good_intent_cancelled,Investigate; No incident found,,Unknown,Unknown recreational activity,1,0,0,0,cancelled_or_no_incident_found,Rapid river rise; Deceptive calm/local gage low but upstream rising; Inexperience; Submerged obstacle/rocks,Unknown,No,2,6,Synthetic record shaped to older/legacy NFIRS export; lower assumed completeness.,1770.0,-200.0,-510.0,False,False,9.0,41.0,"E16 0600 ///[w3w], pt reported in water, inexperienced, submerged rocks, upstream rising w/ local gage low. Investigated, no incident found.",37.559527,-77.575187,llm_what3words,///[w3w],0.3,37.559527,-77.575187,what3words,ollama:qwen2.5:14b,True,0.0,Bosher Dam,not_mapped,False
JR-2022-0039,NFIRS,pre_2023_legacy_low_completeness,2022-09-08,2022-09-08 11:07:00,2022-09-08 11:17:00,2022-09-08 11:47:00,2022,9,Thursday,False,False,True,RFD-12,James River / Richmond,360.0,"Water & ice-related rescue, other",,,"Water/ice rescue, other",assist_no_rescue,Search for victim; No rescue needed,,,Swimming/Wading,2,0,0,0,assist_no_injury,Alcohol suspected,Unknown,Yes,1,3,Synthetic record shaped to older/legacy NFIRS export; lower assumed completeness.,1440.0,50.0,-160.0,False,False,10.0,40.0,"E12 searched 1100 for 1 of 2 waders reported missing off left bank, ETOH suspected. Missing party found on gravel bar downstream, no rescue needed. Both uninjured.",,,llm_off_list,gravel bar downstream,0.0,,,unplaced,ollama:qwen2.5:14b,False,,,not_mapped,False
JR-2022-0042,NFIRS,pre_2023_legacy_low_completeness,2022-09-10,2022-09-10 07:40:00,2022-09-10 07:51:00,2022-09-10 09:25:00,2022,9,Saturday,True,False,False,RFD-RiverOps,James River / Richmond,363.0,Swift water rescue,,,Swift water rescue,working_rescue,Rescue/remove from harm; Provide EMS care,,,Swimming/Wading,1,1,1,0,injury_or_rescue,Rapid river rise; Deceptive calm/local gage low but upstream rising; High water/current; Inexperience,Unknown,No,3,14,Synthetic record shaped to older/legacy NFIRS export; lower assumed completeness.,2780.0,550.0,1390.0,False,False,11.0,105.0,"Boat 1 0700 swimmer caught at Pony Pasture, water rising fast from upstream while local gage low. Inexperienced. Removed from harm, EMS, pt injured.",37.552224,-77.517472,llm_site,PONY,1.0,37.552224,-77.517472,landmark_exact,ollama:qwen2.5:14b,True,113.8,Pony Pasture,site_circle,True
JR-2022-0010,NFIRS,pre_2023_legacy_low_completeness,2022-09-11,2022-09-11 12:18:00,2022-09-11 12:33:00,2022-09-11 14:42:00,2022,9,Sunday,True,False,True,RFD-12,James River / Richmond,363.0,Swift water rescue,,,Swift water rescue,working_rescue,Rescue/remove from harm; Provide EMS care,,,Swimming/Wading,1,1,0,0,rescued_no_injury,,No,No,3,11,Synthetic record shaped to older/legacy NFIRS export; lower assumed completeness.,2660.0,-120.0,1220.0,False,False,15.0,144.0,"E12 1200 swimmer in trouble approx 100 yds across from Z-Dam. Removed from harm, EMS eval, no injury.",37.558554,-77.526598,llm_site,ZDAM,1.0,37.558554,-77.526598,landmark_exact,ollama:qwen2.5:14b,True,270.0,Z-Dam Area,site_circle,True
JR-2022-0005,NFIRS,pre_2023_legacy_low_completeness,2022-09-12,2022-09-12 17:07:00,2022-09-12 17:15:00,2022-09-12 17:39:00,2022,9,Monday,False,False,True,RFD-05,James River / Richmond,360.0,"Water & ice-related rescue, other",,,"Water/ice rescue, other",assist_no_rescue,Standby; Provide information to public,,Kayak,Kayaking,3,0,0,0,assist_no_injury,None/unknown,Unknown,No,1,4,Synthetic record shaped to older/legacy NFIRS export; lower assumed completeness.,2680.0,20.0,450.0,False,False,8.0,32.0,"E05 1700 standby 3 kayakers, info provided.",,,unplaced,,0.0,,,unplaced,ollama:qwen2.5:14b,False,,,not_mapped,False
JR-2022-0065,NFIRS,pre_2023_legacy_low_completeness,2022-09-13,2022-09-13 13:25:00,2022-09-13 13:44:00,2022-09-13 15:01:00,2022,9,Tuesday,False,False,True,RFD-01,James River / Richmond,363.0,Swift water rescue,,,Swift water rescue,working_rescue,Water rescue; Provide EMS care,,Tube,Tubing,3,2,0,0,rescued_no_injury,No PFD/flotation device; Rapid river rise; High water/current,No,Unknown,3,14,Synthetic record shaped to older/legacy NFIRS export; lower assumed completeness.,2570.0,-110.0,-210.0,False,False,19.0,96.0,E01 1300 N37.52797 W77.43339 3 tubers no PFDs rvr up fast hi wtr water rescue EMS eval no inj,,,unplaced,,0.0,37.52797,-77.43339,gps,ollama:qwen2.5:14b,False,,,not_mapped,False
JR-2022-0015,NFIRS,pre_2023_legacy_low_completeness,2022-09-14,2022-09-14 09:05:00,2022-09-14 09:17:00,2022-09-14 10:48:00,2022,9,Wednesday,False,False,True,RFD-RiverOps,James River / Richmond,365.0,Watercraft rescue,,,Watercraft rescue,working_rescue,Rescue/remove from harm; Provide EMS care,,Motorboat/PWC,Motorboat/PWC,1,1,0,0,rescued_no_injury,,Yes,No,3,11,Synthetic record shaped to older/legacy NFIRS export; lower assumed completeness.,3110.0,540.0,450.0,False,False,12.0,103.0,"Boat 1 0900 PWC operator at Z Dam, removed from harm, EMS eval. No injury.",37.558554,-77.526598,llm_site,ZDAM,1.0,37.558554,-77.526598,landmark_exact,ollama:qwen2.5:14b,True,26.9,Z-Dam Area,site_circle,True
JR-2022-0077,NFIRS,pre_2023_legacy_low_completeness,2022-09-17,2022-09-17 16:12:00,2022-09-17 16:17:00,2022-09-17 17:03:00,2022,9,Saturday,True,False,True,RFD-16,James River / Richmond,361.0,Swimming/recreational water rescue,,,Swimming/recreational water rescue,medical_eval,Provide EMS care; Investigate,,,Fishing from bank/rocks,1,0,0,0,no_injury,,Unknown,No,1,4,Synthetic record shaped to older/legacy NFIRS export; lower assumed completeness.,2050.0,-290.0,-1060.0,False,False,5.0,51.0,"E16 1600 bank fisherman at ///[w3w]. Med eval, no injuries. Investigated.",37.559948,-77.574509,llm_what3words,glacier otter marble,1.0,37.559948,-77.574509,what3words,ollama:qwen2.5:14b,True,0.0,Bosher Dam,precise_point,True
JR-2022-0055,NFIRS,pre_2023_legacy_low_completeness,2022-09-20,2022-09-20 09:42:00,2022-09-20 09:52:00,2022-09-20 11:29:00,2022,9,Tuesday,False,False,True,RFD-12,James River / Richmond,363.0,Swift water rescue,,,Swift water rescue,working_rescue,Search for victim; Rescue/remove from harm,,Kayak,Kayaking,2,1,0,0,rescued_no_injury,Rapid river rise; High water/current,Unknown,No,3,11,Synthetic record shaped to older/legacy NFIRS export; lower assumed completeness.,1550.0,-90.0,-500.0,False,False,10.0,107.0,"E12 0900 called as Z-Dam, 2 kayakers located at Boshers Dam in high rising water. Search, pts removed from harm, no injuries.",37.559948,-77.575019,llm_site,BOSH,1.0,37.559948,-77.575019,landmark_exact,ollama:qwen2.5:14b,True,140.4,Bosher Dam,site_circle,True
JR-2022-0028,NFIRS,pre_2023_legacy_low_completeness,2022-09-23,2022-09-23 07:05:00,2022-09-23 07:23:00,2022-09-23 09:27:00,2022,9,Friday,False,False,False,RFD-RiverOps,James River / Richmond,363.0,Swift water rescue,,,Swift water rescue,working_rescue,Rescue/remove from harm; Provide EMS care,,Kayak,Kayaking,2,2,1,0,injury_or_rescue,,Yes,No,3,11,Synthetic record shaped to older/legacy NFIRS export; lower assumed completeness.,1290.0,-120.0,-260.0,False,False,18.0,142.0,"Boat 1 0700 2 kayakers at 42nd St. Removed from harm, EMS care. 1 injury.",37.528301,-77.475311,llm_site,42ND,1.0,37.528301,-77.475311,landmark_exact,ollama:qwen2.5:14b,True,68.3,42nd Street,site_circle,True
JR-2022-0017,NFIRS,pre_2023_legacy_low_completeness,2022-09-24,2022-09-24 18:07:00,2022-09-24 18:12:00,2022-09-24 18:46:00,2022,9,Saturday,True,False,True,RFD-05,James River / Richmond,363.0,Swift water rescue,,,Swift water rescue,medical_eval,Provide EMS care; Investigate,,,Swimming/Wading,2,0,0,0,no_injury,,No,No,1,3,Synthetic record shaped to older/legacy NFIRS export; lower assumed completeness.,1270.0,-20.0,-190.0,False,False,5.0,39.0,"E05 1800 2 swimmers at Bosher Dam, med eval. No injuries. Investigated.",37.559948,-77.575019,llm_site,BOSH,1.0,37.559948,-77.575019,landmark_exact,ollama:qwen2.5:14b,True,9.0,Bosher Dam,site_circle,True
JR-2022-0006,NFIRS,pre_2023_legacy_low_completeness,2022-09-24,2022-09-24 18:42:00,2022-09-24 18:48:00,2022-09-24 20:26:00,2022,9,Saturday,True,False,True,RFD-12,James River / Richmond,365.0,Watercraft rescue,,,Watercraft rescue,assist_no_rescue,Assist person; Investigate,Other agency assisted,Tube,Tubing,2,0,0,0,assist_no_injury,No PFD/flotation device; Rapid river rise,No,No,3,12,Synthetic record shaped to older/legacy NFIRS export; lower assumed completeness.,1270.0,-20.0,-190.0,False,False,6.0,104.0,"E12 1800 2 tubers, no PFDs, river rising, at ///[w3w]. Assisted to bank, investigated. No injury.",37.520349,-77.418027,llm_what3words,saddle hazel anchor,1.0,37.520349,-77.418027,what3words,ollama:qwen2.5:14b,True,0.0,Ancarrow's Landing,precise_point,True
JR-2022-0026,NFIRS,pre_2023_legacy_low_completeness,2022-10-09,2022-10-09 11:25:00,2022-10-09 11:34:00,2022-10-09 12:15:00,2022,10,Sunday,True,False,True,RFD-12,James River / Richmond,365.0,Watercraft rescue,,,Watercraft rescue,assist_no_rescue,Assist person; Investigate,,Kayak,Kayaking,3,0,0,0,assist_no_injury,No PFD/flotation device,No,No,1,4,Synthetic record shaped to older/legacy NFIRS export; lower assumed completeness.,1890.0,-330.0,-1350.0,False,False,9.0,50.0,E12 1100 reedy ck 3 kykrs no PFDs asst invest no inj,37.52716,-77.469861,llm_site,REEDY,1.0,37.52716,-77.469861,landmark_exact,ollama:qwen2.5:14b,True,483.2,Reedy Creek,site_circle,True
JR-2022-0013,NFIRS,pre_2023_legacy_low_completeness,2022-10-21,2022-10-21 16:15:00,2022-10-21 16:22:00,2022-10-21 17:40:00,2022,10,Friday,False,False,True,RFD-12,James River / Richmond,365.0,Watercraft rescue,,,Watercraft rescue,good_intent_cancelled,Canceled en route,,Kayak,Kayaking,1,0,0,0,cancelled_or_no_incident_found,Inexperience,Unknown,No,1,3,Synthetic record shaped to older/legacy NFIRS export; lower assumed completeness.,1750.0,-110.0,10.0,False,False,7.0,85.0,E12 1600 BI kykr inexp canc enrte,,,unplaced,,0.0,,,unplaced,ollama:qwen2.5:14b,False,,,not_mapped,False
JR-2022-0007,NFIRS,pre_2023_legacy_low_completeness,2022-11-04,2022-11-04 12:40:00,2022-11-04 12:55:00,2022-11-04 14:52:00,2022,11,Friday,False,False,True,RFD-16,James River / Richmond,363.0,Swift water rescue,,,Swift water rescue,working_rescue,Rescue/remove from harm; Provide EMS care,,Tube,Tubing,1,1,1,0,injury_or_rescue,No PFD/flotation device; Alcohol suspected; Rapid river rise; High water/current,No,Yes,3,11,Synthetic record shaped to older/legacy NFIRS export; lower assumed completeness.,1550.0,70.0,180.0,False,False,15.0,132.0,"E16 1200 tuber, no PFD, ETOH suspected, swept by high rising water, stopped approx 200 yds below Reedy Creek. Removed from harm, EMS care. Pt injured.",37.52716,-77.469861,llm_site,REEDY,1.0,37.52716,-77.469861,landmark_exact,ollama:qwen2.5:14b,True,134.8,Reedy Creek,site_circle,True
JR-2022-0011,NFIRS,pre_2023_legacy_low_completeness,2022-11-19,2022-11-19 11:40:00,2022-11-19 11:51:00,2022-11-19 12:32:00,2022,11,Saturday,True,False,True,RFD-RiverOps,James River / Richmond,363.0,Swift water rescue,,,Swift water rescue,good_intent_cancelled,Investigate; No incident found,,,Swimming/Wading,1,0,0,0,cancelled_or_no_incident_found,Rapid river rise; Inexperience,Yes,No,2,6,Synthetic record shaped to older/legacy NFIRS export; lower assumed completeness.,11000.0,-2800.0,1850.0,False,False,11.0,52.0,"Boat 1 1100 swimmer reported at N37.55958 W77.57267, river rising, inexperienced. Investigated, no incident found.",37.55958,-77.57267,llm_gps,,0.3,37.55958,-77.57267,gps,ollama:qwen2.5:14b,True,0.3,Bosher Dam,not_mapped,False
JR-2022-0030,NFIRS,pre_2023_legacy_low_completeness,2022-11-19,2022-11-19 15:03:00,2022-11-19 15:08:00,2022-11-19 16:16:00,2022,11,Saturday,True,False,True,RFD-RiverOps,James River / Richmond,360.0,"Water & ice-related rescue, other",,,"Water/ice rescue, other",medical_eval,Provide EMS care; Investigate,,,Swimming/Wading,2,0,1,0,minor_injury_or_medical_eval,No PFD/flotation device,No,No,1,4,Synthetic record shaped to older/legacy NFIRS export; lower assumed completeness.,11000.0,-2800.0,1850.0,False,False,5.0,73.0,"Boat 1 1500 2 swimmers, no PFDs, approx 150 yds downstream of Belle Isle. Med eval, minor injury. Investigated.",37.530741,-77.455404,llm_site,BELLE,1.0,37.530741,-77.455404,landmark_exact,ollama:qwen2.5:14b,True,116.7,Belle Isle,site_circle,True
JR-2022-0012,NFIRS,pre_2023_legacy_low_completeness,2022-11-26,2022-11-26 13:45:00,2022-11-26 13:52:00,2022-11-26 14:15:00,2022,11,Saturday,True,False,True,RFD-01,James River / Richmond,361.0,Swimming/recreational water rescue,,,Swimming/recreational water rescue,assist_no_rescue,Assist person; Investigate,,,Swimming/Wading,2,0,0,0,assist_no_injury,,Unknown,No,1,3,Synthetic record shaped to older/legacy NFIRS export; lower assumed completeness.,3440.0,-280.0,-1170.0,False,False,7.0,30.0,"E01 1300 assist 2 swimmers, investigated. No injuries.",,,unplaced,,0.0,,,unplaced,ollama:qwen2.5:14b,False,,,not_mapped,False
JR-2022-0003,NFIRS,pre_2023_legacy_low_completeness,2022-12-03,2022-12-03 17:05:00,2022-12-03 17:11:00,2022-12-03 18:13:00,2022,12,Saturday,True,False,True,RFD-RiverOps,James River / Richmond,361.0,Swimming/recreational water rescue,,,Swimming/recreational water rescue,medical_eval,Provide EMS care; Investigate,,,Fishing from bank/rocks,2,0,1,0,minor_injury_or_medical_eval,Cold water exposure,Unknown,No,1,4,Synthetic record shaped to older/legacy NFIRS export; lower assumed completeness.,3730.0,100.0,470.0,False,False,6.0,68.0,"Boat 1, 1700. 2 anglers on rocks along left bank, 1 went in and got chilled in cold water. Pt out of water on arrival; EMS care for cold exposure, minor. Investigated.",,,unplaced,,0.0,,,unplaced,ollama:qwen2.5:14b,False,,,not_mapped,False
JR-2022-0037,NFIRS,pre_2023_legacy_low_completeness,2022-12-04,2022-12-04 09:18:00,2022-12-04 09:28:00,2022-12-04 09:59:00,2022,12,Sunday,True,False,True,RFD-01,James River / Richmond,360.0,"Water & ice-related rescue, other",,,"Water/ice rescue, other",good_intent_cancelled,Canceled en route,,Tube,Tubing,3,0,0,0,cancelled_or_no_incident_found,,No,Yes,1,4,Synthetic record shaped to older/legacy NFIRS export; lower assumed completeness.,3500.0,-230.0,230.0,False,False,10.0,41.0,E01 0900 3 tubers at Pipeline. Canceled en route.,37.531882,-77.434462,llm_site,PIPE,1.0,37.531882,-77.434462,landmark_exact,ollama:qwen2.5:14b,True,463.5,Pipeline Rapids,not_mapped,False
JR-2022-0001,NFIRS,pre_2023_legacy_low_completeness,2022-12-10,2022-12-10 12:10:00,2022-12-10 12:26:00,2022-12-10 14:18:00,2022,12,Saturday,True,False,True,RFD-16,James River / Richmond,365.0,Watercraft rescue,,,Watercraft rescue,working_rescue,Rescue/remove from harm; Provide EMS care,,Kayak,Kayaking,1,1,0,0,rescued_no_injury,Cold water exposure; High water/current,Yes,Unknown,3,14,Synthetic record shaped to older/legacy NFIRS export; lower assumed completeness.,8580.0,2110.0,4570.0,True,False,16.0,128.0,"E16 1200 kayaker at Mayo Bridge in high cold current. Removed from harm, EMS eval, no injury.",37.528074,-77.43403,llm_site,MAYO,1.0,37.528074,-77.43403,landmark_exact,ollama:qwen2.5:14b,True,105.1,Mayo Bridge,site_circle,True
JR-2022-0023,NFIRS,pre_2023_legacy_low_completeness,2022-12-10,2022-12-10 20:35:00,2022-12-10 20:46:00,2022-12-10 22:28:00,2022,12,Saturday,True,False,False,RFD-01,James River / Richmond,361.0,Swimming/recreational water rescue,,,Swimming/recreational water rescue,good_intent_cancelled,Investigate; No incident found,,Canoe,Canoeing,2,0,0,0,cancelled_or_no_incident_found,Cold water exposure,Unknown,No,2,8,Synthetic record shaped to older/legacy NFIRS export; lower assumed completeness.,8580.0,2110.0,4570.0,True,False,11.0,113.0,"E01 2000 2 canoeists reported at 37.52787, -77.47036, cold water. Investigated, no incident found.",37.52787,-77.47036,llm_gps,,0.3,37.52787,-77.47036,gps,ollama:qwen2.5:14b,True,0.4,Reedy Creek,not_mapped,False
JR-2022-0049,NFIRS,pre_2023_legacy_low_completeness,2022-12-26,2022-12-26 13:07:00,2022-12-26 13:25:00,2022-12-26 14:57:00,2022,12,Monday,False,False,True,RFD-16,James River / Richmond,365.0,Watercraft rescue,,,Watercraft rescue,working_rescue,Search for victim; Rescue/remove from harm,Mutual aid received,Tube,Tubing,2,2,0,0,rescued_no_injury,Rapid river rise; Cold water exposure; High water/current,Yes,No,3,11,Synthetic record shaped to older/legacy NFIRS export; lower assumed completeness.,17000.0,-6800.0,-4300.0,False,False,18.0,110.0,"E16 1300 2 tubers in cold high water rising fast near the Mayo Bridge. Search, pts located and removed from harm. No injuries.",37.528074,-77.43403,llm_site,MAYO,1.0,37.528074,-77.43403,landmark_exact,ollama:qwen2.5:14b,True,109.3,Mayo Bridge,site_circle,True
JR-2022-0068,NFIRS,pre_2023_legacy_low_completeness,2022-12-27,2022-12-27 20:45:00,2022-12-27 20:57:00,2022-12-27 21:55:00,2022,12,Tuesday,False,False,False,RFD-16,James River / Richmond,365.0,Watercraft rescue,,,Watercraft rescue,working_rescue,Rescue/remove from harm; Provide EMS care,,Motorboat/PWC,Motorboat/PWC,1,1,0,0,rescued_no_injury,,Unknown,No,2,7,Synthetic record shaped to older/legacy NFIRS export; lower assumed completeness.,12400.0,-4600.0,-20900.0,False,False,12.0,70.0,"E16 2000 PWC operator at 14th St bridge (Mayo). Removed from harm, EMS eval. No injury.",37.528074,-77.43403,llm_site,MAYO,1.0,37.528074,-77.43403,landmark_fuzzy,ollama:qwen2.5:14b,True,631.8,Mayo Bridge,site_circle,True
JR-2023-0056,NFIRS,2023_2025_nfirs_cleaner_export,2023-01-07,2023-01-07 11:35:00,2023-01-07 11:43:00,2023-01-07 12:31:00,2023,1,Saturday,True,False,True,RFD-RiverOps,James River / Richmond,365.0,Watercraft rescue,,,Watercraft rescue,medical_eval,Provide EMS care; Investigate,,,Fishing from bank/rocks,2,0,0,0,no_injury,No PFD/flotation device; Cold water exposure; Inexperience,No,No,1,4,Synthetic NFIRS-style record based on cleaner 2023-2025 export window.,5220.0,-470.0,-1180.0,False,False,8.0,56.0,"Boat 1 1100 2 fishermen, no PFDs, cold water, inexperienced. Med eval, no injuries. Investigated.",,,unplaced,,0.0,,,unplaced,ollama:qwen2.5:14b,False,,,not_mapped,False
JR-2023-0066,NFIRS,2023_2025_nfirs_cleaner_export,2023-01-07,2023-01-07 17:05:00,2023-01-07 17:16:00,2023-01-07 17:55:00,2023,1,Saturday,True,False,True,RFD-01,James River / Richmond,361.0,Swimming/recreational water rescue,,,Swimming/recreational water rescue,good_intent_cancelled,Canceled en route,,Canoe,Canoeing,2,0,0,0,cancelled_or_no_incident_found,No PFD/flotation device; Cold water exposure,No,No,1,4,Synthetic NFIRS-style record based on cleaner 2023-2025 export window.,5220.0,-470.0,-1180.0,False,False,11.0,50.0,E01 1700 ///[w3w] 2 in canoe no PFDs cold wtr canc enrte,37.530394,-77.454733,llm_what3words,quiet meadow beacon,1.0,37.530394,-77.454733,what3words,ollama:qwen2.5:14b,True,0.0,Belle Isle,not_mapped,False
JR-2023-0054,NFIRS,2023_2025_nfirs_cleaner_export,2023-01-18,2023-01-18 17:40:00,2023-01-18 17:51:00,2023-01-18 18:49:00,2023,1,Wednesday,False,False,True,RFD-12,James River / Richmond,365.0,Watercraft rescue,,,Watercraft rescue,medical_eval,Provide EMS care; Investigate,,Tube,Tubing,1,0,1,0,minor_injury_or_medical_eval,Cold water exposure,Yes,No,1,4,Synthetic NFIRS-style record based on cleaner 2023-2025 export window.,6310.0,-430.0,-1130.0,False,False,11.0,69.0,"E12 1700 tuber at ///[w3w], cold water. Med eval, minor injury. Investigated.",37.534564,-77.491407,llm_what3words,velvet harbor kettle,1.0,37.534564,-77.491407,what3words,ollama:qwen2.5:14b,True,0.0,42nd Street,precise_point,True
JR-2023-0007,NFIRS,2023_2025_nfirs_cleaner_export,2023-01-23,2023-01-23 07:18:00,2023-01-23 07:27:00,2023-01-23 08:42:00,2023,1,Monday,False,False,False,RFD-16,James River / Richmond,365.0,Watercraft rescue,,,Watercraft rescue,assist_no_rescue,Assist person; Investigate,,Raft,Rafting,1,0,0,0,assist_no_injury,Cold water exposure,Yes,No,1,3,Synthetic NFIRS-style record based on cleaner 2023-2025 export window.,5310.0,30.0,-480.0,False,False,9.0,84.0,"E16 0700 assisted lone rafter who flipped and swam to right bank in cold water. Pt shivering, warmed in apparatus, declined transport. Investigated. No inj.",,,unplaced,,0.0,,,unplaced,ollama:qwen2.5:14b,False,,,not_mapped,False
JR-2023-0023,NFIRS,2023_2025_nfirs_cleaner_export,2023-02-05,2023-02-05 15:40:00,2023-02-05 15:46:00,2023-02-05 16:50:00,2023,2,Sunday,True,False,True,RFD-01,James River / Richmond,365.0,Watercraft rescue,,,Watercraft rescue,medical_eval,Provide EMS care; Investigate,,Kayak,Kayaking,2,0,1,0,minor_injury_or_medical_eval,Cold water exposure; Submerged obstacle/rocks,Unknown,Unknown,1,4,Synthetic NFIRS-style record based on cleaner 2023-2025 export window.,6920.0,-560.0,-1080.0,False,False,6.0,70.0,"1500 E01, 2 kayakers capsized after hitting submerged rock mid-channel, cold water. Both out on river left bank. EMS eval, 1 minor laceration treated on scene. Investigated.",,,llm_off_list,river left bank,0.0,,,unplaced,ollama:qwen2.5:14b,False,,,not_mapped,False
JR-2023-0070,NFIRS,2023_2025_nfirs_cleaner_export,2023-02-25,2023-02-25 15:55:00,2023-02-25 16:00:00,2023-02-25 17:18:00,2023,2,Saturday,True,False,True,RFD-16,James River / Richmond,365.0,Watercraft rescue,,,Watercraft rescue,good_intent_cancelled,Canceled en route,,Kayak,Kayaking,1,0,0,0,cancelled_or_no_incident_found,Rapid river rise; Deceptive calm/local gage low but upstream rising; Cold water exposure,Yes,No,2,6,Synthetic NFIRS-style record based on cleaner 2023-2025 export window.,10000.0,-2100.0,-7300.0,False,False,5.0,83.0,E16 resp kayaker poss in trouble pony pasture 1 pt river coming up fast upstream gauge rising local still low cold water canc en route per caller pt off water ok E16 RTS,37.552224,-77.517472,llm_site,PONY,1.0,37.552224,-77.517472,landmark_exact,ollama:qwen2.5:14b,True,147.1,Pony Pasture,not_mapped,False
JR-2023-0036,NFIRS,2023_2025_nfirs_cleaner_export,2023-03-25,2023-03-25 18:55:00,2023-03-25 19:06:00,2023-03-25 19:34:00,2023,3,Saturday,True,False,True,RFD-05,James River / Richmond,365.0,Watercraft rescue,,,Watercraft rescue,good_intent_cancelled,Standby,,Canoe,Canoeing,2,0,0,0,cancelled_or_no_incident_found,None/unknown,Yes,No,1,4,Synthetic NFIRS-style record based on cleaner 2023-2025 export window.,4100.0,-80.0,-320.0,False,False,11.0,39.0,"E05 dispatched to 42nd St for 2 canoeists overdue. Staged at lot on standby. Both paddlers located by caller, no contact needed. Cancelled, E05 in service.",,,unplaced,,0.0,37.528301,-77.475311,landmark_exact,ollama:qwen2.5:14b,False,,,not_mapped,False
JR-2023-0009,NFIRS,2023_2025_nfirs_cleaner_export,2023-04-08,2023-04-08 15:50:00,2023-04-08 15:57:00,2023-04-08 17:06:00,2023,4,Saturday,True,False,True,RFD-01,James River / Richmond,365.0,Watercraft rescue,,,Watercraft rescue,assist_no_rescue,Assist person; Investigate,,,Swimming/Wading,1,0,0,0,assist_no_injury,None/unknown,Yes,No,2,8,Synthetic NFIRS-style record based on cleaner 2023-2025 export window.,6540.0,-790.0,-830.0,False,False,7.0,76.0,"1 pt swimming/wading at Pony Pasture, bystander called for assist. E01 on scene, pt helped back to bank, investigated, no injuries. Pt declined EMS. E01 RTS.",37.552224,-77.517472,llm_site,PONY,1.0,37.552224,-77.517472,landmark_exact,ollama:qwen2.5:14b,True,216.5,Pony Pasture,site_circle,True
JR-2023-0049,NFIRS,2023_2025_nfirs_cleaner_export,2023-04-15,2023-04-15 12:50:00,2023-04-15 12:58:00,2023-04-15 13:45:00,2023,4,Saturday,True,False,True,RFD-05,James River / Richmond,360.0,"Water & ice-related rescue, other",,,"Water/ice rescue, other",assist_no_rescue,Search for victim; No rescue needed,,Tube,Tubing,2,0,0,0,assist_no_injury,Alcohol suspected,Unknown,Yes,2,8,Synthetic NFIRS-style record based on cleaner 2023-2025 export window.,4370.0,-230.0,-970.0,False,False,8.0,55.0,"Belle Isle, 2 tubers reported missing by group. E05 searched shoreline, both pts located on rocks unharmed, no rescue needed. EtOH suspected. Advised, RTS.",37.530741,-77.455404,llm_site,BELLE,1.0,37.530741,-77.455404,landmark_exact,ollama:qwen2.5:14b,True,159.9,Belle Isle,site_circle,True
JR-2023-0052,NFIRS,2023_2025_nfirs_cleaner_export,2023-04-22,2023-04-22 09:18:00,2023-04-22 09:23:00,2023-04-22 09:58:00,2023,4,Saturday,True,False,True,RFD-16,James River / Richmond,360.0,"Water & ice-related rescue, other",,,"Water/ice rescue, other",assist_no_rescue,Search for victim; No rescue needed,,Tube,Tubing,1,0,0,0,assist_no_injury,No PFD/flotation device; Cold water exposure; Inexperience,No,Unknown,1,4,Synthetic NFIRS-style record based on cleaner 2023-2025 export window.,3900.0,-40.0,-250.0,False,False,5.0,40.0,"E16 search for 1 tuber at ///[w3w]. Pt located on shore, no rescue needed. No PFD, inexperienced, water cold. Pt advised on PFD use. No injury.",37.529687,-77.454664,llm_what3words,rope juniper fable,1.0,37.529687,-77.454664,what3words,ollama:qwen2.5:14b,True,0.0,Belle Isle,precise_point,True
JR-2023-0048,NFIRS,2023_2025_nfirs_cleaner_export,2023-04-22,2023-04-22 13:20:00,2023-04-22 13:29:00,2023-04-22 14:48:00,2023,4,Saturday,True,False,True,RFD-01,James River / Richmond,361.0,Swimming/recreational water rescue,,,Swimming/recreational water rescue,assist_no_rescue,Search for victim; No rescue needed,,Raft,Rafting,1,0,0,0,assist_no_injury,No PFD/flotation device; Rapid river rise; Deceptive calm/local gage low but upstream rising; Cold water exposure,No,Unknown,2,6,Synthetic NFIRS-style record based on cleaner 2023-2025 export window.,3900.0,-40.0,-250.0,False,False,9.0,88.0,"E01 1300 search for rafter missing after raft flipped, no PFD, cold water. Level low at local gauge but upstream reading climbing, river up fast. Pt found on gravel bar right side, walked out. No rescue needed.",,,llm_off_list,gravel bar right side,0.0,,,unplaced,ollama:qwen2.5:14b,False,,,not_mapped,False
JR-2023-0055,NFIRS,2023_2025_nfirs_cleaner_export,2023-04-29,2023-04-29 14:05:00,2023-04-29 14:19:00,2023-04-29 16:02:00,2023,4,Saturday,True,False,True,RFD-RiverOps,James River / Richmond,365.0,Watercraft rescue,,,Watercraft rescue,working_rescue,Rescue/remove from harm; Provide EMS care,,Kayak,Kayaking,2,2,0,0,rescued_no_injury,,No,No,3,14,Synthetic NFIRS-style record based on cleaner 2023-2025 export window.,31800.0,27400.0,28230.0,True,False,14.0,117.0,"Boat 1 on scene 37.52770,-77.43711, 2 kayakers stranded. Both pts removed from water into boat, EMS eval, no injuries. Pt resides 2400 blk W Grace St. B1 RTS.",37.5277,-77.43711,llm_gps,,0.3,37.5277,-77.43711,gps,ollama:qwen2.5:14b,True,0.3,Mayo Bridge,precise_point,True
JR-2023-0072,NFIRS,2023_2025_nfirs_cleaner_export,2023-05-06,2023-05-06 19:18:00,2023-05-06 19:23:00,2023-05-06 20:25:00,2023,5,Saturday,True,False,True,RFD-05,James River / Richmond,365.0,Watercraft rescue,,,Watercraft rescue,medical_eval,Provide EMS care; Investigate,Mutual aid received,Raft,Rafting,3,0,1,0,minor_injury_or_medical_eval,No PFD/flotation device,No,No,2,8,Synthetic NFIRS-style record based on cleaner 2023-2025 export window.,8930.0,-1670.0,-4370.0,False,False,5.0,67.0,"E05 med eval x3 rafters. Minor abrasions to 1 pt, others eval'd and released. No PFDs worn by party. Investigated, pts declined transport.",,,unplaced,,0.0,,,unplaced,ollama:qwen2.5:14b,False,,,not_mapped,False
JR-2023-0060,NFIRS,2023_2025_nfirs_cleaner_export,2023-05-07,2023-05-07 18:25:00,2023-05-07 18:30:00,2023-05-07 19:27:00,2023,5,Sunday,True,False,True,RFD-05,James River / Richmond,365.0,Watercraft rescue,,,Watercraft rescue,good_intent_cancelled,Canceled en route,,Motorboat/PWC,Motorboat/PWC,2,0,0,0,cancelled_or_no_incident_found,No PFD/flotation device,No,No,1,4,Synthetic NFIRS-style record based on cleaner 2023-2025 export window.,7560.0,-1370.0,-4340.0,False,False,5.0,62.0,"E05 responding for PWC w/ 2 aboard, approx 200 yds upstream of 42nd St. No PFDs reported. Cancelled en route, caller advised PWC made shore.",37.528301,-77.475311,llm_site,42ND,1.0,37.528301,-77.475311,landmark_exact,ollama:qwen2.5:14b,True,121.5,42nd Street,not_mapped,False
JR-2023-0065,NFIRS,2023_2025_nfirs_cleaner_export,2023-05-10,2023-05-10 19:45:00,2023-05-10 19:55:00,2023-05-10 21:10:00,2023,5,Wednesday,False,False,True,RFD-16,James River / Richmond,363.0,Swift water rescue,,,Swift water rescue,working_rescue,Water rescue; Provide EMS care,,Tube,Tubing,3,1,0,0,rescued_no_injury,Rapid river rise; High water/current,Unknown,No,3,14,Synthetic NFIRS-style record based on cleaner 2023-2025 export window.,5370.0,-690.0,-2190.0,False,False,10.0,85.0,"Dispatched to Ancarrow's Landing for 3 tubers in distress, nothing found there. Caller callback put them up at Bosher Dam, E16 redirected. All 3 pts water rescued at the dam, EMS care, no injuries. River rising fast, high current.",37.559948,-77.575019,llm_site,BOSH,1.0,37.520293,-77.417614,landmark_exact,ollama:qwen2.5:14b,True,176.2,Bosher Dam,site_circle,True
JR-2023-0058,NFIRS,2023_2025_nfirs_cleaner_export,2023-05-13,2023-05-13 13:12:00,2023-05-13 13:23:00,2023-05-13 14:12:00,2023,5,Saturday,True,False,True,RFD-16,James River / Richmond,360.0,"Water & ice-related rescue, other",,,"Water/ice rescue, other",assist_no_rescue,Assist person; Investigate,,Unknown,Unknown recreational activity,2,0,0,0,assist_no_injury,No PFD/flotation device,No,No,1,4,Synthetic NFIRS-style record based on cleaner 2023-2025 export window.,4200.0,-240.0,-1170.0,False,False,11.0,60.0,"E16 at Pipeline for 2 people, activity unk. Assisted both off rocks, investigated, no injury. Neither had PFD. RTS.",37.531882,-77.434462,llm_site,PIPE,1.0,37.531882,-77.434462,landmark_exact,ollama:qwen2.5:14b,True,457.8,Pipeline Rapids,site_circle,True
JR-2023-0038,NFIRS,2023_2025_nfirs_cleaner_export,2023-05-16,2023-05-16 15:50:00,2023-05-16 15:56:00,2023-05-16 16:27:00,2023,5,Tuesday,False,False,True,RFD-01,James River / Richmond,363.0,Swift water rescue,,,Swift water rescue,assist_no_rescue,Assist person; Investigate,,Tube,Tubing,2,0,0,0,assist_no_injury,No PFD/flotation device; Rapid river rise,No,No,1,3,Synthetic NFIRS-style record based on cleaner 2023-2025 export window.,4430.0,-440.0,230.0,False,False,6.0,37.0,"E01 on scene 1500, 2 tubers without PFDs stuck in eddy river left as water came up quickly. Assisted to bank via reach pole, investigated. No inj.",,,unplaced,,0.0,,,unplaced,ollama:qwen2.5:14b,False,,,not_mapped,False
JR-2023-0033,NFIRS,2023_2025_nfirs_cleaner_export,2023-05-20,2023-05-20 16:30:00,2023-05-20 16:47:00,2023-05-20 18:45:00,2023,5,Saturday,True,False,True,RFD-RiverOps,James River / Richmond,361.0,Swimming/recreational water rescue,,,Swimming/recreational water rescue,working_rescue,Rescue/remove from harm; Provide EMS care,,Tube,Tubing,3,1,0,0,rescued_no_injury,,No,No,3,11,Synthetic NFIRS-style record based on cleaner 2023-2025 export window.,4390.0,-1100.0,-2500.0,False,False,17.0,135.0,"B1 working rescue, 3 tubers approx 150 yds below Browns Island. All 3 removed from harm into boat, EMS care provided, no injuries.",37.532563,-77.441084,llm_site,BROWN,1.0,37.532563,-77.441084,landmark_exact,ollama:qwen2.5:14b,True,273.1,Brown's Island,site_circle,True
JR-2023-0050,NFIRS,2023_2025_nfirs_cleaner_export,2023-05-20,2023-05-20 18:00:00,2023-05-20 18:05:00,2023-05-20 18:59:00,2023,5,Saturday,True,False,True,RFD-RiverOps,James River / Richmond,361.0,Swimming/recreational water rescue,,,Swimming/recreational water rescue,good_intent_cancelled,Standby,,,Fishing from bank/rocks,2,0,0,0,cancelled_or_no_incident_found,None/unknown,Yes,Unknown,1,3,Synthetic NFIRS-style record based on cleaner 2023-2025 export window.,4390.0,-1100.0,-2500.0,False,False,5.0,59.0,"B1 standby at Reedy Crk for 2 fishing from rocks. Pts found ok on bank, no incident. Cancelled.",37.52716,-77.469861,llm_site,REEDY,1.0,37.52716,-77.469861,landmark_fuzzy,ollama:qwen2.5:14b,True,134.6,Reedy Creek,not_mapped,False
JR-2023-0053,NFIRS,2023_2025_nfirs_cleaner_export,2023-05-23,2023-05-23 09:25:00,2023-05-23 09:33:00,2023-05-23 10:05:00,2023,5,Tuesday,False,False,True,RFD-05,James River / Richmond,363.0,Swift water rescue,,,Swift water rescue,medical_eval,Provide EMS care; Investigate,Mutual aid received,Motorboat/PWC,Motorboat/PWC,1,0,1,0,minor_injury_or_medical_eval,Inexperience,Yes,No,1,4,Synthetic NFIRS-style record based on cleaner 2023-2025 export window.,3490.0,-400.0,-900.0,False,False,8.0,40.0,"Motorboat operator at BI, 1 pt c/o minor injury. E05 EMS eval, pt inexperienced w/ vessel. Investigated, pt refused transport.",37.532563,-77.441084,llm_site,BROWN,1.0,,,unplaced,ollama:qwen2.5:14b,True,1171.7,Brown's Island,site_circle,True
JR-2023-0075,NFIRS,2023_2025_nfirs_cleaner_export,2023-05-28,2023-05-28 13:25:00,2023-05-28 13:34:00,2023-05-28 14:42:00,2023,5,Sunday,True,True,True,RFD-16,James River / Richmond,365.0,Watercraft rescue,,,Watercraft rescue,good_intent_cancelled,Investigate; No incident found,Aid given to another agency,Canoe,Canoeing,1,0,0,0,cancelled_or_no_incident_found,None/unknown,Yes,No,1,3,Synthetic NFIRS-style record based on cleaner 2023-2025 export window.,2460.0,-80.0,-400.0,False,False,9.0,77.0,"E16 investigated report of canoeist approx 100 yds upstream of Pipeline Rapids. No one found, no incident. E16 in service.",37.531882,-77.434462,llm_site,PIPE,1.0,37.531882,-77.434462,landmark_exact,ollama:qwen2.5:14b,True,464.2,Pipeline Rapids,not_mapped,False
JR-2023-0041,NFIRS,2023_2025_nfirs_cleaner_export,2023-05-29,2023-05-29 18:03:00,2023-05-29 18:10:00,2023-05-29 18:43:00,2023,5,Monday,False,True,True,RFD-16,James River / Richmond,363.0,Swift water rescue,,,Swift water rescue,medical_eval,Provide EMS care; Investigate,,Canoe,Canoeing,1,0,1,0,minor_injury_or_medical_eval,Alcohol suspected,Unknown,Yes,1,4,Synthetic NFIRS-style record based on cleaner 2023-2025 export window.,2490.0,30.0,-270.0,False,False,7.0,40.0,"1 canoeist at Huguenot flatwater, minor injury, EtOH suspected. E16 EMS eval, investigated. Pt released to friend.",37.561655,-77.542582,llm_site,HUG,1.0,37.561655,-77.542582,landmark_exact,ollama:qwen2.5:14b,True,195.7,Huguenot Flatwater,site_circle,True
JR-2023-0077,NFIRS,2023_2025_nfirs_cleaner_export,2023-06-01,2023-06-01 19:50:00,2023-06-01 20:01:00,2023-06-01 21:15:00,2023,6,Thursday,False,False,True,RFD-05,James River / Richmond,365.0,Watercraft rescue,,,Watercraft rescue,good_intent_cancelled,Investigate; No incident found,,Tube,Tubing,1,0,0,0,cancelled_or_no_incident_found,None/unknown,Unknown,No,1,3,Synthetic NFIRS-style record based on cleaner 2023-2025 export window.,3110.0,70.0,620.0,False,False,11.0,85.0,E05 inv tuber report belle isle 1 pt nothing found no incident canc RTS,37.530741,-77.455404,llm_site,BELLE,1.0,37.530741,-77.455404,landmark_exact,ollama:qwen2.5:14b,True,216.0,Belle Isle,not_mapped,False
JR-2023-0035,NFIRS,2023_2025_nfirs_cleaner_export,2023-06-02,2023-06-02 14:05:00,2023-06-02 14:13:00,2023-06-02 15:32:00,2023,6,Friday,False,False,True,RFD-01,James River / Richmond,363.0,Swift water rescue,,,Swift water rescue,assist_no_rescue,Assist person; Investigate,Other agency assisted,Unknown,Unknown recreational activity,2,0,0,0,assist_no_injury,Rapid river rise; Submerged obstacle/rocks,Yes,No,2,8,Synthetic NFIRS-style record based on cleaner 2023-2025 export window.,2950.0,-160.0,150.0,False,False,8.0,87.0,"E01 assisted 2 people who got stuck when water came up, submerged rocks in area. Investigated, no injuries, both self-extricated w/ assist. RTS.",,,unplaced,,0.0,,,unplaced,ollama:qwen2.5:14b,False,,,not_mapped,False
JR-2023-0013,NFIRS,2023_2025_nfirs_cleaner_export,2023-06-03,2023-06-03 06:20:00,2023-06-03 06:31:00,2023-06-03 08:08:00,2023,6,Saturday,True,False,False,RFD-01,James River / Richmond,361.0,Swimming/recreational water rescue,,,Swimming/recreational water rescue,working_rescue,Rescue/remove from harm; Provide EMS care,,Raft,Rafting,3,1,1,0,injury_or_rescue,Alcohol suspected; Rapid river rise; High water/current,Yes,Yes,3,14,Synthetic NFIRS-style record based on cleaner 2023-2025 export window.,2790.0,-160.0,-250.0,False,False,11.0,108.0,"E01 on scene Pony Pasture 0600, raft w/ 3 aboard pinned in high current, river rising fast. All pts removed from harm, 1 pt injured, EMS care. EtOH suspected. Pt home address 1600 blk Chamberlayne Ave.",37.552224,-77.517472,llm_site,PONY,1.0,37.552224,-77.517472,landmark_exact,ollama:qwen2.5:14b,True,1593.7,Pony Pasture,site_circle,True
JR-2023-0011,NFIRS,2023_2025_nfirs_cleaner_export,2023-06-03,2023-06-03 18:18:00,2023-06-03 18:24:00,2023-06-03 18:59:00,2023,6,Saturday,True,False,True,RFD-05,James River / Richmond,360.0,"Water & ice-related rescue, other",,,"Water/ice rescue, other",medical_eval,Provide EMS care; Investigate,,Tube,Tubing,3,0,1,0,minor_injury_or_medical_eval,No PFD/flotation device,No,No,1,3,Synthetic NFIRS-style record based on cleaner 2023-2025 export window.,2790.0,-160.0,-250.0,False,False,6.0,41.0,"E05 1800, 3 tubers on right bank after tubes dumped them, no PFDs. EMS eval all 3, 1 minor foot laceration bandaged. Investigated, RTS.",,,unplaced,,0.0,,,unplaced,ollama:qwen2.5:14b,False,,,not_mapped,False
JR-2023-0081,NFIRS,2023_2025_nfirs_cleaner_export,2023-06-04,2023-06-04 13:40:00,2023-06-04 13:51:00,2023-06-04 16:03:00,2023,6,Sunday,True,False,True,RFD-12,James River / Richmond,365.0,Watercraft rescue,,,Watercraft rescue,working_rescue,Rescue/remove from harm; Provide EMS care,,,Fishing from bank/rocks,1,1,0,0,rescued_no_injury,Rapid river rise; High water/current,Yes,Unknown,3,11,Synthetic NFIRS-style record based on cleaner 2023-2025 export window.,2630.0,-160.0,-480.0,False,False,11.0,143.0,E12 1 pt fishing on rocks trapped rising water high current ///[w3w] pt removed from harm EMS eval no inj RTS,37.529603,-77.441638,llm_what3words,BELLE,1.0,37.529603,-77.441638,what3words,ollama:qwen2.5:14b,True,0.0,Brown's Island,precise_point,True
JR-2023-0022,NFIRS,2023_2025_nfirs_cleaner_export,2023-06-10,2023-06-10 09:55:00,2023-06-10 10:06:00,2023-06-10 11:25:00,2023,6,Saturday,True,False,True,RFD-12,James River / Richmond,365.0,Watercraft rescue,,,Watercraft rescue,working_rescue,Water rescue; Provide EMS care,,Tube,Tubing,3,2,0,0,rescued_no_injury,No PFD/flotation device; Rapid river rise; High water/current,No,No,3,11,Synthetic NFIRS-style record based on cleaner 2023-2025 export window.,2140.0,-100.0,-10.0,False,False,11.0,90.0,"Water rescue x3 tubers approx 250 yds below Pony Pasture. E12 crew made water rescue, no PFDs, river up fast w/ strong current. EMS care, all pts uninjured.",37.552224,-77.517472,llm_site,PONY,1.0,37.552224,-77.517472,landmark_exact,ollama:qwen2.5:14b,True,598.7,Pony Pasture,site_circle,True
JR-2023-0019,NFIRS,2023_2025_nfirs_cleaner_export,2023-06-10,2023-06-10 15:15:00,2023-06-10 15:25:00,2023-06-10 16:30:00,2023,6,Saturday,True,False,True,RFD-01,James River / Richmond,361.0,Swimming/recreational water rescue,,,Swimming/recreational water rescue,working_rescue,Search for victim; Rescue/remove from harm,,,Swimming/Wading,2,1,0,0,rescued_no_injury,No PFD/flotation device; Rapid river rise; High water/current,No,No,3,14,Synthetic NFIRS-style record based on cleaner 2023-2025 export window.,2140.0,-100.0,-10.0,False,False,10.0,75.0,"E01 search for 2 swimmers swept by current, river rising. Both located and removed from harm, no PFDs. No injuries.",,,unplaced,,0.0,,,unplaced,ollama:qwen2.5:14b,False,,,not_mapped,False
JR-2023-0047,NFIRS,2023_2025_nfirs_cleaner_export,2023-06-11,2023-06-11 21:25:00,2023-06-11 21:32:00,2023-06-11 22:25:00,2023,6,Sunday,True,False,False,RFD-01,James River / Richmond,360.0,"Water & ice-related rescue, other",,,"Water/ice rescue, other",good_intent_cancelled,Canceled en route,,Tube,Tubing,2,0,0,0,cancelled_or_no_incident_found,,Unknown,No,1,3,Synthetic NFIRS-style record based on cleaner 2023-2025 export window.,1960.0,-180.0,-220.0,False,False,7.0,60.0,"2100 Engine 01 dispatched for 2 tubers overdue. Canceled en route, both accounted for by family. RTS.",,,unplaced,,0.0,,,unplaced,ollama:qwen2.5:14b,False,,,not_mapped,False
JR-2023-0037,NFIRS,2023_2025_nfirs_cleaner_export,2023-06-17,2023-06-17 19:10:00,2023-06-17 19:20:00,2023-06-17 20:29:00,2023,6,Saturday,True,False,True,RFD-01,James River / Richmond,365.0,Watercraft rescue,,,Watercraft rescue,medical_eval,Provide EMS care; Investigate,,Tube,Tubing,1,0,1,0,minor_injury_or_medical_eval,Rapid river rise,Yes,No,2,8,Synthetic NFIRS-style record based on cleaner 2023-2025 export window.,1600.0,-40.0,-80.0,False,False,10.0,79.0,"1 tuber c/o minor injury after river came up quick. E01 EMS eval, investigated. Pt signed refusal.",,,unplaced,,0.0,,,unplaced,ollama:qwen2.5:14b,False,,,not_mapped,False
JR-2023-0026,NFIRS,2023_2025_nfirs_cleaner_export,2023-06-18,2023-06-18 09:55:00,2023-06-18 10:01:00,2023-06-18 10:26:00,2023,6,Sunday,True,False,True,RFD-12,James River / Richmond,365.0,Watercraft rescue,,,Watercraft rescue,assist_no_rescue,Standby; Provide information to public,,Kayak,Kayaking,2,0,0,0,assist_no_injury,No PFD/flotation device; Inexperience; Submerged obstacle/rocks,No,No,1,3,Synthetic NFIRS-style record based on cleaner 2023-2025 export window.,1580.0,-20.0,-60.0,False,False,6.0,31.0,"E12 standby for 2 kayakers, no PFDs, both inexperienced. Area has submerged rocks. Provided info on PFD use and river hazards. No injury.",,,unplaced,,0.0,,,unplaced,ollama:qwen2.5:14b,False,,,not_mapped,False
JR-2023-0006,NFIRS,2023_2025_nfirs_cleaner_export,2023-06-21,2023-06-21 19:50:00,2023-06-21 19:56:00,2023-06-21 20:57:00,2023,6,Wednesday,False,False,True,RFD-16,James River / Richmond,361.0,Swimming/recreational water rescue,,,Swimming/recreational water rescue,assist_no_rescue,Assist person; Investigate,Mutual aid received,Tube,Tubing,2,0,0,0,assist_no_injury,,Yes,No,1,3,Synthetic NFIRS-style record based on cleaner 2023-2025 export window.,1720.0,70.0,140.0,False,False,6.0,67.0,E16 1900 assisted 2 tubers who washed up on gravel bar mid-river and could not get to shore. Walked out via shallow channel to river left. Investigated. No inj.,,,unplaced,,0.0,,,unplaced,ollama:qwen2.5:14b,False,,,not_mapped,False
JR-2023-0063,NFIRS,2023_2025_nfirs_cleaner_export,2023-06-27,2023-06-27 14:30:00,2023-06-27 14:40:00,2023-06-27 16:13:00,2023,6,Tuesday,False,False,True,RFD-RiverOps,James River / Richmond,365.0,Watercraft rescue,,,Watercraft rescue,medical_eval,Provide EMS care; Investigate,,Paddleboard,Stand-up paddleboard,2,0,1,0,minor_injury_or_medical_eval,No PFD/flotation device; Rapid river rise,No,No,2,8,Synthetic NFIRS-style record based on cleaner 2023-2025 export window.,8760.0,1030.0,-1840.0,False,False,10.0,103.0,"B1 at Bosher's Dam for 2 SUP, no PFDs, water rising fast. EMS care to 1 pt minor injury, 2nd pt eval'd ok. Investigated.",37.559948,-77.575019,llm_site,BOSH,1.0,37.559948,-77.575019,landmark_exact,ollama:qwen2.5:14b,True,195.6,Bosher Dam,site_circle,True
JR-2023-0078,NFIRS,2023_2025_nfirs_cleaner_export,2023-07-01,2023-07-01 18:35:00,2023-07-01 18:43:00,2023-07-01 19:16:00,2023,7,Saturday,True,True,True,RFD-16,James River / Richmond,365.0,Watercraft rescue,,,Watercraft rescue,good_intent_cancelled,Investigate; No incident found,,Kayak,Kayaking,2,0,0,0,cancelled_or_no_incident_found,None/unknown,Yes,No,1,3,Synthetic NFIRS-style record based on cleaner 2023-2025 export window.,3780.0,-880.0,-5580.0,False,False,8.0,41.0,"Caller reported 2 kayakers in trouble at Mayo Bridge. E16 checked, nothing there. Kayakers later confirmed at ///[w3w], investigated, both fine, no incident.",37.527839,-77.46397,llm_what3words,///[w3w],1.0,37.527839,-77.46397,what3words,ollama:qwen2.5:14b,True,0.0,Reedy Creek,not_mapped,False
JR-2023-0008,NFIRS,2023_2025_nfirs_cleaner_export,2023-07-03,2023-07-03 19:42:00,2023-07-03 19:53:00,2023-07-03 21:18:00,2023,7,Monday,False,True,True,RFD-RiverOps,James River / Richmond,361.0,Swimming/recreational water rescue,,,Swimming/recreational water rescue,assist_no_rescue,Assist person; Investigate,,,Fishing from bank/rocks,1,0,0,0,assist_no_injury,,No,No,2,8,Synthetic NFIRS-style record based on cleaner 2023-2025 export window.,6020.0,1640.0,1360.0,True,False,11.0,96.0,"B1 assist 1 fisherman on rocks approx 100 yds downstream of Ancarrows. Pt helped off rocks, investigated, no injuries.",37.520293,-77.417614,llm_site,ANC,1.0,37.520293,-77.417614,landmark_exact,ollama:qwen2.5:14b,True,102.0,Ancarrow's Landing,site_circle,True
JR-2023-0071,NFIRS,2023_2025_nfirs_cleaner_export,2023-07-04,2023-07-04 18:07:00,2023-07-04 18:14:00,2023-07-04 18:42:00,2023,7,Tuesday,False,True,True,RFD-16,James River / Richmond,361.0,Swimming/recreational water rescue,,,Swimming/recreational water rescue,assist_no_rescue,Standby; Provide information to public,Aid given to another agency,Tube,Tubing,2,0,0,0,assist_no_injury,No PFD/flotation device,No,No,1,4,Synthetic NFIRS-style record based on cleaner 2023-2025 export window.,4380.0,-1640.0,600.0,False,False,7.0,35.0,"42nd St lot. 2 tubers, no PFDs. E16 on standby, gave info re PFDs and conditions. No injury, RTS.",37.528301,-77.475311,llm_site,42ND,0.3,37.528301,-77.475311,landmark_exact,ollama:qwen2.5:14b,True,1627.1,42nd Street,site_circle,True
JR-2023-0005,NFIRS,2023_2025_nfirs_cleaner_export,2023-07-07,2023-07-07 11:55:00,2023-07-07 12:01:00,2023-07-07 13:48:00,2023,7,Friday,False,True,True,RFD-01,James River / Richmond,363.0,Swift water rescue,,,Swift water rescue,good_intent_cancelled,Canceled en route,Other agency assisted,Tube,Tubing,2,0,0,0,cancelled_or_no_incident_found,Rapid river rise,Unknown,No,2,8,Synthetic NFIRS-style record based on cleaner 2023-2025 export window.,3150.0,-950.0,-1230.0,False,False,6.0,113.0,E01 cancelled en route for 2 tubers approx 200 yds above Belle Isle. River rising. Caller advised pts out of water.,37.530741,-77.455404,llm_site,BELLE,1.0,37.530741,-77.455404,landmark_exact,ollama:qwen2.5:14b,True,167.6,Belle Isle,not_mapped,False
JR-2023-0068,NFIRS,2023_2025_nfirs_cleaner_export,2023-07-08,2023-07-08 10:45:00,2023-07-08 10:59:00,2023-07-08 13:23:00,2023,7,Saturday,True,False,True,RFD-12,James River / Richmond,361.0,Swimming/recreational water rescue,,,Swimming/recreational water rescue,working_rescue,Rescue/remove from harm; Provide EMS care,,,Swimming/Wading,1,1,1,0,injury_or_rescue,No PFD/flotation device; Rapid river rise; High water/current,No,No,3,11,Synthetic NFIRS-style record based on cleaner 2023-2025 export window.,3120.0,-30.0,-1010.0,False,False,14.0,158.0,E12 1 pt swimming bosher dam no PFD river up fast high current pt removed from harm inj EMS care txp,37.559948,-77.575019,llm_site,BOSH,1.0,37.559948,-77.575019,landmark_exact,ollama:qwen2.5:14b,True,874.2,Bosher Dam,site_circle,True
JR-2023-0024,NFIRS,2023_2025_nfirs_cleaner_export,2023-07-08,2023-07-08 12:05:00,2023-07-08 12:16:00,2023-07-08 14:25:00,2023,7,Saturday,True,False,True,RFD-RiverOps,James River / Richmond,363.0,Swift water rescue,,,Swift water rescue,working_rescue,Rescue/remove from harm; Provide EMS care,,Unknown,Unknown recreational activity,1,1,0,0,rescued_no_injury,No PFD/flotation device; Rapid river rise; High water/current,No,No,3,11,Synthetic NFIRS-style record based on cleaner 2023-2025 export window.,3120.0,-30.0,-1010.0,False,False,11.0,140.0,"Boat 1 rescue, 1 pt in water, high current, river up, no PFD. Pt removed from harm, EMS care, no injuries.",,,unplaced,,0.0,,,unplaced,ollama:qwen2.5:14b,False,,,not_mapped,False
JR-2023-0032,NFIRS,2023_2025_nfirs_cleaner_export,2023-07-08,2023-07-08 14:50:00,2023-07-08 14:59:00,2023-07-08 16:17:00,2023,7,Saturday,True,False,True,RFD-RiverOps,James River / Richmond,365.0,Watercraft rescue,,,Watercraft rescue,assist_no_rescue,Standby; Provide information to public,,Raft,Rafting,2,0,0,0,assist_no_injury,,Unknown,No,1,3,Synthetic NFIRS-style record based on cleaner 2023-2025 export window.,3120.0,-30.0,-1010.0,False,False,9.0,87.0,"Tredegar/Canal Walk, 2 rafters. B1 standby, provided info to public. No injury, B1 in service.",37.533637,-77.445376,llm_site,TRED,1.0,37.533637,-77.445376,landmark_exact,ollama:qwen2.5:14b,True,302.0,Tredegar / Canal Walk,site_circle,True
JR-2023-0012,NFIRS,2023_2025_nfirs_cleaner_export,2023-07-08,2023-07-08 18:00:00,2023-07-08 18:09:00,2023-07-08 18:32:00,2023,7,Saturday,True,False,True,RFD-01,James River / Richmond,365.0,Watercraft rescue,,,Watercraft rescue,assist_no_rescue,Search for victim; No rescue needed,,Kayak,Kayaking,2,0,0,0,assist_no_injury,Rapid river rise; Deceptive calm/local gage low but upstream rising,Yes,No,2,8,Synthetic NFIRS-style record based on cleaner 2023-2025 export window.,3120.0,-30.0,-1010.0,False,False,9.0,32.0,"E01 search 1800 for 2 kayakers overdue as river came up quickly; local gauge read low while upstream rising. Both located resting on left bank, no rescue needed. Advised of rising water.",,,unplaced,,0.0,,,unplaced,ollama:qwen2.5:14b,False,,,not_mapped,False
JR-2023-0040,NFIRS,2023_2025_nfirs_cleaner_export,2023-07-09,2023-07-09 16:42:00,2023-07-09 16:58:00,2023-07-09 18:42:00,2023,7,Sunday,True,False,True,RFD-05,James River / Richmond,363.0,Swift water rescue,,,Swift water rescue,working_rescue,Rescue/remove from harm; Provide EMS care,,Tube,Tubing,2,1,0,0,rescued_no_injury,Rapid river rise; High water/current,Unknown,Unknown,3,11,Synthetic NFIRS-style record based on cleaner 2023-2025 export window.,4140.0,1020.0,40.0,False,False,16.0,120.0,"E05 working rescue at ///[w3w], 2 tubers caught in high fast water. Both pts removed from harm, EMS care, no injuries.",37.528278,-77.474904,llm_what3words,garnet drift fable,1.0,37.528278,-77.474904,what3words,ollama:qwen2.5:14b,True,0.0,42nd Street,precise_point,True
JR-2023-0029,NFIRS,2023_2025_nfirs_cleaner_export,2023-07-15,2023-07-15 08:00:00,2023-07-15 08:09:00,2023-07-15 08:28:00,2023,7,Saturday,True,False,True,RFD-01,James River / Richmond,365.0,Watercraft rescue,,,Watercraft rescue,assist_no_rescue,Search for victim; No rescue needed,,Raft,Rafting,2,0,0,0,assist_no_injury,None/unknown,Yes,Unknown,2,6,Synthetic NFIRS-style record based on cleaner 2023-2025 export window.,7200.0,4480.0,2550.0,True,False,9.0,28.0,"0800 E01 search for 2 rafters at Reedy Creek. Located on shore, no rescue needed. No injury.",37.52716,-77.469861,llm_site,REEDY,1.0,37.52716,-77.469861,landmark_exact,ollama:qwen2.5:14b,True,66.7,Reedy Creek,site_circle,True
JR-2023-0042,NFIRS,2023_2025_nfirs_cleaner_export,2023-07-16,2023-07-16 16:45:00,2023-07-16 16:52:00,2023-07-16 17:42:00,2023,7,Sunday,True,False,True,RFD-01,James River / Richmond,365.0,Watercraft rescue,,,Watercraft rescue,good_intent_cancelled,Investigate; No incident found,,Paddleboard,Stand-up paddleboard,2,0,0,0,cancelled_or_no_incident_found,Inexperience,Yes,No,1,4,Synthetic NFIRS-style record based on cleaner 2023-2025 export window.,15000.0,7800.0,11770.0,True,False,7.0,57.0,"E01 investigated report of 2 SUP paddlers struggling, inexperienced. No incident found, cleared.",,,unplaced,,0.0,,,unplaced,ollama:qwen2.5:14b,False,,,not_mapped,False
JR-2023-0083,NFIRS,2023_2025_nfirs_cleaner_export,2023-07-17,2023-07-17 12:07:00,2023-07-17 12:13:00,2023-07-17 13:52:00,2023,7,Monday,False,False,True,RFD-01,James River / Richmond,361.0,Swimming/recreational water rescue,,,Swimming/recreational water rescue,assist_no_rescue,Standby; Provide information to public,,Kayak,Kayaking,1,0,0,0,assist_no_injury,None/unknown,Yes,No,2,6,Synthetic NFIRS-style record based on cleaner 2023-2025 export window.,41700.0,26700.0,38980.0,True,False,6.0,105.0,"1 kayaker, E01 standby, info given to public. No injury. RTS.",,,unplaced,,0.0,,,unplaced,ollama:qwen2.5:14b,False,,,not_mapped,False
JR-2023-0082,NFIRS,2023_2025_nfirs_cleaner_export,2023-07-20,2023-07-20 16:15:00,2023-07-20 16:25:00,2023-07-20 17:27:00,2023,7,Thursday,False,False,True,RFD-01,James River / Richmond,361.0,Swimming/recreational water rescue,,,Swimming/recreational water rescue,assist_no_rescue,Standby; Provide information to public,Other agency assisted,Tube,Tubing,3,0,0,0,assist_no_injury,Alcohol suspected,Yes,Yes,1,4,Synthetic NFIRS-style record based on cleaner 2023-2025 export window.,6970.0,-2810.0,-34730.0,False,False,10.0,72.0,"Dispatched Bosher Dam for 3 tubers, EtOH suspected. Crew found group at ///[w3w], not at dam. E01 standby, info provided, no injury.",37.529984,-77.454411,llm_what3words,hazel copper canoe,1.0,37.529984,-77.454411,what3words,ollama:qwen2.5:14b,True,0.0,Belle Isle,precise_point,True
JR-2023-0051,NFIRS,2023_2025_nfirs_cleaner_export,2023-07-22,2023-07-22 07:15:00,2023-07-22 07:20:00,2023-07-22 07:53:00,2023,7,Saturday,True,False,True,RFD-01,James River / Richmond,365.0,Watercraft rescue,,,Watercraft rescue,assist_no_rescue,Assist person; Investigate,Mutual aid received,Raft,Rafting,2,0,0,0,assist_no_injury,Alcohol suspected; Rapid river rise; Submerged obstacle/rocks,Unknown,Yes,1,3,Synthetic NFIRS-style record based on cleaner 2023-2025 export window.,4380.0,-1020.0,-5400.0,False,False,5.0,38.0,"E01 assist 2 rafters at 37.52766, -77.43581, raft hung on submerged rock, river rising. EtOH suspected. Pts assisted off, investigated, no injuries.",37.52766,-77.43581,llm_gps,PIPE,1.0,37.52766,-77.43581,gps,ollama:qwen2.5:14b,True,0.5,Mayo Bridge,precise_point,True
JR-2023-0046,NFIRS,2023_2025_nfirs_cleaner_export,2023-07-22,2023-07-22 09:55:00,2023-07-22 10:00:00,2023-07-22 10:57:00,2023,7,Saturday,True,False,True,RFD-05,James River / Richmond,363.0,Swift water rescue,,,Swift water rescue,good_intent_cancelled,Canceled en route,Aid given to another agency,Motorboat/PWC,Motorboat/PWC,1,0,0,0,cancelled_or_no_incident_found,No PFD/flotation device; Rapid river rise,No,No,1,4,Synthetic NFIRS-style record based on cleaner 2023-2025 export window.,4380.0,-1020.0,-5400.0,False,False,5.0,62.0,E05 canc en route PWC 1 pt pony pasture no PFD river rising pt made shore per caller,37.552224,-77.517472,llm_site,PONY,1.0,37.552224,-77.517472,landmark_exact,ollama:qwen2.5:14b,True,1670.7,Pony Pasture,not_mapped,False
JR-2023-0014,NFIRS,2023_2025_nfirs_cleaner_export,2023-07-22,2023-07-22 10:00:00,2023-07-22 10:12:00,2023-07-22 10:57:00,2023,7,Saturday,True,False,True,RFD-12,James River / Richmond,360.0,"Water & ice-related rescue, other",,,"Water/ice rescue, other",medical_eval,Provide EMS care; Investigate,Mutual aid received,Tube,Tubing,2,0,1,0,minor_injury_or_medical_eval,Submerged obstacle/rocks,Unknown,No,1,4,Synthetic NFIRS-style record based on cleaner 2023-2025 export window.,4380.0,-1020.0,-5400.0,False,False,12.0,57.0,"E12 med eval 2 tubers approx 150 yds above Pony Pasture, hit submerged rocks. Minor injuries, EMS care, investigated. Released.",37.552224,-77.517472,llm_site,PONY,1.0,37.552224,-77.517472,landmark_exact,ollama:qwen2.5:14b,True,200.2,Pony Pasture,site_circle,True
JR-2023-0001,NFIRS,2023_2025_nfirs_cleaner_export,2023-07-22,2023-07-22 14:15:00,2023-07-22 14:20:00,2023-07-22 15:06:00,2023,7,Saturday,True,False,True,RFD-12,James River / Richmond,361.0,Swimming/recreational water rescue,,,Swimming/recreational water rescue,assist_no_rescue,Standby; Provide information to public,,Tube,Tubing,3,0,0,0,assist_no_injury,No PFD/flotation device,No,No,1,3,Synthetic NFIRS-style record based on cleaner 2023-2025 export window.,4380.0,-1020.0,-5400.0,False,False,5.0,51.0,3 tubers no PFDs. E12 standby and provided safety info to public. No injuries.,,,unplaced,,0.0,,,unplaced,ollama:qwen2.5:14b,False,,,not_mapped,False
JR-2023-0085,NFIRS,2023_2025_nfirs_cleaner_export,2023-07-22,2023-07-22 16:05:00,2023-07-22 16:14:00,2023-07-22 17:45:00,2023,7,Saturday,True,False,True,RFD-05,James River / Richmond,365.0,Watercraft rescue,,,Watercraft rescue,medical_eval,Provide EMS care; Investigate,,,Swimming/Wading,1,0,0,0,no_injury,No PFD/flotation device; Rapid river rise; Deceptive calm/local gage low but upstream rising,No,No,2,8,Synthetic NFIRS-style record based on cleaner 2023-2025 export window.,4380.0,-1020.0,-5400.0,False,False,9.0,100.0,"E05 med eval 1 wader at ///[w3w], no PFD. River rising, local gauge low but upstream coming up. EMS care, investigated, no injury.",37.551455,-77.517066,llm_what3words,lantern hollow stone,1.0,37.551455,-77.517066,what3words,ollama:qwen2.5:14b,True,0.0,Pony Pasture,precise_point,True
JR-2023-0080,NFIRS,2023_2025_nfirs_cleaner_export,2023-07-23,2023-07-23 12:45:00,2023-07-23 12:55:00,2023-07-23 13:59:00,2023,7,Sunday,True,False,True,RFD-12,James River / Richmond,365.0,Watercraft rescue,,,Watercraft rescue,good_intent_cancelled,Canceled en route,,Motorboat/PWC,Motorboat/PWC,2,0,0,0,cancelled_or_no_incident_found,No PFD/flotation device,No,No,1,4,Synthetic NFIRS-style record based on cleaner 2023-2025 export window.,4200.0,-180.0,-2770.0,False,False,10.0,74.0,"PWC w/ 2, no PFDs, reported at ///[w3w]. E12 canceled en route.",37.52946,-77.478489,llm_what3words,///[w3w],1.0,37.52946,-77.478489,what3words,ollama:qwen2.5:14b,True,0.0,42nd Street,not_mapped,False
JR-2023-0059,NFIRS,2023_2025_nfirs_cleaner_export,2023-07-25,2023-07-25 12:50:00,2023-07-25 12:56:00,2023-07-25 14:18:00,2023,7,Tuesday,False,False,True,RFD-16,James River / Richmond,361.0,Swimming/recreational water rescue,,,Swimming/recreational water rescue,assist_no_rescue,Assist person; Investigate,,,Swimming/Wading,2,0,0,0,assist_no_injury,No PFD/flotation device; Inexperience,No,No,2,8,Synthetic NFIRS-style record based on cleaner 2023-2025 export window.,3630.0,-90.0,-750.0,False,False,6.0,88.0,"Engine 16 at 1200, 2 inexperienced waders without PFDs swept a short distance and stranded on rock near right bank. Crew assisted to shore, investigated. Uninjured.",,,unplaced,,0.0,,,unplaced,ollama:qwen2.5:14b,False,,,not_mapped,False
JR-2023-0069,NFIRS,2023_2025_nfirs_cleaner_export,2023-07-29,2023-07-29 15:20:00,2023-07-29 15:25:00,2023-07-29 16:26:00,2023,7,Saturday,True,False,True,RFD-05,James River / Richmond,365.0,Watercraft rescue,,,Watercraft rescue,assist_no_rescue,Standby; Provide information to public,,Unknown,Unknown recreational activity,2,0,0,0,assist_no_injury,No PFD/flotation device,No,No,2,8,Synthetic NFIRS-style record based on cleaner 2023-2025 export window.,2350.0,-220.0,-970.0,False,False,5.0,66.0,"Initially toned out to Reedy Creek for 2 people, activity unk. Nobody there. Located at the Mayo Br, E05 on standby and gave info to public. No PFDs, no injury.",37.528074,-77.43403,llm_site,MAYO,1.0,37.52716,-77.469861,landmark_exact,ollama:qwen2.5:14b,True,113.3,Mayo Bridge,site_circle,True
JR-2023-0015,NFIRS,2023_2025_nfirs_cleaner_export,2023-08-03,2023-08-03 16:30:00,2023-08-03 16:40:00,2023-08-03 17:43:00,2023,8,Thursday,False,False,True,RFD-01,James River / Richmond,365.0,Watercraft rescue,,,Watercraft rescue,assist_no_rescue,Search for victim; No rescue needed,,Kayak,Kayaking,2,0,0,0,assist_no_injury,No PFD/flotation device,No,No,1,4,Synthetic NFIRS-style record based on cleaner 2023-2025 export window.,1960.0,-40.0,-210.0,False,False,10.0,73.0,"E01 dispatched to Bosher Dam for 2 kayakers missing. Search there neg. Pts located at ///[w3w], on bank and ok, no rescue needed. No PFDs.",37.537989,-77.494745,llm_what3words,willow ember pebble,1.0,37.537989,-77.494745,what3words,ollama:qwen2.5:14b,True,0.0,42nd Street,precise_point,True
JR-2023-0010,NFIRS,2023_2025_nfirs_cleaner_export,2023-08-05,2023-08-05 19:50:00,2023-08-05 19:56:00,2023-08-05 21:01:00,2023,8,Saturday,True,False,True,RFD-12,James River / Richmond,361.0,Swimming/recreational water rescue,,,Swimming/recreational water rescue,medical_eval,Provide EMS care; Investigate,Mutual aid received,Tube,Tubing,2,0,0,0,no_injury,,Yes,Unknown,2,6,Synthetic NFIRS-style record based on cleaner 2023-2025 export window.,1950.0,-20.0,-50.0,False,False,6.0,71.0,"Med eval x2 tubers at ///[w3w]. E12 EMS eval, investigated, no injuries found. Released.",37.560039,-77.574983,llm_what3words,quiet island falcon,1.0,37.560039,-77.574983,what3words,ollama:qwen2.5:14b,True,0.0,Bosher Dam,precise_point,True
JR-2023-0084,NFIRS,2023_2025_nfirs_cleaner_export,2023-08-06,2023-08-06 13:20:00,2023-08-06 13:28:00,2023-08-06 14:27:00,2023,8,Sunday,True,False,True,RFD-RiverOps,James River / Richmond,365.0,Watercraft rescue,,,Watercraft rescue,working_rescue,Rescue/remove from harm; Provide EMS care,Mutual aid received,Kayak,Kayaking,1,1,0,0,rescued_no_injury,,No,No,2,8,Synthetic NFIRS-style record based on cleaner 2023-2025 export window.,2700.0,750.0,740.0,False,False,8.0,67.0,"Boat 1 1300 removed lone kayaker from rock mid-channel after boat wrapped. Pt transferred to boat and taken to river right bank. EMS eval, no injuries. Kayak left for later recovery.",37.531882,-77.434462,llm_site,PIPE,1.0,,,unplaced,ollama:qwen2.5:14b,True,1376.0,Pipeline Rapids,site_circle,True
JR-2023-0030,NFIRS,2023_2025_nfirs_cleaner_export,2023-08-09,2023-08-09 16:10:00,2023-08-09 16:19:00,2023-08-09 16:50:00,2023,8,Wednesday,False,False,True,RFD-12,James River / Richmond,361.0,Swimming/recreational water rescue,,,Swimming/recreational water rescue,medical_eval,Provide EMS care; Investigate,,Tube,Tubing,4,0,0,0,no_injury,No PFD/flotation device; Submerged obstacle/rocks,No,No,1,4,Synthetic NFIRS-style record based on cleaner 2023-2025 export window.,3020.0,130.0,320.0,False,False,9.0,40.0,E12 med eval 4 tubers bosher dam no PFDs hit submerged rocks EMS eval all 4 no inj investigated clr,37.559948,-77.575019,llm_site,BOSH,1.0,37.559948,-77.575019,landmark_exact,ollama:qwen2.5:14b,True,794.2,Bosher Dam,site_circle,True
JR-2023-0079,NFIRS,2023_2025_nfirs_cleaner_export,2023-08-12,2023-08-12 06:12:00,2023-08-12 06:19:00,2023-08-12 07:31:00,2023,8,Saturday,True,False,False,RFD-RiverOps,James River / Richmond,365.0,Watercraft rescue,,,Watercraft rescue,good_intent_cancelled,Canceled en route,,Kayak,Kayaking,1,0,0,0,cancelled_or_no_incident_found,,Unknown,No,1,4,Synthetic NFIRS-style record based on cleaner 2023-2025 export window.,2050.0,-170.0,-970.0,False,False,7.0,79.0,"B1 canceled en route 0600, 1 kayaker reported overdue, caller advised pt home.",,,unplaced,,0.0,,,unplaced,ollama:qwen2.5:14b,False,,,not_mapped,False
JR-2023-0074,NFIRS,2023_2025_nfirs_cleaner_export,2023-08-19,2023-08-19 18:25:00,2023-08-19 18:31:00,2023-08-19 20:29:00,2023,8,Saturday,True,False,True,RFD-16,James River / Richmond,361.0,Swimming/recreational water rescue,,,Swimming/recreational water rescue,working_rescue,Water rescue; Provide EMS care,,Unknown,Unknown recreational activity,2,1,1,0,injury_or_rescue,Rapid river rise; Deceptive calm/local gage low but upstream rising,Yes,No,2,7,Synthetic NFIRS-style record based on cleaner 2023-2025 export window.,1640.0,-140.0,-120.0,False,False,6.0,124.0,"Water rescue approx 200 yds downstream of Huguenot Flatwater, 2 pts. River rising fast while local gauge looked low, upstream gauges up. E16 water rescue, EMS care, 1 pt injured, txp.",37.561655,-77.542582,llm_site,HUG,1.0,37.561655,-77.542582,landmark_exact,ollama:qwen2.5:14b,True,57.5,Huguenot Flatwater,site_circle,True
JR-2023-0020,NFIRS,2023_2025_nfirs_cleaner_export,2023-08-19,2023-08-19 19:07:00,2023-08-19 19:16:00,2023-08-19 20:11:00,2023,8,Saturday,True,False,True,RFD-RiverOps,James River / Richmond,365.0,Watercraft rescue,,,Watercraft rescue,assist_no_rescue,Search for victim; No rescue needed,,,Swimming/Wading,1,0,0,0,assist_no_injury,No PFD/flotation device,No,No,2,6,Synthetic NFIRS-style record based on cleaner 2023-2025 export window.,1640.0,-140.0,-120.0,False,False,9.0,64.0,"Dispatched Z-Dam for swimmer missing. B1 searched there neg. Swimmer located at 42nd St on the bank, no rescue needed. No PFD. No injury.",37.528301,-77.475311,llm_site,42ND,1.0,37.528301,-77.475311,landmark_exact,ollama:qwen2.5:14b,True,901.1,42nd Street,site_circle,True
JR-2023-0031,NFIRS,2023_2025_nfirs_cleaner_export,2023-08-26,2023-08-26 12:07:00,2023-08-26 12:17:00,2023-08-26 13:15:00,2023,8,Saturday,True,False,True,RFD-12,James River / Richmond,365.0,Watercraft rescue,,,Watercraft rescue,assist_no_rescue,Standby; Provide information to public,,,Swimming/Wading,1,0,0,0,assist_no_injury,No PFD/flotation device; Inexperience; Submerged obstacle/rocks,No,No,1,4,Synthetic NFIRS-style record based on cleaner 2023-2025 export window.,1160.0,0.0,-130.0,False,False,10.0,68.0,"E12 standby for 1 wader at ///[w3w], inexperienced, no PFD, submerged rocks in area. Info given, no injury.",37.527653,-77.433565,llm_what3words,fable crest timber,1.0,37.527653,-77.433565,what3words,ollama:qwen2.5:14b,True,0.0,Mayo Bridge,precise_point,True
JR-2023-0076,NFIRS,2023_2025_nfirs_cleaner_export,2023-08-26,2023-08-26 13:20:00,2023-08-26 13:35:00,2023-08-26 16:22:00,2023,8,Saturday,True,False,True,RFD-01,James River / Richmond,363.0,Swift water rescue,,,Swift water rescue,working_rescue,Rescue/remove from harm; Provide EMS care,Aid given to another agency,Kayak,Kayaking,3,3,0,0,rescued_no_injury,No PFD/flotation device; Rapid river rise; High water/current; Inexperience,No,No,3,14,Synthetic NFIRS-style record based on cleaner 2023-2025 export window.,1160.0,0.0,-130.0,False,False,15.0,182.0,"3 kayakers flipped in high water at 37.52773, -77.46925. River up fast, no PFDs, all inexperienced. E01 removed all pts from harm, EMS care, no injuries.",37.52773,-77.46925,llm_gps,PIPE,1.0,37.52773,-77.46925,gps,ollama:qwen2.5:14b,True,0.5,Reedy Creek,precise_point,True
JR-2023-0025,NFIRS,2023_2025_nfirs_cleaner_export,2023-08-27,2023-08-27 10:07:00,2023-08-27 10:16:00,2023-08-27 11:36:00,2023,8,Sunday,True,False,True,RFD-16,James River / Richmond,360.0,"Water & ice-related rescue, other",,,"Water/ice rescue, other",assist_no_rescue,Search for victim; No rescue needed,Aid given to another agency,,Swimming/Wading,1,0,0,0,assist_no_injury,No PFD/flotation device,No,No,2,6,Synthetic NFIRS-style record based on cleaner 2023-2025 export window.,1330.0,170.0,90.0,False,False,9.0,89.0,"Toned out Mayo Bridge for 1 swimmer, nothing found. Updated info from caller: pt at Bosher Dam. E16 searched there, pt found on shore, no rescue needed, no PFD.",37.559948,-77.575019,llm_site,BOSH,1.0,37.528074,-77.43403,landmark_exact,ollama:qwen2.5:14b,True,356.8,Bosher Dam,site_circle,True
JR-2023-0086,NFIRS,2023_2025_nfirs_cleaner_export,2023-08-27,2023-08-27 13:55:00,2023-08-27 14:03:00,2023-08-27 15:46:00,2023,8,Sunday,True,False,True,RFD-RiverOps,James River / Richmond,361.0,Swimming/recreational water rescue,,,Swimming/recreational water rescue,working_rescue,Rescue/remove from harm; Provide EMS care,Aid given to another agency,Canoe,Canoeing,2,2,0,0,rescued_no_injury,No PFD/flotation device; Rapid river rise; High water/current,No,No,3,14,Synthetic NFIRS-style record based on cleaner 2023-2025 export window.,1330.0,170.0,90.0,False,False,8.0,111.0,"B1 rescue 2 canoeists approx 100 yds below the Z dam, canoe swamped, high fast water, no PFDs. Pts removed from harm, EMS care, uninjured.",37.558554,-77.526598,llm_site,ZDAM,1.0,37.558554,-77.526598,landmark_exact,ollama:qwen2.5:14b,True,56.0,Z-Dam Area,site_circle,True
JR-2023-0004,NFIRS,2023_2025_nfirs_cleaner_export,2023-09-02,2023-09-02 13:00:00,2023-09-02 13:09:00,2023-09-02 14:09:00,2023,9,Saturday,True,True,True,RFD-12,James River / Richmond,365.0,Watercraft rescue,,,Watercraft rescue,assist_no_rescue,Assist person; Investigate,,Tube,Tubing,4,0,0,0,assist_no_injury,,No,No,1,4,Synthetic NFIRS-style record based on cleaner 2023-2025 export window.,2810.0,-180.0,-450.0,False,False,9.0,69.0,"4 tubers assisted by E12, investigated. No injuries. RTS.",,,unplaced,,0.0,,,unplaced,ollama:qwen2.5:14b,False,,,not_mapped,False
JR-2023-0057,NFIRS,2023_2025_nfirs_cleaner_export,2023-09-08,2023-09-08 10:42:00,2023-09-08 10:51:00,2023-09-08 11:43:00,2023,9,Friday,False,False,True,RFD-12,James River / Richmond,361.0,Swimming/recreational water rescue,,,Swimming/recreational water rescue,assist_no_rescue,Assist person; Investigate,,Tube,Tubing,2,0,0,0,assist_no_injury,None/unknown,Unknown,No,2,6,Synthetic NFIRS-style record based on cleaner 2023-2025 export window.,1200.0,-40.0,-290.0,False,False,9.0,61.0,"E12 assist 2 tubers approx 200 yds upstream of Reedy Crk, investigated. No injury.",37.52716,-77.469861,llm_site,REEDY,1.0,37.52716,-77.469861,landmark_fuzzy,ollama:qwen2.5:14b,True,138.6,Reedy Creek,site_circle,True
JR-2023-0062,NFIRS,2023_2025_nfirs_cleaner_export,2023-09-09,2023-09-09 10:05:00,2023-09-09 10:11:00,2023-09-09 10:52:00,2023,9,Saturday,True,False,True,RFD-RiverOps,James River / Richmond,361.0,Swimming/recreational water rescue,,,Swimming/recreational water rescue,good_intent_cancelled,Canceled en route,,Unknown,Unknown recreational activity,1,0,0,0,cancelled_or_no_incident_found,No PFD/flotation device,No,No,1,4,Synthetic NFIRS-style record based on cleaner 2023-2025 export window.,1190.0,-10.0,-140.0,False,False,6.0,47.0,"1 pt activity unk at ///[w3w], no PFD. B1 canceled en route.",37.528191,-77.474179,llm_what3words,///[w3w],1.0,37.528191,-77.474179,what3words,ollama:qwen2.5:14b,True,0.0,42nd Street,not_mapped,False
JR-2023-0064,NFIRS,2023_2025_nfirs_cleaner_export,2023-09-09,2023-09-09 12:45:00,2023-09-09 12:55:00,2023-09-09 13:25:00,2023,9,Saturday,True,False,True,RFD-05,James River / Richmond,360.0,"Water & ice-related rescue, other",,,"Water/ice rescue, other",good_intent_cancelled,Canceled en route,,Tube,Tubing,4,0,0,0,cancelled_or_no_incident_found,No PFD/flotation device,No,No,1,3,Synthetic NFIRS-style record based on cleaner 2023-2025 export window.,1190.0,-10.0,-140.0,False,False,10.0,40.0,"E05 cxl en route, 4 tubers no PFDs reported at ///[w3w].",,,llm_off_list,///[w3w],0.0,,,w3w_off_river,ollama:qwen2.5:14b,False,,,not_mapped,False
JR-2023-0061,NFIRS,2023_2025_nfirs_cleaner_export,2023-09-11,2023-09-11 09:03:00,2023-09-11 09:18:00,2023-09-11 11:36:00,2023,9,Monday,False,False,True,RFD-16,James River / Richmond,365.0,Watercraft rescue,,,Watercraft rescue,working_rescue,Search for victim; Rescue/remove from harm,,Unknown,Unknown recreational activity,1,1,1,0,injury_or_rescue,No PFD/flotation device; Alcohol suspected; Rapid river rise; High water/current,No,Yes,3,14,Synthetic NFIRS-style record based on cleaner 2023-2025 export window.,1240.0,-10.0,40.0,False,False,15.0,153.0,"E16 search for 1 pt at Huguenot Flatwater, activity unk, no PFD, EtOH suspected. High water, river rising. Pt located and removed from harm, injured, txp. Pt lives 3200 blk Hanover Ave.",37.561655,-77.542582,llm_site,HUG,1.0,37.561655,-77.542582,landmark_exact,ollama:qwen2.5:14b,True,999.2,Huguenot Flatwater,site_circle,True
JR-2023-0073,NFIRS,2023_2025_nfirs_cleaner_export,2023-09-23,2023-09-23 16:03:00,2023-09-23 16:11:00,2023-09-23 17:20:00,2023,9,Saturday,True,False,True,RFD-12,James River / Richmond,361.0,Swimming/recreational water rescue,,,Swimming/recreational water rescue,assist_no_rescue,Assist person; Investigate,,,Swimming/Wading,1,0,0,0,assist_no_injury,No PFD/flotation device; Inexperience,No,No,1,4,Synthetic NFIRS-style record based on cleaner 2023-2025 export window.,2020.0,820.0,810.0,False,False,8.0,77.0,"E12 assisted 1 wader, inexperienced, no PFD, at ///[w3w]. Investigated, no injury.",37.557853,-77.568415,llm_what3words,jasper canyon fable,1.0,37.557853,-77.568415,what3words,ollama:qwen2.5:14b,True,0.0,Bosher Dam,precise_point,True
JR-2023-0017,NFIRS,2023_2025_nfirs_cleaner_export,2023-09-25,2023-09-25 08:12:00,2023-09-25 08:30:00,2023-09-25 10:43:00,2023,9,Monday,False,False,True,RFD-05,James River / Richmond,365.0,Watercraft rescue,,,Watercraft rescue,working_rescue,Search for victim; Rescue/remove from harm,,Unknown,Unknown recreational activity,1,1,0,0,rescued_no_injury,Rapid river rise; High water/current,Unknown,Unknown,3,14,Synthetic NFIRS-style record based on cleaner 2023-2025 export window.,5010.0,-850.0,3810.0,False,False,18.0,151.0,"Search for 1 pt in high current, river came up fast. E05 located pt at ///[w3w], removed from harm. No injury.",37.560257,-77.574896,llm_what3words,marble clover ripple,1.0,37.560257,-77.574896,what3words,ollama:qwen2.5:14b,True,0.0,Bosher Dam,precise_point,True
JR-2023-0003,NFIRS,2023_2025_nfirs_cleaner_export,2023-10-08,2023-10-08 11:12:00,2023-10-08 11:17:00,2023-10-08 12:38:00,2023,10,Sunday,True,False,True,RFD-RiverOps,James River / Richmond,361.0,Swimming/recreational water rescue,,,Swimming/recreational water rescue,assist_no_rescue,Standby; Provide information to public,,Tube,Tubing,4,0,0,0,assist_no_injury,No PFD/flotation device,No,No,2,6,Synthetic NFIRS-style record based on cleaner 2023-2025 export window.,1210.0,-20.0,-60.0,False,False,5.0,86.0,"B1 standby, 4 tubers w/o PFDs. Info provided to public re PFDs. No injuries.",,,unplaced,,0.0,,,unplaced,ollama:qwen2.5:14b,False,,,not_mapped,False
JR-2023-0018,NFIRS,2023_2025_nfirs_cleaner_export,2023-10-22,2023-10-22 17:15:00,2023-10-22 17:22:00,2023-10-22 18:19:00,2023,10,Sunday,True,False,True,RFD-16,James River / Richmond,363.0,Swift water rescue,,,Swift water rescue,assist_no_rescue,Standby; Provide information to public,,,Swimming/Wading,2,0,0,0,assist_no_injury,,Unknown,No,1,3,Synthetic NFIRS-style record based on cleaner 2023-2025 export window.,1210.0,-70.0,-110.0,False,False,7.0,64.0,"Caller reported 2 swimmers in trouble at Mayo Bridge, E16 found no one there. Swimmers were up at Reedy Creek. Standby, info given. No injury.",37.52716,-77.469861,llm_site,REEDY,1.0,37.52716,-77.469861,landmark_exact,ollama:qwen2.5:14b,True,82.6,Reedy Creek,site_circle,True
JR-2023-0043,NFIRS,2023_2025_nfirs_cleaner_export,2023-10-28,2023-10-28 14:50:00,2023-10-28 14:57:00,2023-10-28 15:59:00,2023,10,Saturday,True,False,True,RFD-16,James River / Richmond,365.0,Watercraft rescue,,,Watercraft rescue,good_intent_cancelled,Canceled en route,,Kayak,Kayaking,1,0,0,0,cancelled_or_no_incident_found,Inexperience,Yes,Unknown,1,3,Synthetic NFIRS-style record based on cleaner 2023-2025 export window.,1160.0,-10.0,-60.0,False,False,7.0,69.0,"E16 canceled en route, 1 kayaker, inexperienced, reported at 37.52201,-77.41891.",37.52201,-77.41891,llm_gps,,1.0,37.52201,-77.41891,gps,ollama:qwen2.5:14b,True,0.2,Ancarrow's Landing,not_mapped,False
JR-2023-0067,NFIRS,2023_2025_nfirs_cleaner_export,2023-10-29,2023-10-29 21:35:00,2023-10-29 21:43:00,2023-10-29 22:24:00,2023,10,Sunday,True,False,False,RFD-01,James River / Richmond,363.0,Swift water rescue,,,Swift water rescue,assist_no_rescue,Assist person; Investigate,,Kayak,Kayaking,3,0,0,0,assist_no_injury,No PFD/flotation device,No,No,1,4,Synthetic NFIRS-style record based on cleaner 2023-2025 export window.,1150.0,-10.0,-50.0,False,False,8.0,49.0,"E01 2100 hrs, 3 kayakers at the Z-Dam, no PFDs. Assisted off water, investigated. No injury.",37.558554,-77.526598,llm_site,ZDAM,1.0,37.558554,-77.526598,landmark_exact,ollama:qwen2.5:14b,True,31.4,Z-Dam Area,site_circle,True
JR-2023-0045,NFIRS,2023_2025_nfirs_cleaner_export,2023-11-13,2023-11-13 11:40:00,2023-11-13 11:51:00,2023-11-13 12:11:00,2023,11,Monday,False,False,True,RFD-12,James River / Richmond,361.0,Swimming/recreational water rescue,,,Swimming/recreational water rescue,medical_eval,Provide EMS care; Investigate,,Tube,Tubing,2,0,1,0,minor_injury_or_medical_eval,No PFD/flotation device; Inexperience,No,Unknown,1,3,Synthetic NFIRS-style record based on cleaner 2023-2025 export window.,1170.0,-20.0,-10.0,False,False,11.0,31.0,"Dispatched 42nd St for 2 tubers, nobody there. E12 located them at Z-dam. No PFDs, inexperienced. 1 pt minor injury, EMS care, investigated.",37.558554,-77.526598,llm_site,ZDAM,1.0,37.528301,-77.475311,landmark_exact,ollama:qwen2.5:14b,True,246.1,Z-Dam Area,site_circle,True
JR-2023-0028,NFIRS,2023_2025_nfirs_cleaner_export,2023-11-25,2023-11-25 12:50:00,2023-11-25 12:58:00,2023-11-25 13:26:00,2023,11,Saturday,True,False,True,RFD-RiverOps,James River / Richmond,363.0,Swift water rescue,,,Swift water rescue,assist_no_rescue,Standby; Provide information to public,,,Fishing from bank/rocks,1,0,0,0,assist_no_injury,Rapid river rise; Cold water exposure,Yes,No,1,3,Synthetic NFIRS-style record based on cleaner 2023-2025 export window.,4300.0,-2370.0,1490.0,False,False,8.0,36.0,"B1 standby for 1 fishing on rocks at 37.52833, -77.47084. Water rising, cold. Info provided, pt moved to high ground. No injury.",37.52833,-77.47084,llm_gps,,0.3,37.52833,-77.47084,gps,ollama:qwen2.5:14b,True,0.0,Reedy Creek,precise_point,True
JR-2023-0016,NFIRS,2023_2025_nfirs_cleaner_export,2023-12-04,2023-12-04 15:42:00,2023-12-04 15:55:00,2023-12-04 18:07:00,2023,12,Monday,False,False,True,RFD-16,James River / Richmond,365.0,Watercraft rescue,,,Watercraft rescue,working_rescue,Rescue/remove from harm; Provide EMS care,,Raft,Rafting,1,1,0,0,rescued_no_injury,Rapid river rise; Cold water exposure; High water/current; Inexperience,Unknown,No,3,11,Synthetic NFIRS-style record based on cleaner 2023-2025 export window.,1940.0,130.0,260.0,False,False,13.0,145.0,"1 rafter in high current at Pony Pasture, river up fast, cold water, inexperienced. E16 removed pt from harm, EMS care, no injury.",37.552224,-77.517472,llm_site,PONY,1.0,37.552224,-77.517472,landmark_exact,ollama:qwen2.5:14b,True,191.9,Pony Pasture,site_circle,True
JR-2023-0027,NFIRS,2023_2025_nfirs_cleaner_export,2023-12-16,2023-12-16 14:03:00,2023-12-16 14:11:00,2023-12-16 14:46:00,2023,12,Saturday,True,False,True,RFD-RiverOps,James River / Richmond,361.0,Swimming/recreational water rescue,,,Swimming/recreational water rescue,medical_eval,Provide EMS care; Investigate,,,Swimming/Wading,1,0,1,0,minor_injury_or_medical_eval,Cold water exposure,Yes,Unknown,1,4,Synthetic NFIRS-style record based on cleaner 2023-2025 export window.,4440.0,-1380.0,-6560.0,False,False,8.0,43.0,"B1 med eval 1 wader at Huguenot flatwater, cold water exposure, pt shivering. EMS care, investigated, minor, released.",37.561655,-77.542582,llm_site,HUG,1.0,37.561655,-77.542582,landmark_exact,ollama:qwen2.5:14b,True,47.7,Huguenot Flatwater,site_circle,True
JR-2023-0087,NFIRS,2023_2025_nfirs_cleaner_export,2023-12-19,2023-12-19 10:40:00,2023-12-19 10:50:00,2023-12-19 12:50:00,2023,12,Tuesday,False,False,True,RFD-16,James River / Richmond,363.0,Swift water rescue,,,Swift water rescue,working_rescue,Rescue/remove from harm; Provide EMS care,,Tube,Tubing,3,3,0,0,rescued_no_injury,Rapid river rise; Cold water exposure; High water/current; Inexperience,Yes,Unknown,3,11,Synthetic NFIRS-style record based on cleaner 2023-2025 export window.,15900.0,5600.0,11460.0,True,False,10.0,130.0,"1000 E16, 3 novice tubers stranded in high, cold water mid-channel after fast rise. Rescued one at a time via tethered swimmer and throw bag to left bank. EMS assessed all 3, mild cold exposure, no injuries. RTS.",,,unplaced,,0.0,,,unplaced,ollama:qwen2.5:14b,False,,,not_mapped,False
JR-2023-0034,NFIRS,2023_2025_nfirs_cleaner_export,2023-12-22,2023-12-22 14:05:00,2023-12-22 14:15:00,2023-12-22 15:31:00,2023,12,Friday,False,False,True,RFD-01,James River / Richmond,365.0,Watercraft rescue,,,Watercraft rescue,good_intent_cancelled,Canceled en route,,Tube,Tubing,1,0,0,0,cancelled_or_no_incident_found,No PFD/flotation device; Cold water exposure,No,No,1,3,Synthetic NFIRS-style record based on cleaner 2023-2025 export window.,5500.0,-1420.0,-10400.0,False,False,10.0,86.0,"E01 canc en route to Ancarrow's, 1 tuber no PFD in cold water, caller advised pt out.",37.520293,-77.417614,llm_site,ANC,1.0,37.520293,-77.417614,landmark_exact,ollama:qwen2.5:14b,True,191.5,Ancarrow's Landing,not_mapped,False
JR-2023-0044,NFIRS,2023_2025_nfirs_cleaner_export,2023-12-24,2023-12-24 17:12:00,2023-12-24 17:27:00,2023-12-24 20:25:00,2023,12,Sunday,True,False,True,RFD-16,James River / Richmond,365.0,Watercraft rescue,,,Watercraft rescue,fatality_recovery,Search for victim; Recover body/body parts; Provide EMS care,,Kayak,Kayaking,1,0,1,1,fatality,No PFD/flotation device; Rapid river rise; Cold water exposure; High water/current; Submerged obstacle/rocks,No,No,4,14,Synthetic NFIRS-style record based on cleaner 2023-2025 export window.,3960.0,-510.0,-2960.0,False,False,15.0,193.0,E16 search 1 kayaker ///[w3w] no PFD river rising fast cold high current submerged rocks body recovered EMS on scene pt DOA fatality PD notified,37.549906,-77.510354,llm_what3words,canoe juniper pebble,0.3,37.549906,-77.510354,what3words,ollama:qwen2.5:14b,True,0.0,Pony Pasture,precise_point,True
JR-2023-0039,NFIRS,2023_2025_nfirs_cleaner_export,2023-12-26,2023-12-26 12:25:00,2023-12-26 12:33:00,2023-12-26 13:01:00,2023,12,Tuesday,False,False,True,RFD-01,James River / Richmond,365.0,Watercraft rescue,,,Watercraft rescue,good_intent_cancelled,Canceled en route,,Tube,Tubing,2,0,0,0,cancelled_or_no_incident_found,Cold water exposure,Yes,No,1,4,Synthetic NFIRS-style record based on cleaner 2023-2025 export window.,3280.0,-220.0,-1190.0,False,False,8.0,36.0,"2 tubers, cold water. E01 cancelled en route.",,,unplaced,,0.0,,,unplaced,ollama:qwen2.5:14b,False,,,not_mapped,False
JR-2023-0021,NFIRS,2023_2025_nfirs_cleaner_export,2023-12-30,2023-12-30 10:20:00,2023-12-30 10:33:00,2023-12-30 11:40:00,2023,12,Saturday,True,False,True,RFD-05,James River / Richmond,365.0,Watercraft rescue,,,Watercraft rescue,working_rescue,Rescue/remove from harm; Provide EMS care,,,Swimming/Wading,1,1,0,0,rescued_no_injury,No PFD/flotation device; Rapid river rise; Cold water exposure; High water/current,No,No,3,14,Synthetic NFIRS-style record based on cleaner 2023-2025 export window.,10400.0,1320.0,6220.0,False,False,13.0,80.0,"E05 rescue 1 swimmer in high current, cold water, river rising, no PFD. Pt removed from harm, EMS care, no injury.",,,unplaced,,0.0,,,unplaced,ollama:qwen2.5:14b,False,,,not_mapped,False
JR-2023-0002,NFIRS,2023_2025_nfirs_cleaner_export,2023-12-31,2023-12-31 17:03:00,2023-12-31 17:13:00,2023-12-31 17:40:00,2023,12,Sunday,True,True,True,RFD-16,James River / Richmond,361.0,Swimming/recreational water rescue,,,Swimming/recreational water rescue,assist_no_rescue,Search for victim; No rescue needed,,,Swimming/Wading,1,0,0,0,assist_no_injury,No PFD/flotation device; Cold water exposure,No,Unknown,1,3,Synthetic NFIRS-style record based on cleaner 2023-2025 export window.,9110.0,-1290.0,0.0,False,False,10.0,37.0,E16 search 1 swimmer bosher's no PFD cold water pt found on bank no rescue needed no inj RTS,37.559948,-77.575019,llm_site,BOSH,1.0,37.559948,-77.575019,landmark_exact,ollama:qwen2.5:14b,True,1283.3,Bosher Dam,site_circle,True
JR-2024-0068,NFIRS,2023_2025_nfirs_cleaner_export,2024-01-06,2024-01-06 16:40:00,2024-01-06 16:47:00,2024-01-06 17:26:00,2024,1,Saturday,True,False,True,RFD-05,James River / Richmond,363.0,Swift water rescue,,,Swift water rescue,good_intent_cancelled,Canceled en route,,Kayak,Kayaking,2,0,0,0,cancelled_or_no_incident_found,Rapid river rise; Cold water exposure,Yes,No,2,6,Synthetic NFIRS-style record based on cleaner 2023-2025 export window.,4100.0,200.0,-810.0,False,False,7.0,46.0,"E05 cancelled en route to Pony Pasture, 2 kayakers, river up, cold water. Kayakers reported home safe, 2900 blk Kensington Ave.",,,unplaced,,0.0,37.552224,-77.517472,landmark_exact,ollama:qwen2.5:14b,False,,,not_mapped,False
JR-2024-0038,NFIRS,2023_2025_nfirs_cleaner_export,2024-01-09,2024-01-09 14:15:00,2024-01-09 14:26:00,2024-01-09 15:18:00,2024,1,Tuesday,False,False,True,RFD-16,James River / Richmond,361.0,Swimming/recreational water rescue,,,Swimming/recreational water rescue,good_intent_cancelled,Canceled en route,,,Swimming/Wading,1,0,0,0,cancelled_or_no_incident_found,Cold water exposure; Inexperience,Unknown,No,1,4,Synthetic NFIRS-style record based on cleaner 2023-2025 export window.,9220.0,80.0,5120.0,False,False,11.0,63.0,"Reedy Creek, 1 swimmer, inexperienced, cold water. E16 canx en route.",37.52716,-77.469861,llm_site,REEDY,1.0,37.52716,-77.469861,landmark_exact,ollama:qwen2.5:14b,True,141.7,Reedy Creek,not_mapped,False
JR-2024-0032,NFIRS,2023_2025_nfirs_cleaner_export,2024-01-13,2024-01-13 18:25:00,2024-01-13 18:32:00,2024-01-13 20:32:00,2024,1,Saturday,True,False,True,RFD-05,James River / Richmond,365.0,Watercraft rescue,,,Watercraft rescue,assist_no_rescue,Standby; Provide information to public,,Raft,Rafting,2,0,0,0,assist_no_injury,Cold water exposure,Yes,No,2,6,Synthetic NFIRS-style record based on cleaner 2023-2025 export window.,25000.0,-21400.0,-31200.0,False,False,7.0,127.0,"E05 standby, 2 rafters, cold water. Info provided to public on hypothermia risk. No injury.",,,unplaced,,0.0,,,unplaced,ollama:qwen2.5:14b,False,,,not_mapped,False
JR-2024-0065,NFIRS,2023_2025_nfirs_cleaner_export,2024-01-21,2024-01-21 11:10:00,2024-01-21 11:21:00,2024-01-21 12:28:00,2024,1,Sunday,True,False,True,RFD-12,James River / Richmond,365.0,Watercraft rescue,,,Watercraft rescue,good_intent_cancelled,Canceled en route,,Paddleboard,Stand-up paddleboard,2,0,0,0,cancelled_or_no_incident_found,Rapid river rise; Deceptive calm/local gage low but upstream rising; Cold water exposure; Inexperience,Yes,Unknown,2,8,Synthetic NFIRS-style record based on cleaner 2023-2025 export window.,6260.0,-790.0,-3040.0,False,False,11.0,78.0,"E12 canc en route for 2 SUP paddlers. River rising fast, local gauge looked calm but upstream up, cold water, inexperienced.",,,unplaced,,0.0,,,unplaced,ollama:qwen2.5:14b,False,,,not_mapped,False
JR-2024-0076,NFIRS,2023_2025_nfirs_cleaner_export,2024-01-24,2024-01-24 18:12:00,2024-01-24 18:22:00,2024-01-24 19:05:00,2024,1,Wednesday,False,False,True,RFD-05,James River / Richmond,365.0,Watercraft rescue,,,Watercraft rescue,assist_no_rescue,Assist person; Investigate,,,Swimming/Wading,2,0,0,0,assist_no_injury,No PFD/flotation device; Deceptive calm/local gage low but upstream rising; Cold water exposure,No,No,1,3,Synthetic NFIRS-style record based on cleaner 2023-2025 export window.,4860.0,-140.0,-1400.0,False,False,10.0,53.0,"2 swimmers assisted by E05, no PFDs, cold water. Local gauge low but upstream rising. Investigated, no injury.",,,unplaced,,0.0,,,unplaced,ollama:qwen2.5:14b,False,,,not_mapped,False
JR-2024-0023,NFIRS,2023_2025_nfirs_cleaner_export,2024-01-27,2024-01-27 06:35:00,2024-01-27 06:52:00,2024-01-27 08:16:00,2024,1,Saturday,True,False,False,RFD-16,James River / Richmond,365.0,Watercraft rescue,,,Watercraft rescue,working_rescue,Rescue/remove from harm; Provide EMS care,,Paddleboard,Stand-up paddleboard,3,2,1,0,injury_or_rescue,Rapid river rise; Cold water exposure; High water/current,Unknown,No,3,14,Synthetic NFIRS-style record based on cleaner 2023-2025 export window.,5160.0,320.0,300.0,False,False,17.0,101.0,"Dispatched Reedy Creek 0600 for 3 SUP. Crew rerouted to Bosher Dam after caller corrected. All 3 pts removed from harm in high cold water, river rising. EMS care, 1 pt injured.",37.559948,-77.575019,llm_site,BOSH,1.0,37.52716,-77.469861,landmark_exact,ollama:qwen2.5:14b,True,98.8,Bosher Dam,site_circle,True
JR-2024-0035,NFIRS,2023_2025_nfirs_cleaner_export,2024-01-27,2024-01-27 16:00:00,2024-01-27 16:11:00,2024-01-27 17:27:00,2024,1,Saturday,True,False,True,RFD-16,James River / Richmond,363.0,Swift water rescue,,,Swift water rescue,good_intent_cancelled,Standby,Aid given to another agency,,Swimming/Wading,1,0,0,0,cancelled_or_no_incident_found,Cold water exposure,Unknown,No,2,6,Synthetic NFIRS-style record based on cleaner 2023-2025 export window.,5160.0,320.0,300.0,False,False,11.0,87.0,"E16 standby at Pipeline for 1 swimmer, cold water. Pt out of water on arrival, cancelled. Pt resides 3400 blk Seminary Ave.",37.531882,-77.434462,llm_site,PIPE,1.0,37.531882,-77.434462,landmark_exact,ollama:qwen2.5:14b,True,484.4,Pipeline Rapids,not_mapped,False
JR-2024-0013,NFIRS,2023_2025_nfirs_cleaner_export,2024-01-27,2024-01-27 21:42:00,2024-01-27 21:49:00,2024-01-27 22:12:00,2024,1,Saturday,True,False,False,RFD-05,James River / Richmond,365.0,Watercraft rescue,,,Watercraft rescue,medical_eval,Provide EMS care; Investigate,,Kayak,Kayaking,2,0,0,0,no_injury,Cold water exposure,Yes,No,1,4,Synthetic NFIRS-style record based on cleaner 2023-2025 export window.,5160.0,320.0,300.0,False,False,7.0,30.0,"E05 2100, 2 kayakers wet and cold after swim, pulled out on river left. EMS eval for cold water exposure, no injury found. Investigated.",,,unplaced,,0.0,,,unplaced,ollama:qwen2.5:14b,False,,,not_mapped,False
JR-2024-0059,NFIRS,2023_2025_nfirs_cleaner_export,2024-01-30,2024-01-30 16:45:00,2024-01-30 16:52:00,2024-01-30 18:03:00,2024,1,Tuesday,False,False,True,RFD-16,James River / Richmond,363.0,Swift water rescue,,,Swift water rescue,good_intent_cancelled,Canceled en route,,Tube,Tubing,1,0,0,0,cancelled_or_no_incident_found,No PFD/flotation device; Rapid river rise; Deceptive calm/local gage low but upstream rising; Cold water exposure; Inexperience,No,No,2,8,Synthetic NFIRS-style record based on cleaner 2023-2025 export window.,38300.0,8100.0,33140.0,True,False,7.0,78.0,"E16 canc en route 1 tuber 37.56127, -77.54166 no PFD river rising local gauge low upstream up cold water inexp",37.56127,-77.54166,llm_gps,,0.3,37.56127,-77.54166,gps,ollama:qwen2.5:14b,True,0.5,Huguenot Flatwater,not_mapped,False
JR-2024-0043,NFIRS,2023_2025_nfirs_cleaner_export,2024-02-17,2024-02-17 12:18:00,2024-02-17 12:23:00,2024-02-17 12:53:00,2024,2,Saturday,True,False,True,RFD-16,James River / Richmond,365.0,Watercraft rescue,,,Watercraft rescue,assist_no_rescue,Assist person; Investigate,,Kayak,Kayaking,2,0,0,0,assist_no_injury,Cold water exposure; Inexperience,Yes,Unknown,1,3,Synthetic NFIRS-style record based on cleaner 2023-2025 export window.,12000.0,-3000.0,-1500.0,False,False,5.0,35.0,"2 kayakers at ///[w3w], cold water, inexperienced. E16 assisted pts to bank, investigated. No injury.",,,llm_off_list,///[w3w],0.0,,,w3w_off_river,ollama:qwen2.5:14b,False,,,not_mapped,False
JR-2024-0030,NFIRS,2023_2025_nfirs_cleaner_export,2024-02-24,2024-02-24 13:10:00,2024-02-24 13:15:00,2024-02-24 13:59:00,2024,2,Saturday,True,False,True,RFD-12,James River / Richmond,360.0,"Water & ice-related rescue, other",,,"Water/ice rescue, other",assist_no_rescue,Assist person; Investigate,,Raft,Rafting,1,0,0,0,assist_no_injury,Alcohol suspected; Cold water exposure; Submerged obstacle/rocks,Unknown,Yes,1,3,Synthetic NFIRS-style record based on cleaner 2023-2025 export window.,5700.0,-160.0,-1140.0,False,False,5.0,49.0,"E12 assist 1 rafter hung up on submerged rocks, EtOH suspected, cold water. Pt assisted off, investigated. No injury.",,,unplaced,,0.0,,,unplaced,ollama:qwen2.5:14b,False,,,not_mapped,False
JR-2024-0044,NFIRS,2023_2025_nfirs_cleaner_export,2024-03-05,2024-03-05 09:42:00,2024-03-05 09:52:00,2024-03-05 11:08:00,2024,3,Tuesday,False,False,True,RFD-01,James River / Richmond,365.0,Watercraft rescue,,,Watercraft rescue,good_intent_cancelled,Standby,,Paddleboard,Stand-up paddleboard,1,0,0,0,cancelled_or_no_incident_found,None/unknown,Unknown,No,1,3,Synthetic NFIRS-style record based on cleaner 2023-2025 export window.,12600.0,-1200.0,2400.0,False,False,10.0,86.0,E01 standby 1 SUP N37.52748 W77.47066 canc no inc,37.52748,-77.47066,llm_gps,,1.0,37.52748,-77.47066,gps,ollama:qwen2.5:14b,True,0.6,Reedy Creek,not_mapped,False
JR-2024-0053,NFIRS,2023_2025_nfirs_cleaner_export,2024-03-09,2024-03-09 11:42:00,2024-03-09 12:00:00,2024-03-09 14:06:00,2024,3,Saturday,True,False,True,RFD-16,James River / Richmond,363.0,Swift water rescue,,,Swift water rescue,working_rescue,Search for victim; Rescue/remove from harm,Aid given to another agency,,Fishing from bank/rocks,1,1,0,0,rescued_no_injury,Rapid river rise; Deceptive calm/local gage low but upstream rising; High water/current,Yes,No,4,14,Synthetic NFIRS-style record based on cleaner 2023-2025 export window.,10100.0,0.0,-2300.0,False,False,18.0,144.0,"E16 search 1 fisherman stranded on rocks approx 150 yds above Pony Pasture, river came up fast, local gauge low upstream rising, high current. Pt removed from harm, no injury.",37.552224,-77.517472,llm_site,PONY,1.0,37.552224,-77.517472,landmark_exact,ollama:qwen2.5:14b,True,47.7,Pony Pasture,site_circle,True
JR-2024-0063,NFIRS,2023_2025_nfirs_cleaner_export,2024-03-11,2024-03-11 09:45:00,2024-03-11 09:56:00,2024-03-11 10:26:00,2024,3,Monday,False,False,True,RFD-05,James River / Richmond,365.0,Watercraft rescue,,,Watercraft rescue,good_intent_cancelled,Standby,,,Swimming/Wading,1,0,0,0,cancelled_or_no_incident_found,No PFD/flotation device; Cold water exposure; Inexperience,No,Unknown,1,3,Synthetic NFIRS-style record based on cleaner 2023-2025 export window.,19700.0,1200.0,9600.0,False,False,11.0,41.0,"E05 stood by 0900 for single swimmer in cold water off gravel bar, no PFD, inexperienced. Pt exited on own. Canceled, no incident.",,,unplaced,,0.0,,,unplaced,ollama:qwen2.5:14b,False,,,not_mapped,False
JR-2024-0074,NFIRS,2023_2025_nfirs_cleaner_export,2024-04-14,2024-04-14 14:35:00,2024-04-14 14:40:00,2024-04-14 16:41:00,2024,4,Sunday,True,False,True,RFD-05,James River / Richmond,365.0,Watercraft rescue,,,Watercraft rescue,assist_no_rescue,Assist person; Investigate,Aid given to another agency,,Swimming/Wading,2,0,0,0,assist_no_injury,No PFD/flotation device; Rapid river rise,No,No,2,8,Synthetic NFIRS-style record based on cleaner 2023-2025 export window.,29200.0,17400.0,20150.0,True,False,5.0,126.0,"2 swimmers at Belle Isle, no PFDs, river rising. E05 assisted both to shore, investigated, no injury.",37.530741,-77.455404,llm_site,BELLE,1.0,37.530741,-77.455404,landmark_exact,ollama:qwen2.5:14b,True,141.1,Belle Isle,site_circle,True
JR-2024-0071,NFIRS,2023_2025_nfirs_cleaner_export,2024-04-20,2024-04-20 09:45:00,2024-04-20 09:56:00,2024-04-20 10:57:00,2024,4,Saturday,True,False,True,RFD-01,James River / Richmond,363.0,Swift water rescue,,,Swift water rescue,assist_no_rescue,Standby; Provide information to public,Mutual aid received,Unknown,Unknown recreational activity,1,0,0,0,assist_no_injury,None/unknown,Unknown,Unknown,1,3,Synthetic NFIRS-style record based on cleaner 2023-2025 export window.,8990.0,-840.0,-4810.0,False,False,11.0,72.0,"E01 standby at 37.55891, -77.57143, 1 pt activity unk. Info provided to public. No injury.",37.55891,-77.57143,llm_gps,,0.3,37.55891,-77.57143,gps,ollama:qwen2.5:14b,True,0.6,Bosher Dam,precise_point,True
JR-2024-0078,NFIRS,2023_2025_nfirs_cleaner_export,2024-04-20,2024-04-20 13:15:00,2024-04-20 13:26:00,2024-04-20 14:38:00,2024,4,Saturday,True,False,True,RFD-RiverOps,James River / Richmond,361.0,Swimming/recreational water rescue,,,Swimming/recreational water rescue,assist_no_rescue,Search for victim; No rescue needed,,Tube,Tubing,1,0,0,0,assist_no_injury,Submerged obstacle/rocks,Unknown,No,1,3,Synthetic NFIRS-style record based on cleaner 2023-2025 export window.,8990.0,-840.0,-4810.0,False,False,11.0,83.0,"B1 search 1 tuber, submerged rocks in area. Pt located, no rescue needed, no injury.",,,unplaced,,0.0,,,unplaced,ollama:qwen2.5:14b,False,,,not_mapped,False
JR-2024-0092,NFIRS,2023_2025_nfirs_cleaner_export,2024-05-12,2024-05-12 18:42:00,2024-05-12 18:50:00,2024-05-12 20:18:00,2024,5,Sunday,True,False,True,RFD-12,James River / Richmond,361.0,Swimming/recreational water rescue,,,Swimming/recreational water rescue,good_intent_cancelled,Canceled en route,,,Swimming/Wading,1,0,0,0,cancelled_or_no_incident_found,None/unknown,Yes,No,2,8,Synthetic NFIRS-style record based on cleaner 2023-2025 export window.,4040.0,-410.0,-1720.0,False,False,8.0,96.0,"1 swimmer PP, E12 canceled en route.",37.552224,-77.517472,llm_site,PONY,1.0,,,unplaced,ollama:qwen2.5:14b,True,149.1,Pony Pasture,not_mapped,False
JR-2024-0080,NFIRS,2023_2025_nfirs_cleaner_export,2024-05-17,2024-05-17 09:10:00,2024-05-17 09:24:00,2024-05-17 10:34:00,2024,5,Friday,False,False,True,RFD-05,James River / Richmond,363.0,Swift water rescue,,,Swift water rescue,working_rescue,Search for victim; Rescue/remove from harm,,,Swimming/Wading,1,1,1,0,injury_or_rescue,Alcohol suspected; Rapid river rise; High water/current; Submerged obstacle/rocks,Unknown,Yes,3,11,Synthetic NFIRS-style record based on cleaner 2023-2025 export window.,4720.0,-60.0,1130.0,False,False,14.0,84.0,"E05 search for 1 swimmer at Pony Pasture, swept into rocks as river came up. High current, EtOH suspected. Pt located and removed from harm, injured, turned over to EMS.",37.552224,-77.517472,llm_site,PONY,1.0,37.552224,-77.517472,landmark_exact,ollama:qwen2.5:14b,True,51.5,Pony Pasture,site_circle,True
JR-2024-0026,NFIRS,2023_2025_nfirs_cleaner_export,2024-05-19,2024-05-19 09:25:00,2024-05-19 09:34:00,2024-05-19 10:31:00,2024,5,Sunday,True,False,True,RFD-12,James River / Richmond,361.0,Swimming/recreational water rescue,,,Swimming/recreational water rescue,good_intent_cancelled,Canceled en route,Aid given to another agency,Paddleboard,Stand-up paddleboard,2,0,0,0,cancelled_or_no_incident_found,No PFD/flotation device,No,No,1,4,Synthetic NFIRS-style record based on cleaner 2023-2025 export window.,16500.0,11040.0,11720.0,True,False,9.0,66.0,"2 SUP no PFDs off Belle Isle. E12 canceled en route, paddlers made shore. Home address 1800 blk Monument Ave.",37.530741,-77.455404,llm_site,BELLE,1.0,37.530741,-77.455404,landmark_exact,ollama:qwen2.5:14b,True,629.0,Belle Isle,not_mapped,False
JR-2024-0033,NFIRS,2023_2025_nfirs_cleaner_export,2024-05-19,2024-05-19 22:15:00,2024-05-19 22:25:00,2024-05-19 23:18:00,2024,5,Sunday,True,False,False,RFD-01,James River / Richmond,361.0,Swimming/recreational water rescue,,,Swimming/recreational water rescue,medical_eval,Provide EMS care; Investigate,,Unknown,Unknown recreational activity,1,0,1,0,minor_injury_or_medical_eval,None/unknown,Yes,No,2,8,Synthetic NFIRS-style record based on cleaner 2023-2025 export window.,16500.0,11040.0,11720.0,True,False,10.0,63.0,"E01 2200 med eval 1 pt at ///[w3w], activity unk. Minor injury, EMS care, investigated.",37.559671,-77.573168,llm_what3words,///[w3w],1.0,37.559671,-77.573168,what3words,ollama:qwen2.5:14b,True,0.0,Bosher Dam,precise_point,True
JR-2024-0077,NFIRS,2023_2025_nfirs_cleaner_export,2024-05-24,2024-05-24 15:35:00,2024-05-24 15:50:00,2024-05-24 17:27:00,2024,5,Friday,False,False,True,RFD-12,James River / Richmond,363.0,Swift water rescue,,,Swift water rescue,fatality_recovery,Search for victim; Recover body/body parts; Provide EMS care,,Unknown,Unknown recreational activity,1,0,0,1,fatality,Rapid river rise; High water/current; Inexperience,Yes,No,4,14,Synthetic NFIRS-style record based on cleaner 2023-2025 export window.,6160.0,-1370.0,-5040.0,False,False,15.0,112.0,E12 search 1 pt z dam activity unk inexp river up fast high current body recovered EMS on scene fatality PD and ME notified,37.558554,-77.526598,llm_site,ZDAM,1.0,37.558554,-77.526598,landmark_exact,ollama:qwen2.5:14b,True,264.3,Z-Dam Area,site_circle,True
JR-2024-0066,NFIRS,2023_2025_nfirs_cleaner_export,2024-06-01,2024-06-01 10:00:00,2024-06-01 10:08:00,2024-06-01 10:56:00,2024,6,Saturday,True,False,True,RFD-05,James River / Richmond,365.0,Watercraft rescue,,,Watercraft rescue,medical_eval,Provide EMS care; Investigate,,Canoe,Canoeing,2,0,1,0,minor_injury_or_medical_eval,No PFD/flotation device,No,No,1,4,Synthetic NFIRS-style record based on cleaner 2023-2025 export window.,3370.0,-360.0,-1150.0,False,False,8.0,56.0,"E05 med eval 2 canoeists at ///[w3w]. No PFDs. 1 pt minor laceration, EMS care, investigated.",,,llm_off_list,///[w3w],0.0,,,w3w_unresolved,ollama:qwen2.5:14b,False,,,not_mapped,False
JR-2024-0055,NFIRS,2023_2025_nfirs_cleaner_export,2024-06-06,2024-06-06 14:20:00,2024-06-06 14:29:00,2024-06-06 14:50:00,2024,6,Thursday,False,False,True,RFD-16,James River / Richmond,365.0,Watercraft rescue,,,Watercraft rescue,medical_eval,Provide EMS care; Investigate,Aid given to another agency,Unknown,Unknown recreational activity,1,0,1,0,minor_injury_or_medical_eval,No PFD/flotation device,No,No,1,3,Synthetic NFIRS-style record based on cleaner 2023-2025 export window.,2580.0,-120.0,-330.0,False,False,9.0,30.0,"1 pt at N37.52873 W77.47780, activity unk, no PFD. E16 EMS eval for minor injury, investigated, released.",37.52873,-77.4778,llm_gps,,1.0,37.52873,-77.4778,gps,ollama:qwen2.5:14b,True,0.5,42nd Street,precise_point,True
JR-2024-0039,NFIRS,2023_2025_nfirs_cleaner_export,2024-06-08,2024-06-08 10:50:00,2024-06-08 10:58:00,2024-06-08 11:53:00,2024,6,Saturday,True,False,True,RFD-05,James River / Richmond,361.0,Swimming/recreational water rescue,,,Swimming/recreational water rescue,medical_eval,Provide EMS care; Investigate,,,Swimming/Wading,1,0,1,0,minor_injury_or_medical_eval,No PFD/flotation device; Deceptive calm/local gage low but upstream rising,No,No,1,3,Synthetic NFIRS-style record based on cleaner 2023-2025 export window.,2930.0,30.0,230.0,False,False,8.0,63.0,"Wader at Pony Pasture, no PFD, got knocked down when water came up, local gauge looked low but upstream rising. E05 EMS care minor injury, investigated. Pt from 4100 blk Brook Rd.",37.552224,-77.517472,llm_site,PONY,1.0,37.552224,-77.517472,landmark_exact,ollama:qwen2.5:14b,True,690.2,Pony Pasture,site_circle,True
JR-2024-0049,NFIRS,2023_2025_nfirs_cleaner_export,2024-06-08,2024-06-08 14:18:00,2024-06-08 14:27:00,2024-06-08 15:26:00,2024,6,Saturday,True,False,True,RFD-12,James River / Richmond,360.0,"Water & ice-related rescue, other",,,"Water/ice rescue, other",good_intent_cancelled,Canceled en route,,,Fishing from bank/rocks,1,0,0,0,cancelled_or_no_incident_found,No PFD/flotation device,No,No,1,4,Synthetic NFIRS-style record based on cleaner 2023-2025 export window.,2930.0,30.0,230.0,False,False,9.0,68.0,"E12 canceled en route, 1 fishing from bank at N37.53057 W77.45472, no PFD.",37.53057,-77.45472,llm_gps,,0.3,37.53057,-77.45472,gps,ollama:qwen2.5:14b,True,0.2,Belle Isle,not_mapped,False
JR-2024-0042,NFIRS,2023_2025_nfirs_cleaner_export,2024-06-08,2024-06-08 15:35:00,2024-06-08 15:46:00,2024-06-08 16:19:00,2024,6,Saturday,True,False,True,RFD-01,James River / Richmond,360.0,"Water & ice-related rescue, other",,,"Water/ice rescue, other",good_intent_cancelled,Canceled en route,,,Swimming/Wading,2,0,0,0,cancelled_or_no_incident_found,,No,No,1,4,Synthetic NFIRS-style record based on cleaner 2023-2025 export window.,2930.0,30.0,230.0,False,False,11.0,44.0,E01 canc en route 2 swimmers mayo br per caller out of water,,,unplaced,,0.0,,,unplaced,ollama:qwen2.5:14b,False,,,not_mapped,False
JR-2024-0031,NFIRS,2023_2025_nfirs_cleaner_export,2024-06-10,2024-06-10 19:35:00,2024-06-10 19:43:00,2024-06-10 20:18:00,2024,6,Monday,False,False,True,RFD-01,James River / Richmond,365.0,Watercraft rescue,,,Watercraft rescue,assist_no_rescue,Assist person; Investigate,,Raft,Rafting,1,0,0,0,assist_no_injury,No PFD/flotation device,No,No,2,8,Synthetic NFIRS-style record based on cleaner 2023-2025 export window.,2960.0,-310.0,60.0,False,False,8.0,43.0,E01 1 rafter ///[w3w] no PFD assisted to bank inv no inj,37.537517,-77.49285,llm_what3words,cobalt.jasper.ember,0.3,37.537517,-77.49285,what3words,ollama:qwen2.5:14b,True,0.0,42nd Street,precise_point,True
JR-2024-0005,NFIRS,2023_2025_nfirs_cleaner_export,2024-06-15,2024-06-15 09:42:00,2024-06-15 09:52:00,2024-06-15 10:40:00,2024,6,Saturday,True,False,True,RFD-01,James River / Richmond,365.0,Watercraft rescue,,,Watercraft rescue,assist_no_rescue,Refer to proper authority,,Raft,Rafting,1,0,0,0,assist_no_injury,None/unknown,Yes,No,1,3,Synthetic NFIRS-style record based on cleaner 2023-2025 export window.,1950.0,-90.0,-440.0,False,False,10.0,58.0,"E01 on scene for 1 rafter, no injury. Referred to proper authority.",,,unplaced,,0.0,,,unplaced,ollama:qwen2.5:14b,False,,,not_mapped,False
JR-2024-0075,NFIRS,2023_2025_nfirs_cleaner_export,2024-06-15,2024-06-15 15:05:00,2024-06-15 15:16:00,2024-06-15 15:45:00,2024,6,Saturday,True,False,True,RFD-16,James River / Richmond,365.0,Watercraft rescue,,,Watercraft rescue,assist_no_rescue,Search for victim; No rescue needed,,Raft,Rafting,2,0,0,0,assist_no_injury,None/unknown,Yes,No,1,4,Synthetic NFIRS-style record based on cleaner 2023-2025 export window.,1950.0,-90.0,-440.0,False,False,11.0,40.0,"E16 1500 searched for rafter separated from group after swim. Located on right bank, uninjured, no rescue needed. Group reunited.",,,unplaced,,0.0,,,unplaced,ollama:qwen2.5:14b,False,,,not_mapped,False
JR-2024-0007,NFIRS,2023_2025_nfirs_cleaner_export,2024-06-15,2024-06-15 20:15:00,2024-06-15 20:30:00,2024-06-15 23:33:00,2024,6,Saturday,True,False,True,RFD-01,James River / Richmond,365.0,Watercraft rescue,,,Watercraft rescue,working_rescue,Water rescue; Provide EMS care,Other agency assisted,Canoe,Canoeing,2,1,0,0,rescued_no_injury,No PFD/flotation device; Rapid river rise; High water/current,No,No,3,14,Synthetic NFIRS-style record based on cleaner 2023-2025 export window.,1950.0,-90.0,-440.0,False,False,15.0,198.0,"E01 2000 hrs water rescue x2 canoeists at Belle Isle, canoe capsized in high fast water, river rising, no PFDs. EMS care, no injuries.",37.530741,-77.455404,llm_site,BELLE,1.0,37.530741,-77.455404,landmark_exact,ollama:qwen2.5:14b,True,339.4,Belle Isle,site_circle,True
JR-2024-0003,NFIRS,2023_2025_nfirs_cleaner_export,2024-06-16,2024-06-16 09:50:00,2024-06-16 09:58:00,2024-06-16 10:47:00,2024,6,Sunday,True,False,True,RFD-16,James River / Richmond,363.0,Swift water rescue,,,Swift water rescue,assist_no_rescue,Assist person; Investigate,,Tube,Tubing,2,0,0,0,assist_no_injury,No PFD/flotation device; Rapid river rise; Deceptive calm/local gage low but upstream rising,No,No,2,8,Synthetic NFIRS-style record based on cleaner 2023-2025 export window.,1900.0,-50.0,-290.0,False,False,8.0,57.0,"Caller placed 2 tubers at Ancarrow's Landing. E16 went there, nothing. Tubers found at Brown's Isl, assisted ashore. No PFDs, river rising, local gauge low but upstream up. Investigated, no injury.",37.532563,-77.441084,llm_site,BROWN,1.0,37.520293,-77.417614,landmark_exact,ollama:qwen2.5:14b,True,404.4,Brown's Island,site_circle,True
JR-2024-0089,NFIRS,2023_2025_nfirs_cleaner_export,2024-06-17,2024-06-17 13:35:00,2024-06-17 13:41:00,2024-06-17 14:58:00,2024,6,Monday,False,False,True,RFD-05,James River / Richmond,365.0,Watercraft rescue,,,Watercraft rescue,assist_no_rescue,Assist person; Investigate,,Kayak,Kayaking,2,0,0,0,assist_no_injury,No PFD/flotation device,No,No,2,8,Synthetic NFIRS-style record based on cleaner 2023-2025 export window.,1830.0,-70.0,-210.0,False,False,6.0,83.0,"E05 assist 2 kayakers approx 100 yds upstream of the Mayo Bridge, no PFDs. Assisted to bank, investigated, no injury.",37.528074,-77.43403,llm_site,MAYO,1.0,37.528074,-77.43403,landmark_exact,ollama:qwen2.5:14b,True,212.2,Mayo Bridge,site_circle,True
JR-2024-0093,NFIRS,2023_2025_nfirs_cleaner_export,2024-06-18,2024-06-18 16:07:00,2024-06-18 16:20:00,2024-06-18 18:04:00,2024,6,Tuesday,False,False,True,RFD-05,James River / Richmond,361.0,Swimming/recreational water rescue,,,Swimming/recreational water rescue,good_intent_cancelled,Canceled en route,,,Fishing from bank/rocks,1,0,0,0,cancelled_or_no_incident_found,Rapid river rise; High water/current,Yes,No,3,14,Synthetic NFIRS-style record based on cleaner 2023-2025 export window.,1750.0,-80.0,-200.0,False,False,13.0,117.0,"1 fishing on rocks at BI, river rising, high current. E05 cancelled en route.",37.532563,-77.441084,llm_site,BROWN,1.0,,,unplaced,ollama:qwen2.5:14b,True,1416.6,Brown's Island,not_mapped,False
JR-2024-0058,NFIRS,2023_2025_nfirs_cleaner_export,2024-06-22,2024-06-22 06:30:00,2024-06-22 06:36:00,2024-06-22 07:33:00,2024,6,Saturday,True,False,False,RFD-12,James River / Richmond,365.0,Watercraft rescue,,,Watercraft rescue,good_intent_cancelled,Investigate; No incident found,,Kayak,Kayaking,2,0,0,0,cancelled_or_no_incident_found,Inexperience,Yes,No,1,4,Synthetic NFIRS-style record based on cleaner 2023-2025 export window.,1550.0,-30.0,-130.0,False,False,6.0,63.0,"0600 E12 investigated report of 2 kayakers in trouble near left bank, novice paddlers per caller. Searched area, no boats or pts found. No incident.",,,unplaced,,0.0,,,unplaced,ollama:qwen2.5:14b,False,,,not_mapped,False
JR-2024-0062,NFIRS,2023_2025_nfirs_cleaner_export,2024-06-22,2024-06-22 10:25:00,2024-06-22 10:34:00,2024-06-22 11:31:00,2024,6,Saturday,True,False,True,RFD-01,James River / Richmond,365.0,Watercraft rescue,,,Watercraft rescue,assist_no_rescue,Refer to proper authority,,Kayak,Kayaking,1,0,0,0,assist_no_injury,,No,No,1,4,Synthetic NFIRS-style record based on cleaner 2023-2025 export window.,1550.0,-30.0,-130.0,False,False,9.0,66.0,"Dispatched Belle Isle for 1 kayaker, crew redirected to 37.51984,-77.41752 where pt was found. No injury, E01 referred to proper authority.",37.51984,-77.41752,llm_gps,,1.0,37.51984,-77.41752,gps,ollama:qwen2.5:14b,True,0.2,Ancarrow's Landing,precise_point,True
JR-2024-0083,NFIRS,2023_2025_nfirs_cleaner_export,2024-06-24,2024-06-24 13:10:00,2024-06-24 13:24:00,2024-06-24 15:35:00,2024,6,Monday,False,False,True,RFD-16,James River / Richmond,365.0,Watercraft rescue,,,Watercraft rescue,working_rescue,Search for victim; Rescue/remove from harm,,Kayak,Kayaking,2,1,1,0,injury_or_rescue,Rapid river rise; High water/current,Yes,Unknown,3,11,Synthetic NFIRS-style record based on cleaner 2023-2025 export window.,1430.0,-60.0,-150.0,False,False,14.0,145.0,"E16 search 2 kayakers at Tredegar, river rising, high current. Both removed from harm, 1 pt injured, EMS.",37.533637,-77.445376,llm_site,TRED,1.0,37.533637,-77.445376,landmark_exact,ollama:qwen2.5:14b,True,390.9,Tredegar / Canal Walk,site_circle,True
JR-2024-0072,NFIRS,2023_2025_nfirs_cleaner_export,2024-06-29,2024-06-29 12:15:00,2024-06-29 12:28:00,2024-06-29 15:02:00,2024,6,Saturday,True,False,True,RFD-01,James River / Richmond,363.0,Swift water rescue,,,Swift water rescue,fatality_recovery,Search for victim; Recover body/body parts; Provide EMS care,Aid given to another agency,Tube,Tubing,3,2,0,1,fatality,No PFD/flotation device; Rapid river rise; High water/current,No,No,4,14,Synthetic NFIRS-style record based on cleaner 2023-2025 export window.,1160.0,-50.0,-110.0,False,False,13.0,167.0,"E01 1200 searched for 3 tubers swept off in high, fast-rising water, none wearing PFD. 2 self-rescued to right bank, EMS eval. 3rd pt recovered from eddy downstream, pronounced on scene. Fatality, LE notified.",,,unplaced,,0.0,,,unplaced,ollama:qwen2.5:14b,False,,,not_mapped,False
JR-2024-0034,NFIRS,2023_2025_nfirs_cleaner_export,2024-06-30,2024-06-30 09:35:00,2024-06-30 09:42:00,2024-06-30 10:18:00,2024,6,Sunday,True,False,True,RFD-01,James River / Richmond,360.0,"Water & ice-related rescue, other",,,"Water/ice rescue, other",good_intent_cancelled,Canceled en route,,Kayak,Kayaking,2,0,0,0,cancelled_or_no_incident_found,No PFD/flotation device,No,No,2,6,Synthetic NFIRS-style record based on cleaner 2023-2025 export window.,1160.0,0.0,-90.0,False,False,7.0,43.0,"E01 canceled en route, 2 kayakers no PFDs at ///[w3w].",37.528113,-77.433984,llm_what3words,canyon drift nectar,1.0,37.528113,-77.433984,what3words,ollama:qwen2.5:14b,True,0.0,Mayo Bridge,not_mapped,False
JR-2024-0002,NFIRS,2023_2025_nfirs_cleaner_export,2024-07-06,2024-07-06 11:25:00,2024-07-06 11:35:00,2024-07-06 12:10:00,2024,7,Saturday,True,True,True,RFD-05,James River / Richmond,360.0,"Water & ice-related rescue, other",,,"Water/ice rescue, other",medical_eval,Provide EMS care; Investigate,,,Swimming/Wading,1,0,1,0,minor_injury_or_medical_eval,No PFD/flotation device; Inexperience,No,No,1,4,Synthetic NFIRS-style record based on cleaner 2023-2025 export window.,1090.0,-30.0,-140.0,False,False,10.0,45.0,"E05 med eval 1 swimmer at Browns Island, no PFD, inexperienced. Minor injury, EMS care, investigated.",37.532563,-77.441084,llm_site,BROWN,1.0,37.532563,-77.441084,landmark_exact,ollama:qwen2.5:14b,True,272.6,Brown's Island,site_circle,True
JR-2024-0012,NFIRS,2023_2025_nfirs_cleaner_export,2024-07-06,2024-07-06 11:45:00,2024-07-06 11:53:00,2024-07-06 12:14:00,2024,7,Saturday,True,True,True,RFD-RiverOps,James River / Richmond,365.0,Watercraft rescue,,,Watercraft rescue,good_intent_cancelled,Investigate; No incident found,,Motorboat/PWC,Motorboat/PWC,1,0,0,0,cancelled_or_no_incident_found,No PFD/flotation device,No,No,1,3,Synthetic NFIRS-style record based on cleaner 2023-2025 export window.,1090.0,-30.0,-140.0,False,False,8.0,29.0,"B1 investigated PWC report at Pony Pasture, no PFD reported. No incident found.",37.552224,-77.517472,llm_site,PONY,1.0,37.552224,-77.517472,landmark_exact,ollama:qwen2.5:14b,True,139.8,Pony Pasture,not_mapped,False
JR-2024-0056,NFIRS,2023_2025_nfirs_cleaner_export,2024-07-06,2024-07-06 15:30:00,2024-07-06 15:40:00,2024-07-06 17:59:00,2024,7,Saturday,True,True,True,RFD-16,James River / Richmond,363.0,Swift water rescue,,,Swift water rescue,working_rescue,Rescue/remove from harm; Provide EMS care,,,Swimming/Wading,2,2,0,0,rescued_no_injury,,Unknown,No,3,11,Synthetic NFIRS-style record based on cleaner 2023-2025 export window.,1090.0,-30.0,-140.0,False,False,10.0,149.0,"Originally sent to Pony Pasture for 2 swimmers. Pts were at Z-Dam. E16 removed both from harm, EMS care, no injuries.",37.558554,-77.526598,llm_site,ZDAM,1.0,37.552224,-77.517472,landmark_exact,ollama:qwen2.5:14b,True,102.5,Z-Dam Area,site_circle,True
JR-2024-0006,NFIRS,2023_2025_nfirs_cleaner_export,2024-07-06,2024-07-06 18:15:00,2024-07-06 18:31:00,2024-07-06 19:56:00,2024,7,Saturday,True,True,True,RFD-16,James River / Richmond,365.0,Watercraft rescue,,,Watercraft rescue,working_rescue,Rescue/remove from harm; Provide EMS care,Aid given to another agency,Kayak,Kayaking,2,2,0,0,rescued_no_injury,Rapid river rise; High water/current,Yes,No,4,18,Synthetic NFIRS-style record based on cleaner 2023-2025 export window.,1090.0,-30.0,-140.0,False,False,16.0,101.0,"E16 rescue 2 kayakers, river rising fast, high current. Both removed from harm, EMS care, no injuries. RTS.",,,unplaced,,0.0,,,unplaced,ollama:qwen2.5:14b,False,,,not_mapped,False
JR-2024-0069,NFIRS,2023_2025_nfirs_cleaner_export,2024-07-13,2024-07-13 14:00:00,2024-07-13 14:10:00,2024-07-13 14:43:00,2024,7,Saturday,True,False,True,RFD-05,James River / Richmond,361.0,Swimming/recreational water rescue,,,Swimming/recreational water rescue,assist_no_rescue,Assist person; Investigate,Aid given to another agency,,Swimming/Wading,1,0,0,0,assist_no_injury,None/unknown,Unknown,No,1,4,Synthetic NFIRS-style record based on cleaner 2023-2025 export window.,1630.0,370.0,540.0,False,False,10.0,43.0,"E05 assist 1 swimmer back to shore. Investigated, no injury. Pt declined EMS.",,,unplaced,,0.0,,,unplaced,ollama:qwen2.5:14b,False,,,not_mapped,False
JR-2024-0021,NFIRS,2023_2025_nfirs_cleaner_export,2024-07-13,2024-07-13 14:05:00,2024-07-13 14:11:00,2024-07-13 15:22:00,2024,7,Saturday,True,False,True,RFD-16,James River / Richmond,365.0,Watercraft rescue,,,Watercraft rescue,assist_no_rescue,Assist person; Investigate,,,Swimming/Wading,1,0,0,0,assist_no_injury,None/unknown,Unknown,No,1,3,Synthetic NFIRS-style record based on cleaner 2023-2025 export window.,1630.0,370.0,540.0,False,False,6.0,77.0,"1 wader needing assist at ///[w3w]. E16 helped pt out, investigated. No injury.",37.55168,-77.516863,llm_what3words,velvet basin drift,1.0,37.55168,-77.516863,what3words,ollama:qwen2.5:14b,True,0.0,Pony Pasture,precise_point,True
JR-2024-0037,NFIRS,2023_2025_nfirs_cleaner_export,2024-07-17,2024-07-17 16:05:00,2024-07-17 16:16:00,2024-07-17 18:48:00,2024,7,Wednesday,False,False,True,RFD-RiverOps,James River / Richmond,365.0,Watercraft rescue,,,Watercraft rescue,working_rescue,Rescue/remove from harm; Provide EMS care,,Kayak,Kayaking,2,1,1,0,injury_or_rescue,No PFD/flotation device; Rapid river rise; High water/current; Inexperience,No,No,3,14,Synthetic NFIRS-style record based on cleaner 2023-2025 export window.,1180.0,-100.0,-320.0,False,False,11.0,163.0,"Boat 1 1600, 2 inexperienced kayakers capsized in high water, no PFDs, river rising fast. Both removed from harm mid-channel and brought to left bank. 1 pt w/ knee injury, EMS care, transported.",,,unplaced,,0.0,,,unplaced,ollama:qwen2.5:14b,False,,,not_mapped,False
JR-2024-0067,NFIRS,2023_2025_nfirs_cleaner_export,2024-07-18,2024-07-18 21:00:00,2024-07-18 21:11:00,2024-07-19 00:04:00,2024,7,Thursday,False,False,False,RFD-05,James River / Richmond,365.0,Watercraft rescue,,,Watercraft rescue,working_rescue,Water rescue; Provide EMS care,Aid given to another agency,Paddleboard,Stand-up paddleboard,2,2,0,0,rescued_no_injury,Rapid river rise; High water/current; Submerged obstacle/rocks,Unknown,No,3,11,Synthetic NFIRS-style record based on cleaner 2023-2025 export window.,1070.0,-110.0,-280.0,False,False,11.0,184.0,"E05 2100 water rescue 2 SUP at ///[w3w]. Boards hung on submerged rocks, river rising, high current. EMS care, no injuries.",37.551929,-77.519638,llm_what3words,copper garnet ripple,1.0,37.551929,-77.519638,what3words,ollama:qwen2.5:14b,True,0.0,Pony Pasture,precise_point,True
JR-2024-0004,NFIRS,2023_2025_nfirs_cleaner_export,2024-07-20,2024-07-20 09:03:00,2024-07-20 09:12:00,2024-07-20 10:11:00,2024,7,Saturday,True,False,True,RFD-RiverOps,James River / Richmond,363.0,Swift water rescue,,,Swift water rescue,assist_no_rescue,Assist person; Investigate,,Canoe,Canoeing,2,0,0,0,assist_no_injury,No PFD/flotation device; Rapid river rise; Submerged obstacle/rocks,No,No,2,6,Synthetic NFIRS-style record based on cleaner 2023-2025 export window.,1030.0,20.0,-150.0,False,False,9.0,68.0,B1 assist 2 canoeists reedy crk no PFDs river rising hung on submerged rocks assisted off inv no inj,37.52716,-77.469861,llm_site,REEDY,1.0,37.52716,-77.469861,landmark_fuzzy,ollama:qwen2.5:14b,True,169.7,Reedy Creek,site_circle,True
JR-2024-0060,NFIRS,2023_2025_nfirs_cleaner_export,2024-07-20,2024-07-20 09:42:00,2024-07-20 09:52:00,2024-07-20 11:51:00,2024,7,Saturday,True,False,True,RFD-16,James River / Richmond,365.0,Watercraft rescue,,,Watercraft rescue,fatality_recovery,Search for victim; Recover body/body parts; Provide EMS care,,Motorboat/PWC,Motorboat/PWC,1,0,0,1,fatality,Rapid river rise; High water/current; Inexperience,Unknown,No,4,14,Synthetic NFIRS-style record based on cleaner 2023-2025 export window.,1030.0,20.0,-150.0,False,False,10.0,129.0,"E16 search 1 PWC operator at Ancarrows, inexperienced, river came up fast w/ high current. Body recovered, EMS on scene, fatality. PD notified.",37.520293,-77.417614,llm_site,ANC,1.0,37.520293,-77.417614,landmark_exact,ollama:qwen2.5:14b,True,37.6,Ancarrow's Landing,site_circle,True
JR-2024-0024,NFIRS,2023_2025_nfirs_cleaner_export,2024-07-20,2024-07-20 14:07:00,2024-07-20 14:12:00,2024-07-20 15:18:00,2024,7,Saturday,True,False,True,RFD-16,James River / Richmond,365.0,Watercraft rescue,,,Watercraft rescue,medical_eval,Provide EMS care; Investigate,,,Fishing from bank/rocks,2,0,1,0,minor_injury_or_medical_eval,None/unknown,Yes,No,1,3,Synthetic NFIRS-style record based on cleaner 2023-2025 export window.,1030.0,20.0,-150.0,False,False,5.0,71.0,E16 med eval 2 fishing on rocks belle isle 1 pt minor inj EMS care inv refused txp,37.530741,-77.455404,llm_site,BELLE,1.0,37.530741,-77.455404,landmark_exact,ollama:qwen2.5:14b,True,141.2,Belle Isle,site_circle,True
JR-2024-0050,NFIRS,2023_2025_nfirs_cleaner_export,2024-07-20,2024-07-20 16:18:00,2024-07-20 16:24:00,2024-07-20 17:38:00,2024,7,Saturday,True,False,True,RFD-01,James River / Richmond,365.0,Watercraft rescue,,,Watercraft rescue,assist_no_rescue,Assist person; Investigate,,Tube,Tubing,2,0,0,0,assist_no_injury,No PFD/flotation device,No,No,1,4,Synthetic NFIRS-style record based on cleaner 2023-2025 export window.,1030.0,20.0,-150.0,False,False,6.0,80.0,"2 tubers, no PFDs. E01 assisted to bank, investigated, no injury.",,,unplaced,,0.0,,,unplaced,ollama:qwen2.5:14b,False,,,not_mapped,False
JR-2024-0087,NFIRS,2023_2025_nfirs_cleaner_export,2024-07-20,2024-07-20 18:40:00,2024-07-20 18:47:00,2024-07-20 19:13:00,2024,7,Saturday,True,False,True,RFD-12,James River / Richmond,363.0,Swift water rescue,,,Swift water rescue,good_intent_cancelled,Investigate; No incident found,,,Swimming/Wading,2,0,0,0,cancelled_or_no_incident_found,Rapid river rise; Inexperience,Yes,Unknown,1,3,Synthetic NFIRS-style record based on cleaner 2023-2025 export window.,1030.0,20.0,-150.0,False,False,7.0,33.0,"E12 1800 investigated report of 2 swimmers caught by rising water off right bank. Checked shoreline and gravel bars, no pts located. No incident found.",,,unplaced,,0.0,,,unplaced,ollama:qwen2.5:14b,False,,,not_mapped,False
JR-2024-0019,NFIRS,2023_2025_nfirs_cleaner_export,2024-07-20,2024-07-20 18:45:00,2024-07-20 18:54:00,2024-07-20 19:30:00,2024,7,Saturday,True,False,True,RFD-05,James River / Richmond,360.0,"Water & ice-related rescue, other",,,"Water/ice rescue, other",medical_eval,Provide EMS care; Investigate,,Tube,Tubing,3,0,1,0,minor_injury_or_medical_eval,None/unknown,Unknown,No,1,3,Synthetic NFIRS-style record based on cleaner 2023-2025 export window.,1030.0,20.0,-150.0,False,False,9.0,45.0,"Engine 05 on scene 1800, 3 tubers pulled out onto left bank. EMS eval all, 1 minor abrasion to leg treated. Investigated, released on scene.",,,unplaced,,0.0,,,unplaced,ollama:qwen2.5:14b,False,,,not_mapped,False
JR-2024-0052,NFIRS,2023_2025_nfirs_cleaner_export,2024-07-25,2024-07-25 17:42:00,2024-07-25 17:50:00,2024-07-25 19:09:00,2024,7,Thursday,False,False,True,RFD-RiverOps,James River / Richmond,365.0,Watercraft rescue,,,Watercraft rescue,good_intent_cancelled,Investigate; No incident found,,Kayak,Kayaking,2,0,0,0,cancelled_or_no_incident_found,None/unknown,Yes,Unknown,1,3,Synthetic NFIRS-style record based on cleaner 2023-2025 export window.,2230.0,760.0,640.0,False,False,8.0,87.0,"B1 investigated report of 2 kayakers in distress. No incident found, RTS.",,,unplaced,,0.0,,,unplaced,ollama:qwen2.5:14b,False,,,not_mapped,False
JR-2024-0041,NFIRS,2023_2025_nfirs_cleaner_export,2024-07-27,2024-07-27 11:12:00,2024-07-27 11:19:00,2024-07-27 11:47:00,2024,7,Saturday,True,False,True,RFD-05,James River / Richmond,361.0,Swimming/recreational water rescue,,,Swimming/recreational water rescue,medical_eval,Provide EMS care; Investigate,,Tube,Tubing,2,0,1,0,minor_injury_or_medical_eval,None/unknown,Yes,No,1,3,Synthetic NFIRS-style record based on cleaner 2023-2025 export window.,1820.0,-310.0,350.0,False,False,7.0,35.0,"Med eval 2 tubers approx 100 yds below Pipeline. E05 EMS care for minor injuries, investigated.",37.531882,-77.434462,llm_site,PIPE,1.0,37.531882,-77.434462,landmark_exact,ollama:qwen2.5:14b,True,487.0,Pipeline Rapids,site_circle,True
JR-2024-0086,NFIRS,2023_2025_nfirs_cleaner_export,2024-07-27,2024-07-27 11:50:00,2024-07-27 11:58:00,2024-07-27 13:14:00,2024,7,Saturday,True,False,True,RFD-01,James River / Richmond,360.0,"Water & ice-related rescue, other",,,"Water/ice rescue, other",assist_no_rescue,Assist person; Investigate,Aid given to another agency,Kayak,Kayaking,2,0,0,0,assist_no_injury,,Unknown,No,1,4,Synthetic NFIRS-style record based on cleaner 2023-2025 export window.,1820.0,-310.0,350.0,False,False,8.0,84.0,"E01 assist 2 kayakers across from Pony Pasture on the far side, approx 200 yds. Investigated, no injury.",37.552224,-77.517472,llm_site,PONY,1.0,37.552224,-77.517472,landmark_exact,ollama:qwen2.5:14b,True,459.1,Pony Pasture,site_circle,True
JR-2024-0088,NFIRS,2023_2025_nfirs_cleaner_export,2024-07-27,2024-07-27 12:45:00,2024-07-27 12:51:00,2024-07-27 14:35:00,2024,7,Saturday,True,False,True,RFD-RiverOps,James River / Richmond,361.0,Swimming/recreational water rescue,,,Swimming/recreational water rescue,assist_no_rescue,Standby; Provide information to public,,Tube,Tubing,4,0,0,0,assist_no_injury,No PFD/flotation device; Alcohol suspected,No,Yes,2,8,Synthetic NFIRS-style record based on cleaner 2023-2025 export window.,1820.0,-310.0,350.0,False,False,6.0,110.0,"B1 standby for 4 tubers approx 250 yds upstream of Bosher Dam, no PFDs, EtOH suspected. Info provided re dam hazard. No injury.",37.559948,-77.575019,llm_site,BOSH,1.0,37.559948,-77.575019,landmark_exact,ollama:qwen2.5:14b,True,36.7,Bosher Dam,site_circle,True
JR-2024-0054,NFIRS,2023_2025_nfirs_cleaner_export,2024-07-27,2024-07-27 14:35:00,2024-07-27 14:42:00,2024-07-27 16:15:00,2024,7,Saturday,True,False,True,RFD-01,James River / Richmond,363.0,Swift water rescue,,,Swift water rescue,good_intent_cancelled,Standby,,Tube,Tubing,3,0,0,0,cancelled_or_no_incident_found,Rapid river rise,Yes,No,2,6,Synthetic NFIRS-style record based on cleaner 2023-2025 export window.,1820.0,-310.0,350.0,False,False,7.0,100.0,"E01 1400 stood by for 3 tubers as water came up fast. Group reached right bank without assist. Canceled, no incident.",,,unplaced,,0.0,,,unplaced,ollama:qwen2.5:14b,False,,,not_mapped,False
JR-2024-0047,NFIRS,2023_2025_nfirs_cleaner_export,2024-07-27,2024-07-27 15:12:00,2024-07-27 15:27:00,2024-07-27 18:05:00,2024,7,Saturday,True,False,True,RFD-RiverOps,James River / Richmond,363.0,Swift water rescue,,,Swift water rescue,working_rescue,Rescue/remove from harm; Provide EMS care,Other agency assisted,Kayak,Kayaking,2,2,0,0,rescued_no_injury,Rapid river rise; High water/current,Unknown,No,3,14,Synthetic NFIRS-style record based on cleaner 2023-2025 export window.,1820.0,-310.0,350.0,False,False,15.0,173.0,"B1 rescue 2 kayakers in high fast water, river rising. Pts removed from harm, EMS care. No injuries.",,,unplaced,,0.0,37.561655,-77.542582,landmark_fuzzy,ollama:qwen2.5:14b,False,,,not_mapped,False
JR-2024-0016,NFIRS,2023_2025_nfirs_cleaner_export,2024-07-27,2024-07-27 17:07:00,2024-07-27 17:16:00,2024-07-27 17:54:00,2024,7,Saturday,True,False,True,RFD-01,James River / Richmond,365.0,Watercraft rescue,,,Watercraft rescue,good_intent_cancelled,Standby,,Motorboat/PWC,Motorboat/PWC,1,0,0,0,cancelled_or_no_incident_found,Inexperience,Yes,No,1,3,Synthetic NFIRS-style record based on cleaner 2023-2025 export window.,1820.0,-310.0,350.0,False,False,9.0,47.0,"42nd St, 1 PWC operator inexperienced. E01 standby, cancelled no incident.",37.528301,-77.475311,llm_site,42ND,1.0,37.528301,-77.475311,landmark_exact,ollama:qwen2.5:14b,True,248.5,42nd Street,not_mapped,False
JR-2024-0008,NFIRS,2023_2025_nfirs_cleaner_export,2024-07-28,2024-07-28 06:35:00,2024-07-28 06:52:00,2024-07-28 08:53:00,2024,7,Sunday,True,False,False,RFD-RiverOps,James River / Richmond,365.0,Watercraft rescue,,,Watercraft rescue,fatality_recovery,Search for victim; Recover body/body parts; Provide EMS care,,Raft,Rafting,2,1,0,1,fatality,Rapid river rise; High water/current,Unknown,No,4,14,Synthetic NFIRS-style record based on cleaner 2023-2025 export window.,1780.0,-40.0,-450.0,False,False,17.0,138.0,"B1 0600 dispatched to Mayo Bridge for 2 rafters, search there neg. Raft located at 37.51089, -77.41778. High water, river rising. Body recovered, EMS on scene, fatality.",37.51089,-77.41778,llm_gps,MAYO,1.0,37.51089,-77.41778,gps,ollama:qwen2.5:14b,True,0.1,Ancarrow's Landing,precise_point,True
JR-2024-0079,NFIRS,2023_2025_nfirs_cleaner_export,2024-07-30,2024-07-30 16:00:00,2024-07-30 16:08:00,2024-07-30 17:07:00,2024,7,Tuesday,False,False,True,RFD-16,James River / Richmond,365.0,Watercraft rescue,,,Watercraft rescue,good_intent_cancelled,Canceled en route,,Kayak,Kayaking,1,0,0,0,cancelled_or_no_incident_found,,Yes,No,1,4,Synthetic NFIRS-style record based on cleaner 2023-2025 export window.,1420.0,-270.0,-400.0,False,False,8.0,67.0,Caller reported kayaker in trouble at Tredegar. E16 canceled en route after update that kayaker was at Pony Pasture and off the water.,37.552224,-77.517472,llm_site,PONY,1.0,37.552224,-77.517472,landmark_exact,ollama:qwen2.5:14b,True,43.8,Pony Pasture,not_mapped,False
JR-2024-0020,NFIRS,2023_2025_nfirs_cleaner_export,2024-08-01,2024-08-01 14:15:00,2024-08-01 14:20:00,2024-08-01 15:30:00,2024,8,Thursday,False,False,True,RFD-05,James River / Richmond,361.0,Swimming/recreational water rescue,,,Swimming/recreational water rescue,good_intent_cancelled,Canceled en route,,Tube,Tubing,4,0,0,0,cancelled_or_no_incident_found,No PFD/flotation device; Alcohol suspected,No,Yes,1,3,Synthetic NFIRS-style record based on cleaner 2023-2025 export window.,1720.0,-70.0,30.0,False,False,5.0,75.0,"4 tubers, no PFDs, EtOH suspected. E05 canceled en route.",,,unplaced,,0.0,,,unplaced,ollama:qwen2.5:14b,False,,,not_mapped,False
JR-2024-0011,NFIRS,2023_2025_nfirs_cleaner_export,2024-08-02,2024-08-02 14:05:00,2024-08-02 14:19:00,2024-08-02 16:40:00,2024,8,Friday,False,False,True,RFD-12,James River / Richmond,365.0,Watercraft rescue,,,Watercraft rescue,working_rescue,Water rescue; Provide EMS care,Mutual aid received,Paddleboard,Stand-up paddleboard,1,1,0,0,rescued_no_injury,Alcohol suspected; Rapid river rise; High water/current,Yes,Yes,3,14,Synthetic NFIRS-style record based on cleaner 2023-2025 export window.,1470.0,-250.0,50.0,False,False,14.0,155.0,"E12 1400 water rescue of lone SUP paddler clinging to rock mid-channel in high current after fast rise, ETOH suspected. Throw bag to river right bank. EMS eval, no injury.",37.531882,-77.434462,llm_site,PIPE,1.0,,,unplaced,ollama:qwen2.5:14b,True,520.4,Pipeline Rapids,site_circle,True
JR-2024-0090,NFIRS,2023_2025_nfirs_cleaner_export,2024-08-04,2024-08-04 14:20:00,2024-08-04 14:29:00,2024-08-04 15:25:00,2024,8,Sunday,True,False,True,RFD-RiverOps,James River / Richmond,360.0,"Water & ice-related rescue, other",,,"Water/ice rescue, other",assist_no_rescue,Search for victim; No rescue needed,,Canoe,Canoeing,2,0,0,0,assist_no_injury,No PFD/flotation device,No,No,1,3,Synthetic NFIRS-style record based on cleaner 2023-2025 export window.,1330.0,-110.0,-390.0,False,False,9.0,65.0,"B1 search for 2 canoeists no PFDs, located on shore. No rescue needed.",,,unplaced,,0.0,,,unplaced,ollama:qwen2.5:14b,False,,,not_mapped,False
JR-2024-0040,NFIRS,2023_2025_nfirs_cleaner_export,2024-08-06,2024-08-06 10:03:00,2024-08-06 10:10:00,2024-08-06 11:30:00,2024,8,Tuesday,False,False,True,RFD-01,James River / Richmond,361.0,Swimming/recreational water rescue,,,Swimming/recreational water rescue,medical_eval,Provide EMS care; Investigate,,Unknown,Unknown recreational activity,1,0,1,0,minor_injury_or_medical_eval,None/unknown,Unknown,No,1,4,Synthetic NFIRS-style record based on cleaner 2023-2025 export window.,1280.0,50.0,-160.0,False,False,7.0,87.0,"1000 E01, 1 pt on left bank, unknown activity, c/o minor injury to hand. EMS care provided, investigated. Pt declined transport.",,,llm_off_list,1000 E01 left bank,0.0,,,unplaced,ollama:qwen2.5:14b,False,,,not_mapped,False
JR-2024-0081,NFIRS,2023_2025_nfirs_cleaner_export,2024-08-06,2024-08-06 13:00:00,2024-08-06 13:06:00,2024-08-06 14:04:00,2024,8,Tuesday,False,False,True,RFD-05,James River / Richmond,365.0,Watercraft rescue,,,Watercraft rescue,assist_no_rescue,Search for victim; No rescue needed,,Tube,Tubing,3,0,0,0,assist_no_injury,,Yes,No,1,4,Synthetic NFIRS-style record based on cleaner 2023-2025 export window.,1280.0,50.0,-160.0,False,False,6.0,64.0,"E05 search for 3 tubers reported separated. All located, no rescue needed, no injury.",,,unplaced,,0.0,,,unplaced,ollama:qwen2.5:14b,False,,,not_mapped,False
JR-2024-0061,NFIRS,2023_2025_nfirs_cleaner_export,2024-08-18,2024-08-18 12:05:00,2024-08-18 12:10:00,2024-08-18 12:34:00,2024,8,Sunday,True,False,True,RFD-12,James River / Richmond,363.0,Swift water rescue,,,Swift water rescue,assist_no_rescue,Assist person; Investigate,Mutual aid received,Tube,Tubing,1,0,0,0,assist_no_injury,Rapid river rise,Unknown,No,2,8,Synthetic NFIRS-style record based on cleaner 2023-2025 export window.,2120.0,-110.0,-1440.0,False,False,5.0,29.0,E12 assist 1 tuber reedy crk river rising inv no inj RTS,37.52716,-77.469861,llm_site,REEDY,1.0,37.52716,-77.469861,landmark_fuzzy,ollama:qwen2.5:14b,True,217.7,Reedy Creek,site_circle,True
JR-2024-0025,NFIRS,2023_2025_nfirs_cleaner_export,2024-08-19,2024-08-19 12:42:00,2024-08-19 12:56:00,2024-08-19 14:44:00,2024,8,Monday,False,False,True,RFD-01,James River / Richmond,365.0,Watercraft rescue,,,Watercraft rescue,fatality_recovery,Search for victim; Recover body/body parts; Provide EMS care,Mutual aid received,Kayak,Kayaking,1,0,0,1,fatality,Rapid river rise; High water/current,Unknown,No,4,14,Synthetic NFIRS-style record based on cleaner 2023-2025 export window.,2250.0,130.0,-450.0,False,False,14.0,122.0,"E01 1200 search for lone kayaker missing in high, fast-rising water. Boat found pinned mid-channel. Pt recovered from river right edge downstream, EMS on scene, no signs of life. Fatality, LE and ME notified.",,,unplaced,,0.0,,,unplaced,ollama:qwen2.5:14b,False,,,not_mapped,False
JR-2024-0029,NFIRS,2023_2025_nfirs_cleaner_export,2024-08-21,2024-08-21 21:42:00,2024-08-21 21:49:00,2024-08-21 22:30:00,2024,8,Wednesday,False,False,False,RFD-16,James River / Richmond,360.0,"Water & ice-related rescue, other",,,"Water/ice rescue, other",assist_no_rescue,Assist person; Investigate,,,Swimming/Wading,3,0,0,0,assist_no_injury,None/unknown,Unknown,No,1,4,Synthetic NFIRS-style record based on cleaner 2023-2025 export window.,1960.0,-310.0,-160.0,False,False,7.0,48.0,"E16 2100 hrs, 3 waders approx 150 yds below Reedy Creek. Assisted to bank, investigated, no injury.",37.52716,-77.469861,llm_site,REEDY,1.0,37.52716,-77.469861,landmark_exact,ollama:qwen2.5:14b,True,459.9,Reedy Creek,site_circle,True
JR-2024-0064,NFIRS,2023_2025_nfirs_cleaner_export,2024-08-24,2024-08-24 14:03:00,2024-08-24 14:16:00,2024-08-24 17:11:00,2024,8,Saturday,True,False,True,RFD-05,James River / Richmond,361.0,Swimming/recreational water rescue,,,Swimming/recreational water rescue,medical_eval,Provide EMS care; Investigate,,,Swimming/Wading,2,0,1,0,minor_injury_or_medical_eval,Rapid river rise; High water/current,Unknown,No,3,14,Synthetic NFIRS-style record based on cleaner 2023-2025 export window.,1500.0,-140.0,-460.0,False,False,13.0,188.0,"2 swimmers knocked down in high current, river up. E05 EMS care for minor injuries, investigated. Released at scene.",,,unplaced,,0.0,,,unplaced,ollama:qwen2.5:14b,False,,,not_mapped,False
JR-2024-0046,NFIRS,2023_2025_nfirs_cleaner_export,2024-08-25,2024-08-25 19:40:00,2024-08-25 19:47:00,2024-08-25 20:56:00,2024,8,Sunday,True,False,True,RFD-12,James River / Richmond,365.0,Watercraft rescue,,,Watercraft rescue,good_intent_cancelled,Investigate; No incident found,,Raft,Rafting,2,0,0,0,cancelled_or_no_incident_found,No PFD/flotation device; Submerged obstacle/rocks,No,Unknown,1,3,Synthetic NFIRS-style record based on cleaner 2023-2025 export window.,1410.0,-90.0,-420.0,False,False,7.0,76.0,"E12 1900 investigated report of 2 rafters without PFDs hung up on submerged rocks near left bank. Searched, no raft or pts found. No incident.",,,unplaced,,0.0,,,unplaced,ollama:qwen2.5:14b,False,,,not_mapped,False
JR-2024-0036,NFIRS,2023_2025_nfirs_cleaner_export,2024-08-31,2024-08-31 13:03:00,2024-08-31 13:14:00,2024-08-31 14:32:00,2024,8,Saturday,True,False,True,RFD-16,James River / Richmond,365.0,Watercraft rescue,,,Watercraft rescue,good_intent_cancelled,Investigate; No incident found,,Motorboat/PWC,Motorboat/PWC,2,0,0,0,cancelled_or_no_incident_found,Inexperience,Yes,No,1,3,Synthetic NFIRS-style record based on cleaner 2023-2025 export window.,1870.0,80.0,400.0,False,False,11.0,89.0,"Engine 16 at 1300 for 2 on PWC reportedly stalled mid-river, operator inexperienced. Investigated, no craft located. No incident found.",,,unplaced,,0.0,,,unplaced,ollama:qwen2.5:14b,False,,,not_mapped,False
JR-2024-0009,NFIRS,2023_2025_nfirs_cleaner_export,2024-08-31,2024-08-31 17:45:00,2024-08-31 17:52:00,2024-08-31 18:43:00,2024,8,Saturday,True,False,True,RFD-RiverOps,James River / Richmond,365.0,Watercraft rescue,,,Watercraft rescue,assist_no_rescue,Refer to proper authority,,Canoe,Canoeing,1,0,0,0,assist_no_injury,None/unknown,Yes,No,1,4,Synthetic NFIRS-style record based on cleaner 2023-2025 export window.,1870.0,80.0,400.0,False,False,7.0,58.0,"Boat 1 1700, lone canoeist stopped on gravel bar river right. No inj, no assist required. Referred to proper authority re: boat registration.",,,unplaced,,0.0,,,unplaced,ollama:qwen2.5:14b,False,,,not_mapped,False
JR-2024-0073,NFIRS,2023_2025_nfirs_cleaner_export,2024-08-31,2024-08-31 22:50:00,2024-08-31 23:02:00,2024-09-01 01:08:00,2024,8,Saturday,True,False,False,RFD-RiverOps,James River / Richmond,365.0,Watercraft rescue,,,Watercraft rescue,working_rescue,Search for victim; Rescue/remove from harm,,Raft,Rafting,2,1,0,0,rescued_no_injury,Rapid river rise; Deceptive calm/local gage low but upstream rising; High water/current,Yes,No,4,18,Synthetic NFIRS-style record based on cleaner 2023-2025 export window.,1870.0,80.0,400.0,False,False,12.0,138.0,"B1 2200 dispatched Tredegar/Canal Walk for 2 rafters, search there neg. Raft found at 42nd St, both pts removed from harm. River rising fast, local gauge read low w/ upstream up, high current. No injuries.",37.528301,-77.475311,llm_site,42ND,1.0,37.533637,-77.445376,landmark_exact,ollama:qwen2.5:14b,True,24.1,42nd Street,site_circle,True
JR-2024-0018,NFIRS,2023_2025_nfirs_cleaner_export,2024-09-10,2024-09-10 06:55:00,2024-09-10 07:04:00,2024-09-10 08:23:00,2024,9,Tuesday,False,False,False,RFD-05,James River / Richmond,365.0,Watercraft rescue,,,Watercraft rescue,assist_no_rescue,Assist person; Investigate,Mutual aid received,Paddleboard,Stand-up paddleboard,3,0,0,0,assist_no_injury,Inexperience; Submerged obstacle/rocks,Unknown,No,1,4,Synthetic NFIRS-style record based on cleaner 2023-2025 export window.,1150.0,-40.0,-220.0,False,False,9.0,88.0,"E05 0600 assisted 3 novice SUP paddlers stuck on submerged rocks in shallows near right bank. Walked out to shore w/ crew, investigated. No inj.",,,unplaced,,0.0,,,unplaced,ollama:qwen2.5:14b,False,,,not_mapped,False
JR-2024-0015,NFIRS,2023_2025_nfirs_cleaner_export,2024-09-12,2024-09-12 20:18:00,2024-09-12 20:23:00,2024-09-12 21:39:00,2024,9,Thursday,False,False,False,RFD-12,James River / Richmond,363.0,Swift water rescue,,,Swift water rescue,medical_eval,Provide EMS care; Investigate,,,Swimming/Wading,2,0,1,0,minor_injury_or_medical_eval,No PFD/flotation device,No,Unknown,1,3,Synthetic NFIRS-style record based on cleaner 2023-2025 export window.,1050.0,-50.0,-140.0,False,False,5.0,81.0,"E12 med eval 2 swimmers at Belle Isle, no PFDs. 1 pt minor laceration, EMS care, investigated.",37.530741,-77.455404,llm_site,BELLE,1.0,37.530741,-77.455404,landmark_exact,ollama:qwen2.5:14b,True,74.5,Belle Isle,site_circle,True
JR-2024-0084,NFIRS,2023_2025_nfirs_cleaner_export,2024-09-21,2024-09-21 08:18:00,2024-09-21 08:29:00,2024-09-21 09:12:00,2024,9,Saturday,True,False,True,RFD-16,James River / Richmond,360.0,"Water & ice-related rescue, other",,,"Water/ice rescue, other",assist_no_rescue,Refer to proper authority,,Tube,Tubing,2,0,0,0,assist_no_injury,Submerged obstacle/rocks,Yes,No,1,3,Synthetic NFIRS-style record based on cleaner 2023-2025 export window.,3780.0,-2030.0,2780.0,False,False,11.0,54.0,"2 tubers hung up on submerged rocks, freed on own. E16 on scene, no injury, referred to proper authority.",,,unplaced,,0.0,,,unplaced,ollama:qwen2.5:14b,False,,,not_mapped,False
JR-2024-0082,NFIRS,2023_2025_nfirs_cleaner_export,2024-09-22,2024-09-22 06:45:00,2024-09-22 06:55:00,2024-09-22 08:11:00,2024,9,Sunday,True,False,False,RFD-12,James River / Richmond,363.0,Swift water rescue,,,Swift water rescue,good_intent_cancelled,Investigate; No incident found,,,Fishing from bank/rocks,1,0,0,0,cancelled_or_no_incident_found,Rapid river rise; Inexperience,Yes,No,2,8,Synthetic NFIRS-style record based on cleaner 2023-2025 export window.,2990.0,-790.0,810.0,False,False,10.0,86.0,"E12 investigated 0600 call for angler stranded on rock by rising water. Checked left bank, pt not located. No incident found.",,,unplaced,,0.0,,,unplaced,ollama:qwen2.5:14b,False,,,not_mapped,False
JR-2024-0017,NFIRS,2023_2025_nfirs_cleaner_export,2024-09-28,2024-09-28 09:15:00,2024-09-28 09:24:00,2024-09-28 10:06:00,2024,9,Saturday,True,False,True,RFD-RiverOps,James River / Richmond,365.0,Watercraft rescue,,,Watercraft rescue,good_intent_cancelled,Canceled en route,,Motorboat/PWC,Motorboat/PWC,2,0,0,0,cancelled_or_no_incident_found,No PFD/flotation device,No,No,1,4,Synthetic NFIRS-style record based on cleaner 2023-2025 export window.,27100.0,-1500.0,24200.0,False,False,9.0,51.0,"PWC w/ 2 at 42nd Street, no PFDs. B1 cancelled en route.",37.528301,-77.475311,llm_site,42ND,1.0,37.528301,-77.475311,landmark_exact,ollama:qwen2.5:14b,True,81.9,42nd Street,not_mapped,False
JR-2024-0014,NFIRS,2023_2025_nfirs_cleaner_export,2024-09-28,2024-09-28 18:20:00,2024-09-28 18:28:00,2024-09-28 19:45:00,2024,9,Saturday,True,False,True,RFD-16,James River / Richmond,365.0,Watercraft rescue,,,Watercraft rescue,assist_no_rescue,Search for victim; No rescue needed,,Kayak,Kayaking,1,0,0,0,assist_no_injury,Alcohol suspected; Rapid river rise; Deceptive calm/local gage low but upstream rising,Yes,Yes,2,6,Synthetic NFIRS-style record based on cleaner 2023-2025 export window.,27100.0,-1500.0,24200.0,False,False,8.0,85.0,"1800 E16 searched for lone kayaker reported missing, ETOH suspected, river coming up fast while local gauge still low. Pt located on right bank, no rescue needed. Advised of upstream rise.",,,llm_off_list,right bank,0.0,,,unplaced,ollama:qwen2.5:14b,False,,,not_mapped,False
JR-2024-0048,NFIRS,2023_2025_nfirs_cleaner_export,2024-09-28,2024-09-28 22:03:00,2024-09-28 22:15:00,2024-09-29 00:07:00,2024,9,Saturday,True,False,False,RFD-12,James River / Richmond,363.0,Swift water rescue,,,Swift water rescue,working_rescue,Search for victim; Rescue/remove from harm,Mutual aid received,Unknown,Unknown recreational activity,1,1,0,0,rescued_no_injury,No PFD/flotation device; Rapid river rise; Deceptive calm/local gage low but upstream rising; High water/current; Inexperience,No,No,3,14,Synthetic NFIRS-style record based on cleaner 2023-2025 export window.,27100.0,-1500.0,24200.0,False,False,12.0,124.0,E12 2200 search 1 pt ///[w3w] act unk no PFD inexp river up fast local gauge low upstream rising high current pt removed from harm no inj,,,llm_off_list,bank otter anchor,0.0,37.55141,-77.516768,what3words,ollama:qwen2.5:14b,False,,,not_mapped,False
JR-2024-0070,NFIRS,2023_2025_nfirs_cleaner_export,2024-10-13,2024-10-13 19:12:00,2024-10-13 19:23:00,2024-10-13 19:50:00,2024,10,Sunday,True,False,False,RFD-01,James River / Richmond,360.0,"Water & ice-related rescue, other",,,"Water/ice rescue, other",good_intent_cancelled,Canceled en route,Mutual aid received,,Fishing from bank/rocks,1,0,0,0,cancelled_or_no_incident_found,No PFD/flotation device,No,No,1,4,Synthetic NFIRS-style record based on cleaner 2023-2025 export window.,3850.0,-330.0,-1590.0,False,False,11.0,38.0,E01 canc en route 1 fishing 42nd st no PFD,37.528301,-77.475311,llm_site,42ND,1.0,37.528301,-77.475311,landmark_exact,ollama:qwen2.5:14b,True,1287.6,42nd Street,not_mapped,False
JR-2024-0022,NFIRS,2023_2025_nfirs_cleaner_export,2024-10-16,2024-10-16 16:50:00,2024-10-16 16:59:00,2024-10-16 17:45:00,2024,10,Wednesday,False,False,True,RFD-16,James River / Richmond,361.0,Swimming/recreational water rescue,,,Swimming/recreational water rescue,medical_eval,Provide EMS care; Investigate,,Tube,Tubing,2,0,0,0,no_injury,No PFD/flotation device,No,No,1,4,Synthetic NFIRS-style record based on cleaner 2023-2025 export window.,3110.0,-250.0,-740.0,False,False,9.0,55.0,"E16 1600, 2 tubers without PFDs came ashore on gravel bar river left. EMS eval both, no injury. Investigated, RTS.",,,unplaced,,0.0,,,unplaced,ollama:qwen2.5:14b,False,,,not_mapped,False
JR-2024-0045,NFIRS,2023_2025_nfirs_cleaner_export,2024-10-26,2024-10-26 11:00:00,2024-10-26 11:10:00,2024-10-26 11:44:00,2024,10,Saturday,True,False,True,RFD-05,James River / Richmond,361.0,Swimming/recreational water rescue,,,Swimming/recreational water rescue,assist_no_rescue,Search for victim; No rescue needed,,,Swimming/Wading,2,0,0,0,assist_no_injury,Cold water exposure,Yes,No,1,4,Synthetic NFIRS-style record based on cleaner 2023-2025 export window.,2250.0,-70.0,-200.0,False,False,10.0,44.0,"E05 search for 2 swimmers at Reedy Crk, cold water. Both located on shore, no rescue needed.",37.52716,-77.469861,llm_site,REEDY,1.0,37.52716,-77.469861,landmark_fuzzy,ollama:qwen2.5:14b,True,133.3,Reedy Creek,site_circle,True
JR-2024-0027,NFIRS,2023_2025_nfirs_cleaner_export,2024-11-17,2024-11-17 14:07:00,2024-11-17 14:17:00,2024-11-17 14:36:00,2024,11,Sunday,True,False,True,RFD-05,James River / Richmond,365.0,Watercraft rescue,,,Watercraft rescue,assist_no_rescue,Standby; Provide information to public,,Kayak,Kayaking,1,0,0,0,assist_no_injury,Cold water exposure; Submerged obstacle/rocks,Unknown,No,1,4,Synthetic NFIRS-style record based on cleaner 2023-2025 export window.,3200.0,540.0,740.0,False,False,10.0,29.0,E05 standby bosher dam 1 kayaker cold water submerged rocks info given re dam no inj,37.559948,-77.575019,llm_site,BOSH,1.0,37.559948,-77.575019,landmark_exact,ollama:qwen2.5:14b,True,63.3,Bosher Dam,site_circle,True
JR-2024-0051,NFIRS,2023_2025_nfirs_cleaner_export,2024-11-30,2024-11-30 14:25:00,2024-11-30 14:32:00,2024-11-30 16:38:00,2024,11,Saturday,True,False,True,RFD-RiverOps,James River / Richmond,365.0,Watercraft rescue,,,Watercraft rescue,medical_eval,Provide EMS care; Investigate,,,Swimming/Wading,1,0,1,0,minor_injury_or_medical_eval,Rapid river rise; Cold water exposure; High water/current,Yes,No,3,14,Synthetic NFIRS-style record based on cleaner 2023-2025 export window.,1960.0,-40.0,10.0,False,False,7.0,133.0,"B1 med eval 1 swimmer at Ancarrow's boat landing, high cold water, river rising. Minor injury, EMS care, investigated. Pt resides 2100 blk Park Ave.",37.520293,-77.417614,llm_site,ANC,1.0,37.520293,-77.417614,landmark_exact,ollama:qwen2.5:14b,True,1999.5,Ancarrow's Landing,site_circle,True
JR-2024-0057,NFIRS,2023_2025_nfirs_cleaner_export,2024-12-07,2024-12-07 17:07:00,2024-12-07 17:18:00,2024-12-07 18:01:00,2024,12,Saturday,True,False,True,RFD-RiverOps,James River / Richmond,365.0,Watercraft rescue,,,Watercraft rescue,good_intent_cancelled,Canceled en route,,Raft,Rafting,1,0,0,0,cancelled_or_no_incident_found,Cold water exposure,Yes,No,1,3,Synthetic NFIRS-style record based on cleaner 2023-2025 export window.,1780.0,0.0,-50.0,False,False,11.0,54.0,"Dispatched 42nd St for 1 rafter, cold water. Caller updated raft was at Reedy Creek and off the river. B1 canceled en route.",37.52716,-77.469861,llm_site,REEDY,1.0,37.52716,-77.469861,landmark_exact,ollama:qwen2.5:14b,True,111.6,Reedy Creek,not_mapped,False
JR-2024-0085,NFIRS,2023_2025_nfirs_cleaner_export,2024-12-07,2024-12-07 19:03:00,2024-12-07 19:15:00,2024-12-07 21:59:00,2024,12,Saturday,True,False,False,RFD-16,James River / Richmond,363.0,Swift water rescue,,,Swift water rescue,working_rescue,Rescue/remove from harm; Provide EMS care,,Tube,Tubing,3,1,1,0,injury_or_rescue,Rapid river rise; Cold water exposure; High water/current,Yes,No,3,14,Synthetic NFIRS-style record based on cleaner 2023-2025 export window.,1780.0,0.0,-50.0,False,False,12.0,176.0,"Engine 16 1900, 3 tubers stranded in high, cold water after river rose fast. Rescued from rock mid-channel by rope team to right bank. 2 pts w/ minor injuries, EMS care, 1 transported.",,,llm_off_list,rock mid-channel,0.0,,,unplaced,ollama:qwen2.5:14b,False,,,not_mapped,False
JR-2024-0028,NFIRS,2023_2025_nfirs_cleaner_export,2024-12-14,2024-12-14 19:45:00,2024-12-14 20:02:00,2024-12-14 22:09:00,2024,12,Saturday,True,False,False,RFD-12,James River / Richmond,363.0,Swift water rescue,,,Swift water rescue,working_rescue,Rescue/remove from harm; Provide EMS care,,Tube,Tubing,2,1,0,0,rescued_no_injury,No PFD/flotation device; Rapid river rise; Deceptive calm/local gage low but upstream rising; Cold water exposure; High water/current,No,No,4,18,Synthetic NFIRS-style record based on cleaner 2023-2025 export window.,7240.0,120.0,5230.0,False,False,17.0,144.0,"2 tubers, no PFDs, caught in high cold water, river came up while local gauge showed low. E12 removed both from harm, EMS care, no injuries.",,,unplaced,,0.0,,,unplaced,ollama:qwen2.5:14b,False,,,not_mapped,False
JR-2024-0091,NFIRS,2023_2025_nfirs_cleaner_export,2024-12-16,2024-12-16 21:55:00,2024-12-16 22:02:00,2024-12-16 23:10:00,2024,12,Monday,False,False,False,RFD-16,James River / Richmond,361.0,Swimming/recreational water rescue,,,Swimming/recreational water rescue,good_intent_cancelled,Canceled en route,,Tube,Tubing,3,0,0,0,cancelled_or_no_incident_found,,No,No,1,3,Synthetic NFIRS-style record based on cleaner 2023-2025 export window.,5530.0,-1730.0,-1590.0,False,False,7.0,75.0,E16 2100 canceled en route to Canal Walk for 3 tubers.,37.533637,-77.445376,llm_site,TRED,1.0,37.533637,-77.445376,landmark_exact,ollama:qwen2.5:14b,True,199.1,Tredegar / Canal Walk,not_mapped,False
JR-2024-0010,NFIRS,2023_2025_nfirs_cleaner_export,2024-12-28,2024-12-28 08:55:00,2024-12-28 09:09:00,2024-12-28 11:11:00,2024,12,Saturday,True,False,True,RFD-12,James River / Richmond,361.0,Swimming/recreational water rescue,,,Swimming/recreational water rescue,working_rescue,Rescue/remove from harm; Provide EMS care,,Kayak,Kayaking,1,1,0,0,rescued_no_injury,Rapid river rise; Cold water exposure; High water/current,Yes,No,3,14,Synthetic NFIRS-style record based on cleaner 2023-2025 export window.,2690.0,-190.0,-490.0,False,False,14.0,136.0,"E12 rescue 1 kayaker at 37.52787, -77.43440. High cold water, river rising. Pt removed from harm, EMS care, no injury.",37.52787,-77.4344,llm_gps,,1.0,37.52787,-77.4344,gps,ollama:qwen2.5:14b,True,0.4,Mayo Bridge,precise_point,True
JR-2024-0001,NFIRS,2023_2025_nfirs_cleaner_export,2024-12-28,2024-12-28 15:20:00,2024-12-28 15:30:00,2024-12-28 17:37:00,2024,12,Saturday,True,False,True,RFD-01,James River / Richmond,363.0,Swift water rescue,,,Swift water rescue,working_rescue,Rescue/remove from harm; Provide EMS care,Aid given to another agency,,Swimming/Wading,2,1,0,0,rescued_no_injury,No PFD/flotation device; Rapid river rise; Cold water exposure; High water/current,No,No,4,14,Synthetic NFIRS-style record based on cleaner 2023-2025 export window.,2690.0,-190.0,-490.0,False,False,10.0,137.0,"2 swimmers caught in high cold water at Tredegar, no PFDs, river rising. E01 removed both from harm, EMS care, no injuries.",37.533637,-77.445376,llm_site,TRED,1.0,37.533637,-77.445376,landmark_exact,ollama:qwen2.5:14b,True,225.9,Tredegar / Canal Walk,site_circle,True
JR-2025-0079,NFIRS,2023_2025_nfirs_cleaner_export,2025-01-11,2025-01-11 11:45:00,2025-01-11 11:52:00,2025-01-11 12:58:00,2025,1,Saturday,True,False,True,RFD-12,James River / Richmond,361.0,Swimming/recreational water rescue,,,Swimming/recreational water rescue,assist_no_rescue,Assist person; Investigate,,Tube,Tubing,1,0,0,0,assist_no_injury,No PFD/flotation device; Cold water exposure,No,No,1,3,Synthetic NFIRS-style record based on cleaner 2023-2025 export window.,4430.0,-650.0,-3300.0,False,False,7.0,73.0,"E12 on scene 1100 hrs for 1 tuber stuck on rocks, no PFD. Water cold. Assisted pt to shore, investigated, no injuries. Pt declined further assist.",,,unplaced,,0.0,,,unplaced,ollama:qwen2.5:14b,False,,,not_mapped,False
JR-2025-0059,NFIRS,2023_2025_nfirs_cleaner_export,2025-01-25,2025-01-25 12:07:00,2025-01-25 12:18:00,2025-01-25 12:43:00,2025,1,Saturday,True,False,True,RFD-12,James River / Richmond,360.0,"Water & ice-related rescue, other",,,"Water/ice rescue, other",good_intent_cancelled,Standby,,,Swimming/Wading,2,0,0,0,cancelled_or_no_incident_found,,Yes,No,1,3,Synthetic NFIRS-style record based on cleaner 2023-2025 export window.,3600.0,-280.0,-220.0,False,False,11.0,36.0,"Dispatched for 2 swimmers poss in distress. E12 staged and stood by at ///[w3w]. Both out of water on arrival, no incident. Cancelled 1215.",,,unplaced,,0.0,37.559197,-77.571507,what3words,ollama:qwen2.5:14b,False,,,not_mapped,False
JR-2025-0066,NFIRS,2023_2025_nfirs_cleaner_export,2025-01-30,2025-01-30 15:12:00,2025-01-30 15:19:00,2025-01-30 16:07:00,2025,1,Thursday,False,False,True,RFD-01,James River / Richmond,361.0,Swimming/recreational water rescue,,,Swimming/recreational water rescue,assist_no_rescue,Search for victim; No rescue needed,Aid given to another agency,,Swimming/Wading,1,0,0,0,assist_no_injury,Rapid river rise; Cold water exposure,Unknown,No,2,8,Synthetic NFIRS-style record based on cleaner 2023-2025 export window.,3280.0,-90.0,-500.0,False,False,7.0,55.0,"Report of 1 swimmer caught out as water came up fast. E01 searched shoreline, located pt already out of water, cold but OK. No rescue needed. Advised pt of rising river.",,,unplaced,,0.0,,,unplaced,ollama:qwen2.5:14b,False,,,not_mapped,False
JR-2025-0026,NFIRS,2023_2025_nfirs_cleaner_export,2025-02-11,2025-02-11 14:18:00,2025-02-11 14:23:00,2025-02-11 15:44:00,2025,2,Tuesday,False,False,True,RFD-05,James River / Richmond,365.0,Watercraft rescue,,,Watercraft rescue,good_intent_cancelled,Canceled en route,Mutual aid received,Canoe,Canoeing,2,0,0,0,cancelled_or_no_incident_found,Rapid river rise; Deceptive calm/local gage low but upstream rising; Cold water exposure; Inexperience,Unknown,No,2,8,Synthetic NFIRS-style record based on cleaner 2023-2025 export window.,21700.0,-1400.0,-4500.0,False,False,5.0,86.0,"Caller reported 2 in a canoe in trouble at Reedy Creek. Update while en route had canoe ashore near 42nd St, both OK. E05 cancelled en route. Gage looked low locally but upstream rising, pts inexperienced, cold water.",37.528301,-77.475311,llm_site,42ND,1.0,37.52716,-77.469861,landmark_exact,ollama:qwen2.5:14b,True,642.2,42nd Street,not_mapped,False
JR-2025-0015,NFIRS,2023_2025_nfirs_cleaner_export,2025-02-15,2025-02-15 17:30:00,2025-02-15 17:41:00,2025-02-15 18:34:00,2025,2,Saturday,True,False,True,RFD-16,James River / Richmond,365.0,Watercraft rescue,,,Watercraft rescue,assist_no_rescue,Search for victim; No rescue needed,,Paddleboard,Stand-up paddleboard,1,0,0,0,assist_no_injury,No PFD/flotation device; Cold water exposure,No,No,1,4,Synthetic NFIRS-style record based on cleaner 2023-2025 export window.,34500.0,1400.0,14500.0,False,False,11.0,64.0,"E16 search for SUP rider reported missing, no PFD. Pt found on board, paddled in on own. Cold water, no injury. No rescue needed, RTS 1740.",,,unplaced,,0.0,,,unplaced,ollama:qwen2.5:14b,False,,,not_mapped,False
JR-2025-0041,NFIRS,2023_2025_nfirs_cleaner_export,2025-02-19,2025-02-19 12:18:00,2025-02-19 12:27:00,2025-02-19 13:01:00,2025,2,Wednesday,False,False,True,RFD-05,James River / Richmond,365.0,Watercraft rescue,,,Watercraft rescue,assist_no_rescue,Refer to proper authority,,Kayak,Kayaking,2,0,0,0,assist_no_injury,Alcohol suspected; Cold water exposure; Inexperience,Unknown,Yes,1,4,Synthetic NFIRS-style record based on cleaner 2023-2025 export window.,58600.0,-31500.0,5000.0,False,False,9.0,43.0,"E05 to Belle Isle for 2 kayakers. ETOH suspected, both inexperienced, water cold. No injuries. Referred to park police/proper authority. E05 in service.",37.530741,-77.455404,llm_site,BELLE,1.0,37.530741,-77.455404,landmark_exact,ollama:qwen2.5:14b,True,619.4,Belle Isle,site_circle,True
JR-2025-0024,NFIRS,2023_2025_nfirs_cleaner_export,2025-02-22,2025-02-22 10:50:00,2025-02-22 11:01:00,2025-02-22 12:27:00,2025,2,Saturday,True,False,True,RFD-16,James River / Richmond,365.0,Watercraft rescue,,,Watercraft rescue,assist_no_rescue,Search for victim; No rescue needed,,Kayak,Kayaking,1,0,0,0,assist_no_injury,No PFD/flotation device; Cold water exposure; Submerged obstacle/rocks,No,No,2,6,Synthetic NFIRS-style record based on cleaner 2023-2025 export window.,19400.0,-4900.0,-39200.0,False,False,11.0,97.0,"Kayaker reported overdue. E16 searched, located pt hung on submerged rocks but self-freed, no PFD. No rescue needed, cold water, pt uninjured.",,,unplaced,,0.0,,,unplaced,ollama:qwen2.5:14b,False,,,not_mapped,False
JR-2025-0046,NFIRS,2023_2025_nfirs_cleaner_export,2025-02-22,2025-02-22 13:00:00,2025-02-22 13:17:00,2025-02-22 15:55:00,2025,2,Saturday,True,False,True,RFD-12,James River / Richmond,363.0,Swift water rescue,,,Swift water rescue,working_rescue,Rescue/remove from harm; Provide EMS care,,,Swimming/Wading,1,1,0,0,rescued_no_injury,Rapid river rise; Cold water exposure; High water/current; Inexperience,Yes,No,3,11,Synthetic NFIRS-style record based on cleaner 2023-2025 export window.,19400.0,-4900.0,-39200.0,False,False,17.0,175.0,"Swimmer caught in rising current off Belle Isle. E12 crew removed pt from water, EMS eval, no injury. Pt lives 2400 blk Monument Ave. Inexperienced, water high and cold.",37.530741,-77.455404,llm_site,BELLE,1.0,37.530741,-77.455404,landmark_exact,ollama:qwen2.5:14b,True,92.5,Belle Isle,site_circle,True
JR-2025-0025,NFIRS,2023_2025_nfirs_cleaner_export,2025-03-01,2025-03-01 14:00:00,2025-03-01 14:05:00,2025-03-01 15:20:00,2025,3,Saturday,True,False,True,RFD-01,James River / Richmond,360.0,"Water & ice-related rescue, other",,,"Water/ice rescue, other",assist_no_rescue,Refer to proper authority,,Tube,Tubing,2,0,0,0,assist_no_injury,Cold water exposure,Yes,No,1,3,Synthetic NFIRS-style record based on cleaner 2023-2025 export window.,7780.0,-550.0,-2060.0,False,False,5.0,80.0,"E01 to Brown's Isl for 2 tubers, cold water, no injuries. Pts reside 3100 blk Hanover Ave. Referred to proper authority.",37.532563,-77.441084,llm_site,BROWN,1.0,37.532563,-77.441084,landmark_fuzzy,ollama:qwen2.5:14b,True,338.8,Brown's Island,site_circle,True
JR-2025-0045,NFIRS,2023_2025_nfirs_cleaner_export,2025-03-04,2025-03-04 22:45:00,2025-03-04 23:00:00,2025-03-05 01:27:00,2025,3,Tuesday,False,False,False,RFD-05,James River / Richmond,361.0,Swimming/recreational water rescue,,,Swimming/recreational water rescue,working_rescue,Rescue/remove from harm; Provide EMS care,,,Swimming/Wading,2,1,0,0,rescued_no_injury,Rapid river rise; Cold water exposure; High water/current,Yes,No,4,14,Synthetic NFIRS-style record based on cleaner 2023-2025 export window.,6360.0,-410.0,-1420.0,False,False,15.0,162.0,"2200 hrs E05 working rescue, 2 swimmers in high water at 42nd Street after rapid rise. Both removed from harm, EMS eval neg for injury. One pt home addr 1500 blk Chamberlayne Ave.",37.528301,-77.475311,llm_site,42ND,1.0,37.528301,-77.475311,landmark_exact,ollama:qwen2.5:14b,True,1045.0,42nd Street,site_circle,True
JR-2025-0014,NFIRS,2023_2025_nfirs_cleaner_export,2025-03-10,2025-03-10 09:05:00,2025-03-10 09:13:00,2025-03-10 10:27:00,2025,3,Monday,False,False,True,RFD-01,James River / Richmond,360.0,"Water & ice-related rescue, other",,,"Water/ice rescue, other",assist_no_rescue,Search for victim; No rescue needed,,Kayak,Kayaking,2,0,0,0,assist_no_injury,Cold water exposure,Yes,No,1,4,Synthetic NFIRS-style record based on cleaner 2023-2025 export window.,9740.0,-1360.0,980.0,False,False,8.0,82.0,"E01 0900 search for 2 kayakers overdue in cold water. Found on right bank drying off, no rescue needed. No inj.",,,unplaced,,0.0,,,unplaced,ollama:qwen2.5:14b,False,,,not_mapped,False
JR-2025-0069,NFIRS,2023_2025_nfirs_cleaner_export,2025-05-03,2025-05-03 09:30:00,2025-05-03 09:36:00,2025-05-03 10:45:00,2025,5,Saturday,True,False,True,RFD-05,James River / Richmond,363.0,Swift water rescue,,,Swift water rescue,good_intent_cancelled,Standby,,Tube,Tubing,2,0,0,0,cancelled_or_no_incident_found,No PFD/flotation device,No,No,3,12,Synthetic NFIRS-style record based on cleaner 2023-2025 export window.,3400.0,-240.0,-110.0,False,False,6.0,75.0,E05 2 tubers no PFD 42nd st called in stood by nothing found canc 0915 RTS,37.528301,-77.475311,llm_site,42ND,1.0,37.528301,-77.475311,landmark_exact,ollama:qwen2.5:14b,True,150.7,42nd Street,not_mapped,False
JR-2025-0009,NFIRS,2023_2025_nfirs_cleaner_export,2025-05-15,2025-05-15 17:10:00,2025-05-15 17:16:00,2025-05-15 18:36:00,2025,5,Thursday,False,False,True,RFD-16,James River / Richmond,365.0,Watercraft rescue,,,Watercraft rescue,medical_eval,Provide EMS care; Investigate,,Motorboat/PWC,Motorboat/PWC,1,0,0,0,no_injury,No PFD/flotation device; Rapid river rise,No,No,1,3,Synthetic NFIRS-style record based on cleaner 2023-2025 export window.,63700.0,38500.0,59370.0,True,False,6.0,86.0,E16 pwc op poss hurt no PFD river rising fast ///[w3w] EMS eval pt no inj investigated RTS,,,unplaced,,0.0,,,w3w_off_river,ollama:qwen2.5:14b,False,,,not_mapped,False
JR-2025-0002,NFIRS,2023_2025_nfirs_cleaner_export,2025-05-17,2025-05-17 10:35:00,2025-05-17 10:46:00,2025-05-17 11:20:00,2025,5,Saturday,True,False,True,RFD-01,James River / Richmond,361.0,Swimming/recreational water rescue,,,Swimming/recreational water rescue,good_intent_cancelled,Canceled en route,,,Swimming/Wading,2,0,0,0,cancelled_or_no_incident_found,None/unknown,Unknown,No,1,3,Synthetic NFIRS-style record based on cleaner 2023-2025 export window.,28300.0,-21700.0,3100.0,False,False,11.0,45.0,"E01 dispatched 1000 for 2 swimmers at ///[w3w]. Canceled en route, no incident.",37.53022,-77.453913,llm_what3words,NONE,1.0,37.53022,-77.453913,what3words,ollama:qwen2.5:14b,True,0.0,Belle Isle,not_mapped,False
JR-2025-0029,NFIRS,2023_2025_nfirs_cleaner_export,2025-05-18,2025-05-18 15:25:00,2025-05-18 15:35:00,2025-05-18 16:12:00,2025,5,Sunday,True,False,True,RFD-01,James River / Richmond,363.0,Swift water rescue,,,Swift water rescue,assist_no_rescue,Assist person; Investigate,,Tube,Tubing,2,0,0,0,assist_no_injury,No PFD/flotation device,No,No,1,4,Synthetic NFIRS-style record based on cleaner 2023-2025 export window.,21400.0,-6900.0,-42300.0,False,False,10.0,47.0,"42nd St, 2 tubers without PFDs needing help getting out. E01 assisted both to bank, investigated. No injury.",37.528301,-77.475311,llm_site,42ND,1.0,37.528301,-77.475311,landmark_exact,ollama:qwen2.5:14b,True,1742.2,42nd Street,site_circle,True
JR-2025-0049,NFIRS,2023_2025_nfirs_cleaner_export,2025-05-25,2025-05-25 16:03:00,2025-05-25 16:14:00,2025-05-25 17:21:00,2025,5,Sunday,True,True,True,RFD-12,James River / Richmond,363.0,Swift water rescue,,,Swift water rescue,medical_eval,Provide EMS care; Investigate,,Unknown,Unknown recreational activity,1,0,1,0,minor_injury_or_medical_eval,No PFD/flotation device; Rapid river rise,No,No,2,6,Synthetic NFIRS-style record based on cleaner 2023-2025 export window.,6510.0,-1070.0,-3790.0,False,False,11.0,78.0,"Pt at ///[w3w], activity unk, no PFD, river rising. E12 EMS care, minor injury, pt eval on scene.",37.534078,-77.487994,llm_what3words,canyon quiet ember,1.0,37.534078,-77.487994,what3words,ollama:qwen2.5:14b,True,0.0,42nd Street,precise_point,True
JR-2025-0010,NFIRS,2023_2025_nfirs_cleaner_export,2025-06-07,2025-06-07 14:12:00,2025-06-07 14:17:00,2025-06-07 14:56:00,2025,6,Saturday,True,False,True,RFD-16,James River / Richmond,360.0,"Water & ice-related rescue, other",,,"Water/ice rescue, other",medical_eval,Provide EMS care; Investigate,Mutual aid received,,Fishing from bank/rocks,2,0,1,0,minor_injury_or_medical_eval,Rapid river rise; Inexperience,Yes,No,1,4,Synthetic NFIRS-style record based on cleaner 2023-2025 export window.,5120.0,-440.0,-2520.0,False,False,5.0,44.0,"2 fishermen on rocks at Huguenot flatwater cut off by rising water, inexperienced. E16 EMS eval, 1 minor inj. Investigated, pts walked out.",37.561655,-77.542582,llm_site,HUG,1.0,37.561655,-77.542582,landmark_exact,ollama:qwen2.5:14b,True,48.1,Huguenot Flatwater,site_circle,True
JR-2025-0006,NFIRS,2023_2025_nfirs_cleaner_export,2025-06-07,2025-06-07 19:03:00,2025-06-07 19:19:00,2025-06-07 20:49:00,2025,6,Saturday,True,False,True,RFD-01,James River / Richmond,363.0,Swift water rescue,,,Swift water rescue,working_rescue,Rescue/remove from harm; Provide EMS care,,Raft,Rafting,1,1,1,0,injury_or_rescue,No PFD/flotation device; Rapid river rise; High water/current,No,No,3,11,Synthetic NFIRS-style record based on cleaner 2023-2025 export window.,5120.0,-440.0,-2520.0,False,False,16.0,106.0,E01 1900 raft flip pt swept high water no PFD N37.53194 W77.44770 pt removed from water EMS care inj transported,37.53194,-77.4477,llm_gps,,1.0,37.53194,-77.4477,gps,ollama:qwen2.5:14b,True,0.6,Tredegar / Canal Walk,precise_point,True
JR-2025-0044,NFIRS,2023_2025_nfirs_cleaner_export,2025-06-07,2025-06-07 20:30:00,2025-06-07 20:44:00,2025-06-07 22:19:00,2025,6,Saturday,True,False,True,RFD-12,James River / Richmond,365.0,Watercraft rescue,,,Watercraft rescue,working_rescue,Rescue/remove from harm; Provide EMS care,Mutual aid received,Kayak,Kayaking,2,2,1,0,injury_or_rescue,,Unknown,No,3,14,Synthetic NFIRS-style record based on cleaner 2023-2025 export window.,5120.0,-440.0,-2520.0,False,False,14.0,109.0,"2 kayakers pinned approx 200 yds below Ancarrow's Landing. E12 worked rescue, both removed from water, EMS care for injuries.",37.520293,-77.417614,llm_site,ANC,1.0,37.520293,-77.417614,landmark_exact,ollama:qwen2.5:14b,True,213.2,Ancarrow's Landing,site_circle,True
JR-2025-0039,NFIRS,2023_2025_nfirs_cleaner_export,2025-06-12,2025-06-12 15:30:00,2025-06-12 15:38:00,2025-06-12 16:47:00,2025,6,Thursday,False,False,True,RFD-12,James River / Richmond,365.0,Watercraft rescue,,,Watercraft rescue,good_intent_cancelled,Investigate; No incident found,,Kayak,Kayaking,1,0,0,0,cancelled_or_no_incident_found,None/unknown,Yes,No,1,3,Synthetic NFIRS-style record based on cleaner 2023-2025 export window.,4820.0,-740.0,-1240.0,False,False,8.0,77.0,"E12 checked area for reported kayaker in distress. Nothing found, no incident. RTS 1520.",,,unplaced,,0.0,,,unplaced,ollama:qwen2.5:14b,False,,,not_mapped,False
JR-2025-0084,NFIRS,2023_2025_nfirs_cleaner_export,2025-06-14,2025-06-14 18:25:00,2025-06-14 18:35:00,2025-06-14 19:51:00,2025,6,Saturday,True,False,True,RFD-05,James River / Richmond,365.0,Watercraft rescue,,,Watercraft rescue,medical_eval,Provide EMS care; Investigate,,Kayak,Kayaking,1,0,1,0,minor_injury_or_medical_eval,No PFD/flotation device,No,No,1,4,Synthetic NFIRS-style record based on cleaner 2023-2025 export window.,3890.0,-270.0,-1670.0,False,False,10.0,86.0,E05 kayaker no PFD ///[w3w] pt c/o minor inj EMS eval investigated RTS,37.558123,-77.525835,llm_what3words,garnet otter hollow,1.0,37.558123,-77.525835,what3words,ollama:qwen2.5:14b,True,0.0,Z-Dam Area,precise_point,True
JR-2025-0074,NFIRS,2023_2025_nfirs_cleaner_export,2025-06-18,2025-06-18 16:12:00,2025-06-18 16:21:00,2025-06-18 17:02:00,2025,6,Wednesday,False,False,True,RFD-01,James River / Richmond,361.0,Swimming/recreational water rescue,,,Swimming/recreational water rescue,assist_no_rescue,Assist person; Investigate,,Paddleboard,Stand-up paddleboard,1,0,0,0,assist_no_injury,None/unknown,Yes,No,1,3,Synthetic NFIRS-style record based on cleaner 2023-2025 export window.,11400.0,1100.0,4840.0,False,False,9.0,50.0,E01 SUP pt needs help N37.52744 W77.43579 assisted to shore invest no inj RTS,37.52744,-77.43579,llm_gps,,1.0,37.52744,-77.43579,gps,ollama:qwen2.5:14b,True,0.2,Mayo Bridge,precise_point,True
JR-2025-0052,NFIRS,2023_2025_nfirs_cleaner_export,2025-06-21,2025-06-21 18:00:00,2025-06-21 18:07:00,2025-06-21 19:21:00,2025,6,Saturday,True,False,True,RFD-01,James River / Richmond,365.0,Watercraft rescue,,,Watercraft rescue,medical_eval,Provide EMS care; Investigate,,Kayak,Kayaking,2,0,1,0,minor_injury_or_medical_eval,No PFD/flotation device,No,No,2,6,Synthetic NFIRS-style record based on cleaner 2023-2025 export window.,9350.0,-2450.0,-2050.0,False,False,7.0,81.0,"1800 E01, 2 kayakers, no PFDs, capsized and made left bank. EMS eval, 1 pt minor wrist injury, splinted. Investigated.",,,unplaced,,0.0,,,unplaced,ollama:qwen2.5:14b,False,,,not_mapped,False
JR-2025-0078,NFIRS,2023_2025_nfirs_cleaner_export,2025-06-22,2025-06-22 17:15:00,2025-06-22 17:23:00,2025-06-22 18:51:00,2025,6,Sunday,True,False,True,RFD-12,James River / Richmond,363.0,Swift water rescue,,,Swift water rescue,assist_no_rescue,Refer to proper authority,,Kayak,Kayaking,1,0,0,0,assist_no_injury,Alcohol suspected; Rapid river rise,Yes,Yes,2,6,Synthetic NFIRS-style record based on cleaner 2023-2025 export window.,8680.0,-670.0,-7420.0,False,False,8.0,96.0,"Kayaker at 37.52733,-77.43487, ETOH suspected, water coming up. E12 on scene, pt uninjured, referred to proper authority.",37.52733,-77.43487,llm_gps,,1.0,37.52733,-77.43487,gps,ollama:qwen2.5:14b,True,0.0,Mayo Bridge,precise_point,True
JR-2025-0055,NFIRS,2023_2025_nfirs_cleaner_export,2025-06-25,2025-06-25 15:00:00,2025-06-25 15:05:00,2025-06-25 16:00:00,2025,6,Wednesday,False,False,True,RFD-01,James River / Richmond,365.0,Watercraft rescue,,,Watercraft rescue,assist_no_rescue,Search for victim; No rescue needed,,Paddleboard,Stand-up paddleboard,1,0,0,0,assist_no_injury,Inexperience,Yes,No,1,3,Synthetic NFIRS-style record based on cleaner 2023-2025 export window.,4710.0,-1170.0,-3970.0,False,False,5.0,60.0,"E01 search for SUP paddler off Huguenot Flat Water, pt new to sport. Located, OK, no rescue needed. Home addr 3300 blk Kensington Ave.",37.561655,-77.542582,llm_site,HUG,1.0,37.561655,-77.542582,landmark_exact,ollama:qwen2.5:14b,True,63.4,Huguenot Flatwater,site_circle,True
JR-2025-0023,NFIRS,2023_2025_nfirs_cleaner_export,2025-06-28,2025-06-28 11:03:00,2025-06-28 11:15:00,2025-06-28 12:12:00,2025,6,Saturday,True,False,True,RFD-12,James River / Richmond,365.0,Watercraft rescue,,,Watercraft rescue,working_rescue,Rescue/remove from harm; Provide EMS care,,Raft,Rafting,2,1,0,0,rescued_no_injury,No PFD/flotation device; Rapid river rise; High water/current,No,No,3,11,Synthetic NFIRS-style record based on cleaner 2023-2025 export window.,3510.0,-280.0,-1200.0,False,False,12.0,69.0,E12 raft 2 pts in water no PFDs high water rising fast by Tredegar crew pulled both out EMS eval no inj RTS,37.533637,-77.445376,llm_site,TRED,1.0,37.533637,-77.445376,landmark_exact,ollama:qwen2.5:14b,True,166.8,Tredegar / Canal Walk,site_circle,True
JR-2025-0021,NFIRS,2023_2025_nfirs_cleaner_export,2025-06-28,2025-06-28 11:15:00,2025-06-28 11:23:00,2025-06-28 12:20:00,2025,6,Saturday,True,False,True,RFD-05,James River / Richmond,365.0,Watercraft rescue,,,Watercraft rescue,good_intent_cancelled,Canceled en route,,Unknown,Unknown recreational activity,1,0,0,0,cancelled_or_no_incident_found,,No,Unknown,2,6,Synthetic NFIRS-style record based on cleaner 2023-2025 export window.,3510.0,-280.0,-1200.0,False,False,8.0,65.0,"Called for pt at 37.52736, -77.43596, activity unk. E05 cancelled en route 1110.",37.52736,-77.43596,llm_gps,,1.0,37.52736,-77.43596,gps,ollama:qwen2.5:14b,True,0.4,Mayo Bridge,not_mapped,False
JR-2025-0085,NFIRS,2023_2025_nfirs_cleaner_export,2025-06-28,2025-06-28 11:40:00,2025-06-28 11:53:00,2025-06-28 14:15:00,2025,6,Saturday,True,False,True,RFD-RiverOps,James River / Richmond,365.0,Watercraft rescue,,,Watercraft rescue,working_rescue,Water rescue; Provide EMS care,,Motorboat/PWC,Motorboat/PWC,2,1,0,0,rescued_no_injury,Rapid river rise; High water/current,Yes,No,3,11,Synthetic NFIRS-style record based on cleaner 2023-2025 export window.,3510.0,-280.0,-1200.0,False,False,13.0,155.0,"Boat 1 water rescue at Pony Pasture, PWC with 2 aboard in fast high water after rise. Both brought to shore, EMS eval, no injuries.",37.552224,-77.517472,llm_site,PONY,1.0,37.552224,-77.517472,landmark_exact,ollama:qwen2.5:14b,True,1385.8,Pony Pasture,site_circle,True
JR-2025-0061,NFIRS,2023_2025_nfirs_cleaner_export,2025-06-28,2025-06-28 16:42:00,2025-06-28 16:53:00,2025-06-28 18:12:00,2025,6,Saturday,True,False,True,RFD-05,James River / Richmond,365.0,Watercraft rescue,,,Watercraft rescue,assist_no_rescue,Assist person; Investigate,,,Fishing from bank/rocks,1,0,0,0,assist_no_injury,None/unknown,Unknown,No,1,4,Synthetic NFIRS-style record based on cleaner 2023-2025 export window.,3510.0,-280.0,-1200.0,False,False,11.0,90.0,"Bank fisherman at Bosher's Dam needed assist getting out. E05 assisted, investigated, no injury. Pt from 1800 blk Floyd Ave.",37.559948,-77.575019,llm_site,BOSH,1.0,37.559948,-77.575019,landmark_exact,ollama:qwen2.5:14b,True,386.1,Bosher Dam,site_circle,True
JR-2025-0047,NFIRS,2023_2025_nfirs_cleaner_export,2025-06-29,2025-06-29 21:18:00,2025-06-29 21:25:00,2025-06-29 22:35:00,2025,6,Sunday,True,False,False,RFD-05,James River / Richmond,361.0,Swimming/recreational water rescue,,,Swimming/recreational water rescue,medical_eval,Provide EMS care; Investigate,Mutual aid received,Motorboat/PWC,Motorboat/PWC,2,0,0,0,no_injury,Inexperience,Yes,No,1,4,Synthetic NFIRS-style record based on cleaner 2023-2025 export window.,3290.0,-220.0,-760.0,False,False,7.0,77.0,"E05 2100 EMS eval of 2 PWC riders after novice operator ran up on gravel bar near right bank. No injury found. Investigated, craft removed by owner.",,,unplaced,,0.0,,,unplaced,ollama:qwen2.5:14b,False,,,not_mapped,False
JR-2025-0008,NFIRS,2023_2025_nfirs_cleaner_export,2025-06-30,2025-06-30 13:07:00,2025-06-30 13:17:00,2025-06-30 13:35:00,2025,6,Monday,False,False,True,RFD-12,James River / Richmond,360.0,"Water & ice-related rescue, other",,,"Water/ice rescue, other",medical_eval,Provide EMS care; Investigate,,,Swimming/Wading,1,0,1,0,minor_injury_or_medical_eval,None/unknown,Yes,No,1,4,Synthetic NFIRS-style record based on cleaner 2023-2025 export window.,4510.0,1220.0,720.0,False,False,10.0,28.0,"Originally dispatched to Belle Isle for swimmer. Units redirected, pt found at N37.52896 W77.47793. E12 EMS care, minor injury.",37.52896,-77.47793,llm_gps,N37.52896 W77.47793,1.0,37.52896,-77.47793,gps,ollama:qwen2.5:14b,True,0.5,42nd Street,precise_point,True
JR-2025-0073,NFIRS,2023_2025_nfirs_cleaner_export,2025-07-04,2025-07-04 18:00:00,2025-07-04 18:11:00,2025-07-04 19:47:00,2025,7,Friday,False,True,True,RFD-16,James River / Richmond,363.0,Swift water rescue,,,Swift water rescue,assist_no_rescue,Refer to proper authority,,,Fishing from bank/rocks,1,0,0,0,assist_no_injury,,No,No,2,6,Synthetic NFIRS-style record based on cleaner 2023-2025 export window.,8370.0,-2330.0,3410.0,False,False,11.0,107.0,"Sent to Reedy Creek for a fisherman, nobody there. Pt located on the rocks at Belle Isle instead, no injury. E16 referred to proper authority.",37.530741,-77.455404,llm_site,BELLE,1.0,37.52716,-77.469861,landmark_exact,ollama:qwen2.5:14b,True,91.0,Belle Isle,site_circle,True
JR-2025-0056,NFIRS,2023_2025_nfirs_cleaner_export,2025-07-05,2025-07-05 18:15:00,2025-07-05 18:28:00,2025-07-05 20:21:00,2025,7,Saturday,True,True,True,RFD-05,James River / Richmond,365.0,Watercraft rescue,,,Watercraft rescue,working_rescue,Rescue/remove from harm; Provide EMS care,,Kayak,Kayaking,1,1,0,0,rescued_no_injury,Rapid river rise; High water/current,Unknown,No,3,11,Synthetic NFIRS-style record based on cleaner 2023-2025 export window.,8690.0,320.0,780.0,False,False,13.0,126.0,"Kayaker swept in high current after river rose at 42nd St access. E05 removed pt from harm, EMS eval, no injury.",37.528301,-77.475311,llm_site,42ND,1.0,37.528301,-77.475311,landmark_exact,ollama:qwen2.5:14b,True,2236.4,42nd Street,site_circle,True
JR-2025-0034,NFIRS,2023_2025_nfirs_cleaner_export,2025-07-09,2025-07-09 18:42:00,2025-07-09 18:52:00,2025-07-09 21:12:00,2025,7,Wednesday,False,False,True,RFD-01,James River / Richmond,363.0,Swift water rescue,,,Swift water rescue,working_rescue,Search for victim; Rescue/remove from harm,,Raft,Rafting,2,1,0,0,rescued_no_injury,No PFD/flotation device; Rapid river rise; High water/current,No,No,3,11,Synthetic NFIRS-style record based on cleaner 2023-2025 export window.,10500.0,5940.0,4190.0,True,False,10.0,150.0,"Raft w/ 2 no PFDs overturned in high water near 42nd Street. E01 searched, located both, removed from water. Rescued, no injuries.",37.528301,-77.475311,llm_site,42ND,1.0,37.528301,-77.475311,landmark_exact,ollama:qwen2.5:14b,True,51.5,42nd Street,site_circle,True
JR-2025-0004,NFIRS,2023_2025_nfirs_cleaner_export,2025-07-12,2025-07-12 18:15:00,2025-07-12 18:21:00,2025-07-12 19:01:00,2025,7,Saturday,True,False,True,RFD-01,James River / Richmond,361.0,Swimming/recreational water rescue,,,Swimming/recreational water rescue,good_intent_cancelled,Canceled en route,,Tube,Tubing,3,0,0,0,cancelled_or_no_incident_found,None/unknown,Yes,No,1,3,Synthetic NFIRS-style record based on cleaner 2023-2025 export window.,6310.0,-2270.0,-4190.0,False,False,6.0,46.0,E01 cancelled for 3 tubers at Pony Pasture. Canceled en route 1810.,37.552224,-77.517472,llm_site,PONY,1.0,37.552224,-77.517472,landmark_exact,ollama:qwen2.5:14b,True,51.9,Pony Pasture,not_mapped,False
JR-2025-0019,NFIRS,2023_2025_nfirs_cleaner_export,2025-07-18,2025-07-18 16:55:00,2025-07-18 17:04:00,2025-07-18 18:04:00,2025,7,Friday,False,False,True,RFD-01,James River / Richmond,365.0,Watercraft rescue,,,Watercraft rescue,assist_no_rescue,Assist person; Investigate,,Kayak,Kayaking,2,0,0,0,assist_no_injury,None/unknown,Yes,No,2,6,Synthetic NFIRS-style record based on cleaner 2023-2025 export window.,7030.0,-3770.0,990.0,False,False,9.0,69.0,"2 kayakers at 42nd St requested help. E01 assisted, investigated, no injury noted.",37.528301,-77.475311,llm_site,42ND,1.0,37.528301,-77.475311,landmark_exact,ollama:qwen2.5:14b,True,2016.3,42nd Street,site_circle,True
JR-2025-0038,NFIRS,2023_2025_nfirs_cleaner_export,2025-07-19,2025-07-19 19:30:00,2025-07-19 19:38:00,2025-07-19 21:00:00,2025,7,Saturday,True,False,True,RFD-12,James River / Richmond,365.0,Watercraft rescue,,,Watercraft rescue,assist_no_rescue,Standby; Provide information to public,,Raft,Rafting,1,0,0,0,assist_no_injury,No PFD/flotation device; Rapid river rise; Deceptive calm/local gage low but upstream rising,No,No,2,6,Synthetic NFIRS-style record based on cleaner 2023-2025 export window.,5740.0,-1290.0,-3110.0,False,False,8.0,90.0,"E12 stood by at Reedy Crk for rafter, no PFD. Local gage low but upstream rising, river coming up. Info given to pt/public on conditions.",37.52716,-77.469861,llm_site,REEDY,1.0,37.52716,-77.469861,landmark_fuzzy,ollama:qwen2.5:14b,True,118.0,Reedy Creek,site_circle,True
JR-2025-0062,NFIRS,2023_2025_nfirs_cleaner_export,2025-07-19,2025-07-19 21:10:00,2025-07-19 21:19:00,2025-07-19 23:21:00,2025,7,Saturday,True,False,False,RFD-05,James River / Richmond,363.0,Swift water rescue,,,Swift water rescue,assist_no_rescue,Assist person; Investigate,,,Fishing from bank/rocks,1,0,0,0,assist_no_injury,Rapid river rise; Deceptive calm/local gage low but upstream rising,Unknown,No,2,8,Synthetic NFIRS-style record based on cleaner 2023-2025 export window.,5740.0,-1290.0,-3110.0,False,False,9.0,131.0,"2100 fisherman on Belle Isle rocks, water coming up though local gage low. E05 assisted pt off, investigated, no inj.",37.530741,-77.455404,llm_site,BELLE,1.0,37.530741,-77.455404,landmark_exact,ollama:qwen2.5:14b,True,89.9,Belle Isle,site_circle,True
JR-2025-0037,NFIRS,2023_2025_nfirs_cleaner_export,2025-07-24,2025-07-24 17:35:00,2025-07-24 17:42:00,2025-07-24 19:31:00,2025,7,Thursday,False,False,True,RFD-01,James River / Richmond,363.0,Swift water rescue,,,Swift water rescue,assist_no_rescue,Assist person; Investigate,,Tube,Tubing,3,0,0,0,assist_no_injury,Rapid river rise,Unknown,No,2,8,Synthetic NFIRS-style record based on cleaner 2023-2025 export window.,5520.0,-1430.0,-4160.0,False,False,7.0,116.0,"3 tubers needed help as river came up. E01 assisted all 3 to shore, investigated, no injuries.",,,unplaced,,0.0,,,unplaced,ollama:qwen2.5:14b,False,,,not_mapped,False
JR-2025-0068,NFIRS,2023_2025_nfirs_cleaner_export,2025-07-25,2025-07-25 15:55:00,2025-07-25 16:04:00,2025-07-25 17:29:00,2025,7,Friday,False,False,True,RFD-12,James River / Richmond,365.0,Watercraft rescue,,,Watercraft rescue,good_intent_cancelled,Investigate; No incident found,,Kayak,Kayaking,2,0,0,0,cancelled_or_no_incident_found,No PFD/flotation device; Rapid river rise,No,No,2,6,Synthetic NFIRS-style record based on cleaner 2023-2025 export window.,4610.0,-910.0,-3060.0,False,False,9.0,94.0,"E12 investigated report of 2 kayakers at 37.52019,-77.41777, no PFDs, river rising. No incident found.",37.52019,-77.41777,llm_gps,,0.3,37.52019,-77.41777,gps,ollama:qwen2.5:14b,True,0.2,Ancarrow's Landing,not_mapped,False
JR-2025-0027,NFIRS,2023_2025_nfirs_cleaner_export,2025-07-25,2025-07-25 19:18:00,2025-07-25 19:24:00,2025-07-25 20:12:00,2025,7,Friday,False,False,True,RFD-RiverOps,James River / Richmond,363.0,Swift water rescue,,,Swift water rescue,medical_eval,Provide EMS care; Investigate,,Motorboat/PWC,Motorboat/PWC,2,0,0,0,no_injury,No PFD/flotation device; Rapid river rise,No,No,2,6,Synthetic NFIRS-style record based on cleaner 2023-2025 export window.,4610.0,-910.0,-3060.0,False,False,6.0,54.0,"Boat 1 EMS eval for 2 PWC occupants, no PFDs, river up. No injuries. Investigated, RTS.",,,unplaced,,0.0,,,unplaced,ollama:qwen2.5:14b,False,,,not_mapped,False
JR-2025-0053,NFIRS,2023_2025_nfirs_cleaner_export,2025-07-26,2025-07-26 11:12:00,2025-07-26 11:18:00,2025-07-26 12:26:00,2025,7,Saturday,True,False,True,RFD-01,James River / Richmond,363.0,Swift water rescue,,,Swift water rescue,medical_eval,Provide EMS care; Investigate,,,Swimming/Wading,1,0,1,0,minor_injury_or_medical_eval,No PFD/flotation device,No,No,1,4,Synthetic NFIRS-style record based on cleaner 2023-2025 export window.,4040.0,-570.0,-2910.0,False,False,6.0,74.0,E01 swimmer no PFD ///[w3w] minor inj EMS care invest pt refused txp,,,llm_off_list,Ripple Meadow Parcels,0.0,,,w3w_off_river,ollama:qwen2.5:14b,False,,,not_mapped,False
JR-2025-0005,NFIRS,2023_2025_nfirs_cleaner_export,2025-07-26,2025-07-26 15:18:00,2025-07-26 15:25:00,2025-07-26 15:56:00,2025,7,Saturday,True,False,True,RFD-12,James River / Richmond,360.0,"Water & ice-related rescue, other",,,"Water/ice rescue, other",good_intent_cancelled,Canceled en route,Aid given to another agency,,Swimming/Wading,1,0,0,0,cancelled_or_no_incident_found,Alcohol suspected,Unknown,Yes,1,3,Synthetic NFIRS-style record based on cleaner 2023-2025 export window.,4040.0,-570.0,-2910.0,False,False,7.0,38.0,"E12 for swimmer at the 42nd St entrance, ETOH suspected. Canceled en route.",37.528301,-77.475311,llm_site,42ND,1.0,37.528301,-77.475311,landmark_exact,ollama:qwen2.5:14b,True,113.9,42nd Street,not_mapped,False
JR-2025-0082,NFIRS,2023_2025_nfirs_cleaner_export,2025-07-26,2025-07-26 15:30:00,2025-07-26 15:40:00,2025-07-26 17:44:00,2025,7,Saturday,True,False,True,RFD-RiverOps,James River / Richmond,363.0,Swift water rescue,,,Swift water rescue,working_rescue,Rescue/remove from harm; Provide EMS care,Mutual aid received,,Swimming/Wading,1,1,0,0,rescued_no_injury,Rapid river rise; High water/current,Yes,No,3,14,Synthetic NFIRS-style record based on cleaner 2023-2025 export window.,4040.0,-570.0,-2910.0,False,False,10.0,134.0,"Swimmer in high current after rapid rise. Boat 1 removed pt from water at ///[w3w]. EMS care, no injury.",37.551551,-77.518874,llm_what3words,willow hollow thistle,1.0,37.551551,-77.518874,what3words,ollama:qwen2.5:14b,True,0.0,Pony Pasture,precise_point,True
JR-2025-0031,NFIRS,2023_2025_nfirs_cleaner_export,2025-07-26,2025-07-26 17:40:00,2025-07-26 17:46:00,2025-07-26 18:53:00,2025,7,Saturday,True,False,True,RFD-RiverOps,James River / Richmond,365.0,Watercraft rescue,,,Watercraft rescue,medical_eval,Provide EMS care; Investigate,Aid given to another agency,Paddleboard,Stand-up paddleboard,2,0,1,0,minor_injury_or_medical_eval,No PFD/flotation device,No,No,1,4,Synthetic NFIRS-style record based on cleaner 2023-2025 export window.,4040.0,-570.0,-2910.0,False,False,6.0,73.0,"Boat 1 to Pony Pasture for 2 on SUPs, no PFDs. EMS care, 1 minor injury eval. Investigated.",37.552224,-77.517472,llm_site,PONY,1.0,37.552224,-77.517472,landmark_exact,ollama:qwen2.5:14b,True,104.5,Pony Pasture,site_circle,True
JR-2025-0018,NFIRS,2023_2025_nfirs_cleaner_export,2025-07-27,2025-07-27 19:25:00,2025-07-27 19:30:00,2025-07-27 20:29:00,2025,7,Sunday,True,False,True,RFD-05,James River / Richmond,365.0,Watercraft rescue,,,Watercraft rescue,assist_no_rescue,Search for victim; No rescue needed,,Canoe,Canoeing,1,0,0,0,assist_no_injury,No PFD/flotation device; Rapid river rise; Deceptive calm/local gage low but upstream rising,No,Unknown,2,6,Synthetic NFIRS-style record based on cleaner 2023-2025 export window.,3740.0,-300.0,-1780.0,False,False,5.0,64.0,"Canoeist reported missing off Belle Isle, no PFD. Gage low locally, upstream rising. E05 searched, pt found OK, no rescue needed.",37.530741,-77.455404,llm_site,BELLE,1.0,37.530741,-77.455404,landmark_exact,ollama:qwen2.5:14b,True,193.0,Belle Isle,site_circle,True
JR-2025-0080,NFIRS,2023_2025_nfirs_cleaner_export,2025-07-27,2025-07-27 19:35:00,2025-07-27 19:49:00,2025-07-27 22:04:00,2025,7,Sunday,True,False,True,RFD-05,James River / Richmond,365.0,Watercraft rescue,,,Watercraft rescue,working_rescue,Rescue/remove from harm; Provide EMS care,,Canoe,Canoeing,2,1,0,0,rescued_no_injury,Rapid river rise; High water/current,Yes,Unknown,3,11,Synthetic NFIRS-style record based on cleaner 2023-2025 export window.,3740.0,-300.0,-1780.0,False,False,14.0,149.0,"E05 working rescue at Pipeline, canoe with 2 capsized in high water. Both removed, EMS eval, no injury.",37.531882,-77.434462,llm_site,PIPE,1.0,37.531882,-77.434462,landmark_exact,ollama:qwen2.5:14b,True,546.7,Pipeline Rapids,site_circle,True
JR-2025-0064,NFIRS,2023_2025_nfirs_cleaner_export,2025-07-29,2025-07-29 16:20:00,2025-07-29 16:31:00,2025-07-29 17:45:00,2025,7,Tuesday,False,False,True,RFD-RiverOps,James River / Richmond,361.0,Swimming/recreational water rescue,,,Swimming/recreational water rescue,good_intent_cancelled,Investigate; No incident found,,,Swimming/Wading,2,0,0,0,cancelled_or_no_incident_found,Alcohol suspected,Yes,Yes,1,4,Synthetic NFIRS-style record based on cleaner 2023-2025 export window.,3640.0,-140.0,-400.0,False,False,11.0,85.0,"Boat 1 checked ///[w3w] for 2 swimmers, ETOH suspected. No incident found. Caller gave pt address 2900 blk Grove Ave.",37.501701,-77.42092,llm_what3words,,0.3,37.501701,-77.42092,what3words,ollama:qwen2.5:14b,True,0.0,Ancarrow's Landing,not_mapped,False
JR-2025-0050,NFIRS,2023_2025_nfirs_cleaner_export,2025-08-03,2025-08-03 10:45:00,2025-08-03 10:56:00,2025-08-03 12:54:00,2025,8,Sunday,True,False,True,RFD-05,James River / Richmond,361.0,Swimming/recreational water rescue,,,Swimming/recreational water rescue,working_rescue,Water rescue; Provide EMS care,Aid given to another agency,Tube,Tubing,3,1,1,0,injury_or_rescue,No PFD/flotation device; Rapid river rise; High water/current,No,No,3,11,Synthetic NFIRS-style record based on cleaner 2023-2025 export window.,4790.0,1160.0,1660.0,False,False,11.0,129.0,"E05 water rescue 3 tubers no PFDs at 37.52762,-77.43696 in high water after rise. All removed, EMS care, injuries noted.",37.52762,-77.43696,llm_gps,,1.0,37.52762,-77.43696,gps,ollama:qwen2.5:14b,True,0.6,Mayo Bridge,precise_point,True
JR-2025-0083,NFIRS,2023_2025_nfirs_cleaner_export,2025-08-05,2025-08-05 19:18:00,2025-08-05 19:29:00,2025-08-05 20:26:00,2025,8,Tuesday,False,False,True,RFD-RiverOps,James River / Richmond,363.0,Swift water rescue,,,Swift water rescue,good_intent_cancelled,Investigate; No incident found,,Canoe,Canoeing,1,0,0,0,cancelled_or_no_incident_found,,No,No,2,6,Synthetic NFIRS-style record based on cleaner 2023-2025 export window.,4580.0,-420.0,950.0,False,False,11.0,68.0,"Boat 1 investigated report of canoeist at ///[w3w]. No incident found, cancelled.",37.529065,-77.45849,llm_what3words,NONE,0.3,37.529065,-77.45849,what3words,ollama:qwen2.5:14b,True,0.0,Belle Isle,not_mapped,False
JR-2025-0040,NFIRS,2023_2025_nfirs_cleaner_export,2025-08-10,2025-08-10 14:35:00,2025-08-10 14:41:00,2025-08-10 16:49:00,2025,8,Sunday,True,False,True,RFD-01,James River / Richmond,363.0,Swift water rescue,,,Swift water rescue,assist_no_rescue,Standby; Provide information to public,,Tube,Tubing,4,0,0,0,assist_no_injury,Rapid river rise; Deceptive calm/local gage low but upstream rising; Submerged obstacle/rocks,Yes,No,2,8,Synthetic NFIRS-style record based on cleaner 2023-2025 export window.,2560.0,-180.0,-840.0,False,False,6.0,134.0,"4 tubers at Belle Isle, gage low here but river rising upstream, submerged rocks. E01 stood by, gave info to public.",37.530741,-77.455404,llm_site,BELLE,1.0,37.530741,-77.455404,landmark_exact,ollama:qwen2.5:14b,True,432.8,Belle Isle,site_circle,True
JR-2025-0028,NFIRS,2023_2025_nfirs_cleaner_export,2025-08-12,2025-08-12 14:42:00,2025-08-12 14:48:00,2025-08-12 16:33:00,2025,8,Tuesday,False,False,True,RFD-RiverOps,James River / Richmond,363.0,Swift water rescue,,,Swift water rescue,medical_eval,Provide EMS care; Investigate,Mutual aid received,Tube,Tubing,3,0,0,0,no_injury,No PFD/flotation device; Rapid river rise,No,No,2,8,Synthetic NFIRS-style record based on cleaner 2023-2025 export window.,2350.0,-70.0,-390.0,False,False,6.0,111.0,"Boat 1 EMS eval 3 tubers, no PFDs, river up, approx 100 yds downstream of Reedy Creek. No injuries.",37.52716,-77.469861,llm_site,REEDY,1.0,37.52716,-77.469861,landmark_exact,ollama:qwen2.5:14b,True,122.7,Reedy Creek,site_circle,True
JR-2025-0013,NFIRS,2023_2025_nfirs_cleaner_export,2025-08-13,2025-08-13 12:03:00,2025-08-13 12:13:00,2025-08-13 12:36:00,2025,8,Wednesday,False,False,True,RFD-05,James River / Richmond,361.0,Swimming/recreational water rescue,,,Swimming/recreational water rescue,assist_no_rescue,Standby; Provide information to public,,,Swimming/Wading,1,0,0,0,assist_no_injury,No PFD/flotation device; Inexperience,No,No,1,3,Synthetic NFIRS-style record based on cleaner 2023-2025 export window.,2260.0,-90.0,-300.0,False,False,10.0,33.0,"E05 standby for swimmer at ///[w3w], no PFD, inexperienced. Info given to pt, no assist needed.",37.55982,-77.573798,llm_what3words,hollow quiet otter,1.0,37.55982,-77.573798,what3words,ollama:qwen2.5:14b,True,0.0,Bosher Dam,precise_point,True
JR-2025-0043,NFIRS,2023_2025_nfirs_cleaner_export,2025-08-16,2025-08-16 11:18:00,2025-08-16 11:23:00,2025-08-16 13:01:00,2025,8,Saturday,True,False,True,RFD-16,James River / Richmond,363.0,Swift water rescue,,,Swift water rescue,assist_no_rescue,Assist person; Investigate,,,Fishing from bank/rocks,1,0,0,0,assist_no_injury,Rapid river rise,Unknown,Unknown,2,8,Synthetic NFIRS-style record based on cleaner 2023-2025 export window.,2340.0,-250.0,80.0,False,False,5.0,103.0,"Fisherman needed assist, river rising. E16 assisted, investigated, no injury.",,,unplaced,,0.0,,,unplaced,ollama:qwen2.5:14b,False,,,not_mapped,False
JR-2025-0081,NFIRS,2023_2025_nfirs_cleaner_export,2025-08-19,2025-08-19 13:12:00,2025-08-19 13:23:00,2025-08-19 14:30:00,2025,8,Tuesday,False,False,True,RFD-05,James River / Richmond,361.0,Swimming/recreational water rescue,,,Swimming/recreational water rescue,good_intent_cancelled,Standby,,,Fishing from bank/rocks,1,0,0,0,cancelled_or_no_incident_found,No PFD/flotation device; Rapid river rise,No,No,2,8,Synthetic NFIRS-style record based on cleaner 2023-2025 export window.,2140.0,20.0,-200.0,False,False,11.0,78.0,E05 stood by 1300 for angler without PFD on rock as water rose fast. Pt got off rock to left bank on own. Canceled.,,,unplaced,,0.0,,,unplaced,ollama:qwen2.5:14b,False,,,not_mapped,False
JR-2025-0022,NFIRS,2023_2025_nfirs_cleaner_export,2025-08-23,2025-08-23 09:03:00,2025-08-23 09:09:00,2025-08-23 10:08:00,2025,8,Saturday,True,False,True,RFD-RiverOps,James River / Richmond,365.0,Watercraft rescue,,,Watercraft rescue,good_intent_cancelled,Standby,,,Fishing from bank/rocks,2,0,0,0,cancelled_or_no_incident_found,None/unknown,Yes,No,2,8,Synthetic NFIRS-style record based on cleaner 2023-2025 export window.,1750.0,-60.0,-310.0,False,False,6.0,65.0,"Boat 1 standby Reedy for 2 anglers. Nothing needed, cancelled 0930.",37.52716,-77.469861,llm_site,REEDY,1.0,,,unplaced,ollama:qwen2.5:14b,True,142.6,Reedy Creek,not_mapped,False
JR-2025-0007,NFIRS,2023_2025_nfirs_cleaner_export,2025-08-23,2025-08-23 09:25:00,2025-08-23 09:30:00,2025-08-23 10:40:00,2025,8,Saturday,True,False,True,RFD-05,James River / Richmond,361.0,Swimming/recreational water rescue,,,Swimming/recreational water rescue,assist_no_rescue,Search for victim; No rescue needed,,,Swimming/Wading,1,0,0,0,assist_no_injury,,No,No,1,3,Synthetic NFIRS-style record based on cleaner 2023-2025 export window.,1750.0,-60.0,-310.0,False,False,5.0,75.0,"E05 searched for swimmer at 42nd Street, pt located OK, no rescue needed. Home address 400 blk W 29th St.",37.528301,-77.475311,llm_site,42ND,1.0,37.528301,-77.475311,landmark_exact,ollama:qwen2.5:14b,True,1539.4,42nd Street,site_circle,True
JR-2025-0072,NFIRS,2023_2025_nfirs_cleaner_export,2025-08-23,2025-08-23 13:25:00,2025-08-23 13:33:00,2025-08-23 14:43:00,2025,8,Saturday,True,False,True,RFD-05,James River / Richmond,361.0,Swimming/recreational water rescue,,,Swimming/recreational water rescue,good_intent_cancelled,Canceled en route,,Raft,Rafting,2,0,0,0,cancelled_or_no_incident_found,None/unknown,Yes,Unknown,1,4,Synthetic NFIRS-style record based on cleaner 2023-2025 export window.,1750.0,-60.0,-310.0,False,False,8.0,78.0,E05 dispatched for 2 rafters at ///[w3w]. Canceled en route.,37.557008,-77.558977,llm_what3words,///[w3w],1.0,37.557008,-77.558977,what3words,ollama:qwen2.5:14b,True,0.0,Bosher Dam,not_mapped,False
JR-2025-0060,NFIRS,2023_2025_nfirs_cleaner_export,2025-08-23,2025-08-23 15:12:00,2025-08-23 15:28:00,2025-08-23 17:27:00,2025,8,Saturday,True,False,True,RFD-12,James River / Richmond,365.0,Watercraft rescue,,,Watercraft rescue,fatality_recovery,Search for victim; Recover body/body parts; Provide EMS care,Mutual aid received,Kayak,Kayaking,1,0,0,1,fatality,No PFD/flotation device; Rapid river rise; High water/current; Submerged obstacle/rocks,No,Unknown,4,14,Synthetic NFIRS-style record based on cleaner 2023-2025 export window.,1750.0,-60.0,-310.0,False,False,16.0,135.0,E12 kayak over no PFD high water rising fast pinned on submerged rocks N37.55128 W77.51614 search recovered body EMS on scene pt DOA,37.55128,-77.51614,llm_gps,PIPE,1.0,37.55128,-77.51614,gps,ollama:qwen2.5:14b,True,0.5,Pony Pasture,precise_point,True
JR-2025-0063,NFIRS,2023_2025_nfirs_cleaner_export,2025-08-23,2025-08-23 18:00:00,2025-08-23 18:10:00,2025-08-23 18:57:00,2025,8,Saturday,True,False,True,RFD-01,James River / Richmond,361.0,Swimming/recreational water rescue,,,Swimming/recreational water rescue,medical_eval,Provide EMS care; Investigate,Aid given to another agency,,Swimming/Wading,1,0,0,0,no_injury,Alcohol suspected,Unknown,Yes,1,4,Synthetic NFIRS-style record based on cleaner 2023-2025 export window.,1750.0,-60.0,-310.0,False,False,10.0,57.0,E01 swimmer ETOH Z dam area EMS eval no inj investigated RTS,37.558554,-77.526598,llm_site,ZDAM,1.0,37.558554,-77.526598,landmark_exact,ollama:qwen2.5:14b,True,87.6,Z-Dam Area,site_circle,True
JR-2025-0003,NFIRS,2023_2025_nfirs_cleaner_export,2025-08-30,2025-08-30 13:35:00,2025-08-30 13:43:00,2025-08-30 15:34:00,2025,8,Saturday,True,False,True,RFD-01,James River / Richmond,365.0,Watercraft rescue,,,Watercraft rescue,medical_eval,Provide EMS care; Investigate,,Kayak,Kayaking,1,0,1,0,minor_injury_or_medical_eval,Rapid river rise; Deceptive calm/local gage low but upstream rising,Unknown,No,2,8,Synthetic NFIRS-style record based on cleaner 2023-2025 export window.,1710.0,-240.0,-1100.0,False,False,8.0,119.0,"1300 E01, lone kayaker swam after upstream rise caught him while local gauge read low. Pt out on right bank on arrival, minor injury to leg. EMS care, investigated.",,,llm_off_list,right bank,0.0,,,unplaced,ollama:qwen2.5:14b,False,,,not_mapped,False
JR-2025-0042,NFIRS,2023_2025_nfirs_cleaner_export,2025-08-30,2025-08-30 15:25:00,2025-08-30 15:36:00,2025-08-30 17:51:00,2025,8,Saturday,True,False,True,RFD-RiverOps,James River / Richmond,363.0,Swift water rescue,,,Swift water rescue,working_rescue,Search for victim; Rescue/remove from harm,,Kayak,Kayaking,3,2,1,0,injury_or_rescue,No PFD/flotation device; Rapid river rise; High water/current,No,No,3,11,Synthetic NFIRS-style record based on cleaner 2023-2025 export window.,1710.0,-240.0,-1100.0,False,False,11.0,146.0,"Boat 1 1500 searched for 3 kayakers, no PFDs, flipped in high water after fast rise. All removed from harm from rocks mid-channel, brought to river left. 1 pt injured, EMS transport.",,,unplaced,,0.0,,,unplaced,ollama:qwen2.5:14b,False,,,not_mapped,False
JR-2025-0058,NFIRS,2023_2025_nfirs_cleaner_export,2025-09-06,2025-09-06 10:15:00,2025-09-06 10:21:00,2025-09-06 11:32:00,2025,9,Saturday,True,True,True,RFD-RiverOps,James River / Richmond,365.0,Watercraft rescue,,,Watercraft rescue,good_intent_cancelled,Canceled en route,,Paddleboard,Stand-up paddleboard,1,0,0,0,cancelled_or_no_incident_found,None/unknown,Yes,No,1,4,Synthetic NFIRS-style record based on cleaner 2023-2025 export window.,1260.0,-50.0,-170.0,False,False,6.0,77.0,"SUP paddler reported at 37.56211,-77.54465. Boat 1 canceled en route 1005.",37.56211,-77.54465,llm_gps,,1.0,37.56211,-77.54465,gps,ollama:qwen2.5:14b,True,0.4,Huguenot Flatwater,not_mapped,False
JR-2025-0048,NFIRS,2023_2025_nfirs_cleaner_export,2025-09-08,2025-09-08 19:10:00,2025-09-08 19:22:00,2025-09-08 21:47:00,2025,9,Monday,False,False,False,RFD-12,James River / Richmond,363.0,Swift water rescue,,,Swift water rescue,working_rescue,Rescue/remove from harm; Provide EMS care,,Unknown,Unknown recreational activity,2,2,0,0,rescued_no_injury,Rapid river rise; High water/current; Inexperience; Submerged obstacle/rocks,Yes,No,3,11,Synthetic NFIRS-style record based on cleaner 2023-2025 export window.,1380.0,130.0,70.0,False,False,12.0,157.0,"Caller said Tredegar/Canal Walk, pts were not there. 2 pts found at Bosher's Dam in high water on submerged rocks. E12 removed both, EMS eval, no inj. Inexperienced, river rose fast.",37.559948,-77.575019,llm_site,BOSH,1.0,37.559948,-77.575019,landmark_exact,ollama:qwen2.5:14b,True,11.2,Bosher Dam,site_circle,True
JR-2025-0057,NFIRS,2023_2025_nfirs_cleaner_export,2025-09-09,2025-09-09 13:10:00,2025-09-09 13:18:00,2025-09-09 14:28:00,2025,9,Tuesday,False,False,True,RFD-12,James River / Richmond,361.0,Swimming/recreational water rescue,,,Swimming/recreational water rescue,good_intent_cancelled,Investigate; No incident found,,Kayak,Kayaking,1,0,0,0,cancelled_or_no_incident_found,No PFD/flotation device; Inexperience,No,Unknown,1,3,Synthetic NFIRS-style record based on cleaner 2023-2025 export window.,1320.0,-60.0,60.0,False,False,8.0,78.0,"E12 investigated kayaker reported approx 150 yds upstream of Belle Isle, no PFD, novice. No incident found.",37.530741,-77.455404,llm_site,BELLE,0.3,37.530741,-77.455404,landmark_exact,ollama:qwen2.5:14b,True,173.6,Belle Isle,not_mapped,False
JR-2025-0077,NFIRS,2023_2025_nfirs_cleaner_export,2025-09-13,2025-09-13 11:07:00,2025-09-13 11:13:00,2025-09-13 12:10:00,2025,9,Saturday,True,False,True,RFD-01,James River / Richmond,365.0,Watercraft rescue,,,Watercraft rescue,medical_eval,Provide EMS care; Investigate,,Kayak,Kayaking,1,0,1,0,minor_injury_or_medical_eval,None/unknown,Unknown,No,1,3,Synthetic NFIRS-style record based on cleaner 2023-2025 export window.,1100.0,-50.0,-120.0,False,False,6.0,63.0,"Dispatched Reedy Creek for injured kayaker, pt was actually up at the Z Dam. E01 EMS care, minor inj, investigated.",37.558554,-77.526598,llm_site,ZDAM,1.0,37.52716,-77.469861,landmark_exact,ollama:qwen2.5:14b,True,59.1,Z-Dam Area,site_circle,True
JR-2025-0032,NFIRS,2023_2025_nfirs_cleaner_export,2025-09-13,2025-09-13 18:00:00,2025-09-13 18:16:00,2025-09-13 20:07:00,2025,9,Saturday,True,False,True,RFD-12,James River / Richmond,363.0,Swift water rescue,,,Swift water rescue,fatality_recovery,Search for victim; Recover body/body parts; Provide EMS care,,Tube,Tubing,3,2,0,1,fatality,Rapid river rise; High water/current,Yes,No,4,14,Synthetic NFIRS-style record based on cleaner 2023-2025 export window.,1100.0,-50.0,-120.0,False,False,16.0,127.0,"E12 fatality recovery, 3 tubers swept in high water after rapid rise. Search conducted, body recovered approx 200 yds below Pipeline. EMS on scene.",37.531882,-77.434462,llm_site,PIPE,1.0,37.531882,-77.434462,landmark_exact,ollama:qwen2.5:14b,True,494.7,Pipeline Rapids,site_circle,True
JR-2025-0054,NFIRS,2023_2025_nfirs_cleaner_export,2025-09-14,2025-09-14 09:25:00,2025-09-14 09:33:00,2025-09-14 10:13:00,2025,9,Sunday,True,False,True,RFD-01,James River / Richmond,361.0,Swimming/recreational water rescue,,,Swimming/recreational water rescue,good_intent_cancelled,Investigate; No incident found,,Tube,Tubing,3,0,0,0,cancelled_or_no_incident_found,None/unknown,Yes,No,1,4,Synthetic NFIRS-style record based on cleaner 2023-2025 export window.,1050.0,-50.0,-130.0,False,False,8.0,48.0,"E01 investigated 3 tubers at ///[w3w], no incident found. Reporting party address 3400 blk Grove Ave.",37.530618,-77.480636,llm_what3words,,0.3,37.530618,-77.480636,what3words,ollama:qwen2.5:14b,True,0.0,42nd Street,not_mapped,False
JR-2025-0036,NFIRS,2023_2025_nfirs_cleaner_export,2025-09-20,2025-09-20 22:35:00,2025-09-20 22:45:00,2025-09-21 00:04:00,2025,9,Saturday,True,False,False,RFD-05,James River / Richmond,365.0,Watercraft rescue,,,Watercraft rescue,good_intent_cancelled,Standby,Mutual aid received,Raft,Rafting,1,0,0,0,cancelled_or_no_incident_found,Alcohol suspected,Unknown,Yes,2,8,Synthetic NFIRS-style record based on cleaner 2023-2025 export window.,1250.0,-40.0,200.0,False,False,10.0,89.0,"E05 2200 stood by for lone rafter on left bank, ETOH suspected. Pt left scene on foot. Canceled, no incident.",,,unplaced,,0.0,,,unplaced,ollama:qwen2.5:14b,False,,,not_mapped,False
JR-2025-0076,NFIRS,2023_2025_nfirs_cleaner_export,2025-09-27,2025-09-27 17:45:00,2025-09-27 17:53:00,2025-09-27 18:30:00,2025,9,Saturday,True,False,True,RFD-01,James River / Richmond,360.0,"Water & ice-related rescue, other",,,"Water/ice rescue, other",good_intent_cancelled,Canceled en route,,Canoe,Canoeing,1,0,0,0,cancelled_or_no_incident_found,No PFD/flotation device,No,No,1,4,Synthetic NFIRS-style record based on cleaner 2023-2025 export window.,1240.0,120.0,60.0,False,False,8.0,45.0,"E01 canceled en route to canoeist no PFD, approx 100 yds downstream of 42nd St.",37.528301,-77.475311,llm_site,42ND,0.3,37.528301,-77.475311,landmark_exact,ollama:qwen2.5:14b,True,175.2,42nd Street,not_mapped,False
JR-2025-0067,NFIRS,2023_2025_nfirs_cleaner_export,2025-10-01,2025-10-01 16:55:00,2025-10-01 17:02:00,2025-10-01 18:08:00,2025,10,Wednesday,False,False,True,RFD-16,James River / Richmond,365.0,Watercraft rescue,,,Watercraft rescue,good_intent_cancelled,Canceled en route,Mutual aid received,Kayak,Kayaking,1,0,0,0,cancelled_or_no_incident_found,,No,No,2,8,Synthetic NFIRS-style record based on cleaner 2023-2025 export window.,1920.0,-480.0,650.0,False,False,7.0,73.0,E16 kayaker Bosher dam canc enroute RTS,37.559948,-77.575019,llm_site,BOSH,1.0,37.559948,-77.575019,landmark_exact,ollama:qwen2.5:14b,True,534.0,Bosher Dam,not_mapped,False
JR-2025-0011,NFIRS,2023_2025_nfirs_cleaner_export,2025-10-04,2025-10-04 19:40:00,2025-10-04 19:48:00,2025-10-04 20:55:00,2025,10,Saturday,True,False,False,RFD-05,James River / Richmond,365.0,Watercraft rescue,,,Watercraft rescue,medical_eval,Provide EMS care; Investigate,Mutual aid received,Tube,Tubing,2,0,1,0,minor_injury_or_medical_eval,No PFD/flotation device; Cold water exposure,No,No,1,4,Synthetic NFIRS-style record based on cleaner 2023-2025 export window.,1440.0,-110.0,-480.0,False,False,8.0,75.0,"2 tubers without PFDs at 37.55154, -77.51801, cold water. E05 EMS eval, minor inj. Pt home 1900 blk Park Ave. Investigated.",37.55154,-77.51801,llm_gps,,1.0,37.55154,-77.51801,gps,ollama:qwen2.5:14b,True,0.4,Pony Pasture,precise_point,True
JR-2025-0020,NFIRS,2023_2025_nfirs_cleaner_export,2025-10-05,2025-10-05 15:03:00,2025-10-05 15:08:00,2025-10-05 16:14:00,2025,10,Sunday,True,False,True,RFD-05,James River / Richmond,365.0,Watercraft rescue,,,Watercraft rescue,good_intent_cancelled,Canceled en route,,Paddleboard,Stand-up paddleboard,2,0,0,0,cancelled_or_no_incident_found,No PFD/flotation device,No,No,1,3,Synthetic NFIRS-style record based on cleaner 2023-2025 export window.,1340.0,-100.0,-310.0,False,False,5.0,71.0,"2 SUPs reported approx 250 yds above Pipeline Rapids, no PFDs. E05 cancelled en route.",37.531882,-77.434462,llm_site,PIPE,1.0,37.531882,-77.434462,landmark_exact,ollama:qwen2.5:14b,True,508.1,Pipeline Rapids,not_mapped,False
JR-2025-0051,NFIRS,2023_2025_nfirs_cleaner_export,2025-10-18,2025-10-18 12:12:00,2025-10-18 12:18:00,2025-10-18 13:18:00,2025,10,Saturday,True,False,True,RFD-01,James River / Richmond,365.0,Watercraft rescue,,,Watercraft rescue,assist_no_rescue,Refer to proper authority,,Tube,Tubing,2,0,0,0,assist_no_injury,No PFD/flotation device; Inexperience,No,No,1,4,Synthetic NFIRS-style record based on cleaner 2023-2025 export window.,1070.0,-20.0,-230.0,False,False,6.0,66.0,"2 tubers at 37.52984, -77.45779, no PFDs, first time on river. E01 on scene, no injuries, referred to proper authority.",37.52984,-77.45779,llm_gps,,1.0,37.52984,-77.45779,gps,ollama:qwen2.5:14b,True,0.3,Belle Isle,precise_point,True
JR-2025-0071,NFIRS,2023_2025_nfirs_cleaner_export,2025-10-25,2025-10-25 15:10:00,2025-10-25 15:22:00,2025-10-25 17:32:00,2025,10,Saturday,True,False,True,RFD-RiverOps,James River / Richmond,363.0,Swift water rescue,,,Swift water rescue,working_rescue,Rescue/remove from harm; Provide EMS care,,Tube,Tubing,4,1,0,0,rescued_no_injury,Rapid river rise; Cold water exposure; High water/current,Unknown,No,3,11,Synthetic NFIRS-style record based on cleaner 2023-2025 export window.,1030.0,-10.0,0.0,False,False,12.0,142.0,"Boat 1 rescue of 4 tubers in high cold water after rapid rise at ///[w3w]. All removed from harm, EMS care, no injuries.",37.531376,-77.44379,llm_what3words,glacier quill velvet,1.0,37.531376,-77.44379,what3words,ollama:qwen2.5:14b,True,0.0,Brown's Island,precise_point,True
JR-2025-0012,NFIRS,2023_2025_nfirs_cleaner_export,2025-11-08,2025-11-08 10:15:00,2025-11-08 10:22:00,2025-11-08 10:55:00,2025,11,Saturday,True,False,True,RFD-16,James River / Richmond,365.0,Watercraft rescue,,,Watercraft rescue,good_intent_cancelled,Investigate; No incident found,Mutual aid received,Kayak,Kayaking,1,0,0,0,cancelled_or_no_incident_found,No PFD/flotation device,No,No,1,4,Synthetic NFIRS-style record based on cleaner 2023-2025 export window.,1360.0,-100.0,-260.0,False,False,7.0,40.0,"Sent to Mayo Bridge for kayaker, no PFD. RP called back, kayaker was up at Pipeline. E16 checked Pipeline, no incident found.",37.531882,-77.434462,llm_site,PIPE,1.0,37.528074,-77.43403,landmark_exact,ollama:qwen2.5:14b,True,450.5,Pipeline Rapids,not_mapped,False
JR-2025-0033,NFIRS,2023_2025_nfirs_cleaner_export,2025-11-08,2025-11-08 22:05:00,2025-11-08 22:12:00,2025-11-08 22:53:00,2025,11,Saturday,True,False,False,RFD-01,James River / Richmond,360.0,"Water & ice-related rescue, other",,,"Water/ice rescue, other",good_intent_cancelled,Canceled en route,,,Swimming/Wading,1,0,0,0,cancelled_or_no_incident_found,No PFD/flotation device; Alcohol suspected; Cold water exposure,No,Yes,1,4,Synthetic NFIRS-style record based on cleaner 2023-2025 export window.,1360.0,-100.0,-260.0,False,False,7.0,48.0,"Initially sent to Pony Pasture for swimmer, updated to 37.53099, -77.44443. ETOH suspected, no PFD, cold water. E01 canceled en route 2210.",37.53099,-77.44443,llm_gps,PONY,1.0,37.53099,-77.44443,gps,ollama:qwen2.5:14b,True,0.4,Tredegar / Canal Walk,not_mapped,False
JR-2025-0035,NFIRS,2023_2025_nfirs_cleaner_export,2025-11-13,2025-11-13 18:30:00,2025-11-13 18:36:00,2025-11-13 19:21:00,2025,11,Thursday,False,False,True,RFD-05,James River / Richmond,365.0,Watercraft rescue,,,Watercraft rescue,assist_no_rescue,Assist person; Investigate,Mutual aid received,Kayak,Kayaking,2,0,0,0,assist_no_injury,Inexperience,Yes,No,1,3,Synthetic NFIRS-style record based on cleaner 2023-2025 export window.,1250.0,-10.0,-60.0,False,False,6.0,51.0,"E05 assisted 2 novice kayakers approx 100 yds across from Belle Isle on the north side. Investigated, no inj.",37.530741,-77.455404,llm_site,BELLE,1.0,37.530741,-77.455404,landmark_exact,ollama:qwen2.5:14b,True,102.4,Belle Isle,site_circle,True
JR-2025-0016,NFIRS,2023_2025_nfirs_cleaner_export,2025-11-22,2025-11-22 15:20:00,2025-11-22 15:25:00,2025-11-22 16:19:00,2025,11,Saturday,True,False,True,RFD-16,James River / Richmond,365.0,Watercraft rescue,,,Watercraft rescue,medical_eval,Provide EMS care; Investigate,,Motorboat/PWC,Motorboat/PWC,1,0,0,0,no_injury,None/unknown,Unknown,No,1,4,Synthetic NFIRS-style record based on cleaner 2023-2025 export window.,1280.0,60.0,90.0,False,False,5.0,59.0,"E16 1500 EMS eval of PWC operator who came off craft near right bank. No injury. Investigated, pt released.",,,unplaced,,0.0,,,unplaced,ollama:qwen2.5:14b,False,,,not_mapped,False
JR-2025-0065,NFIRS,2023_2025_nfirs_cleaner_export,2025-11-22,2025-11-22 17:03:00,2025-11-22 17:12:00,2025-11-22 18:11:00,2025,11,Saturday,True,False,True,RFD-16,James River / Richmond,361.0,Swimming/recreational water rescue,,,Swimming/recreational water rescue,good_intent_cancelled,Canceled en route,,Tube,Tubing,3,0,0,0,cancelled_or_no_incident_found,No PFD/flotation device,No,Unknown,1,3,Synthetic NFIRS-style record based on cleaner 2023-2025 export window.,1280.0,60.0,90.0,False,False,9.0,68.0,"1700 E16 dispatched for 3 tubers without PFDs reported in trouble. Canceled en route, group off water. RTS.",,,unplaced,,0.0,,,unplaced,ollama:qwen2.5:14b,False,,,not_mapped,False
JR-2025-0017,NFIRS,2023_2025_nfirs_cleaner_export,2025-12-08,2025-12-08 13:25:00,2025-12-08 13:38:00,2025-12-08 16:25:00,2025,12,Monday,False,False,True,RFD-12,James River / Richmond,363.0,Swift water rescue,,,Swift water rescue,working_rescue,Search for victim; Rescue/remove from harm,,,Swimming/Wading,1,1,0,0,rescued_no_injury,Alcohol suspected; Rapid river rise; Cold water exposure; High water/current,Unknown,Yes,3,11,Synthetic NFIRS-style record based on cleaner 2023-2025 export window.,1770.0,10.0,-130.0,False,False,13.0,180.0,"Swimmer, ETOH suspected, swept off at Pony Pasture as water came up fast. E12 searched, removed pt from high cold water. No injury. Pt resides 1200 blk Bellevue Ave.",37.552224,-77.517472,llm_site,PONY,1.0,37.552224,-77.517472,landmark_exact,ollama:qwen2.5:14b,True,116.4,Pony Pasture,site_circle,True
JR-2025-0030,NFIRS,2023_2025_nfirs_cleaner_export,2025-12-14,2025-12-14 18:18:00,2025-12-14 18:27:00,2025-12-14 18:58:00,2025,12,Sunday,True,False,True,RFD-01,James River / Richmond,361.0,Swimming/recreational water rescue,,,Swimming/recreational water rescue,good_intent_cancelled,Investigate; No incident found,Mutual aid received,,Swimming/Wading,1,0,0,0,cancelled_or_no_incident_found,Cold water exposure,Yes,No,1,3,Synthetic NFIRS-style record based on cleaner 2023-2025 export window.,1710.0,-10.0,-40.0,False,False,9.0,40.0,E01 checked Pony Pasture for swimmer in cold water. No incident found. RP gave pt address 2600 blk Kensington Ave.,,,llm_off_list,2600 blk Kensington Ave,0.0,37.552224,-77.517472,landmark_exact,ollama:qwen2.5:14b,False,,,not_mapped,False
JR-2025-0075,NFIRS,2023_2025_nfirs_cleaner_export,2025-12-22,2025-12-22 19:05:00,2025-12-22 19:22:00,2025-12-22 21:56:00,2025,12,Monday,False,False,False,RFD-01,James River / Richmond,361.0,Swimming/recreational water rescue,,,Swimming/recreational water rescue,working_rescue,Rescue/remove from harm; Provide EMS care,,Tube,Tubing,1,1,0,0,rescued_no_injury,Rapid river rise; Cold water exposure; High water/current,Yes,No,3,11,Synthetic NFIRS-style record based on cleaner 2023-2025 export window.,3400.0,380.0,1800.0,False,False,17.0,171.0,"E01 working rescue, tuber swept in high current at the Pony, river rising and cold. Pt removed from harm, EMS eval, no injury.",37.552224,-77.517472,llm_site,PONY,1.0,,,unplaced,ollama:qwen2.5:14b,True,142.5,Pony Pasture,site_circle,True
JR-2025-0001,NFIRS,2023_2025_nfirs_cleaner_export,2025-12-27,2025-12-27 17:25:00,2025-12-27 17:39:00,2025-12-27 19:11:00,2025,12,Saturday,True,False,True,RFD-01,James River / Richmond,363.0,Swift water rescue,,,Swift water rescue,working_rescue,Rescue/remove from harm; Provide EMS care,Mutual aid received,,Swimming/Wading,2,1,0,0,rescued_no_injury,No PFD/flotation device; Rapid river rise; Cold water exposure; High water/current; Inexperience,No,No,3,14,Synthetic NFIRS-style record based on cleaner 2023-2025 export window.,2490.0,-20.0,-960.0,False,False,14.0,106.0,"2 swimmers, no PFDs, inexperienced, caught when river rose. High cold water. E01 removed both from harm, EMS care, no injuries.",,,unplaced,,0.0,,,unplaced,ollama:qwen2.5:14b,False,,,not_mapped,False
JR-2025-0070,NFIRS,2023_2025_nfirs_cleaner_export,2025-12-28,2025-12-28 16:12:00,2025-12-28 16:22:00,2025-12-28 17:29:00,2025,12,Sunday,True,False,True,RFD-RiverOps,James River / Richmond,361.0,Swimming/recreational water rescue,,,Swimming/recreational water rescue,assist_no_rescue,Assist person; Investigate,,Raft,Rafting,2,0,0,0,assist_no_injury,Cold water exposure,Yes,No,1,3,Synthetic NFIRS-style record based on cleaner 2023-2025 export window.,2430.0,-60.0,-620.0,False,False,10.0,77.0,"Boat 1 at ///[w3w] for 2 rafters needing assist, cold water. Assisted, investigated, no injury.",37.527508,-77.46923,llm_what3words,falcon river bank,1.0,37.527508,-77.46923,what3words,ollama:qwen2.5:14b,True,0.0,Reedy Creek,precise_point,True
JR-2026-0007,NERIS,2026_neris_beta_low_completeness,2026-01-02,2026-01-02 11:03:00,2026-01-02 11:11:00,2026-01-02 11:44:00,2026,1,Friday,False,False,True,RFD-12,James River / Richmond,,,RESCUE|WATER|PERSON_IN_WATER_STANDING,,Swimming/recreational water rescue,assist_no_rescue,Refer to proper authority,,,Swimming/Wading,1,0,0,0,assist_no_injury,No PFD/flotation device; Cold water exposure,No,No,1,4,Synthetic NERIS-style 2026 record; demonstrates core+secondary incident type model.,1920.0,-240.0,-500.0,False,False,8.0,41.0,"E12 at Browns Island for swimmer, no PFD, cold water. No injury. Referred to proper authority.",37.532563,-77.441084,llm_site,BROWN,1.0,37.532563,-77.441084,landmark_exact,ollama:qwen2.5:14b,True,499.0,Brown's Island,site_circle,True
JR-2026-0014,NERIS,2026_neris_beta_low_completeness,2026-01-04,2026-01-04 09:07:00,2026-01-04 09:13:00,2026-01-04 11:00:00,2026,1,Sunday,True,False,True,RFD-16,James River / Richmond,,,RESCUE|WATER|WATERCRAFT_IN_DISTRESS,,Watercraft rescue,working_rescue,Water rescue; Provide EMS care,Mutual aid received,Kayak,Kayaking,1,1,0,0,rescued_no_injury,Rapid river rise; Deceptive calm/local gage low but upstream rising; Cold water exposure,Unknown,No,2,7,Synthetic NERIS-style 2026 record; demonstrates core+secondary incident type model.,1850.0,0.0,-310.0,False,False,6.0,113.0,"E16 0900 water rescue of kayaker off Tredegar. Local gage low, upstream rising, water cold. Pt rescued, EMS eval, no injury.",37.533637,-77.445376,llm_site,TRED,1.0,37.533637,-77.445376,landmark_exact,ollama:qwen2.5:14b,True,187.9,Tredegar / Canal Walk,site_circle,True
JR-2026-0042,NERIS,2026_neris_beta_low_completeness,2026-01-13,2026-01-13 16:15:00,2026-01-13 16:22:00,2026-01-13 17:27:00,2026,1,Tuesday,False,False,True,RFD-RiverOps,James River / Richmond,,,RESCUE|WATER|WATERCRAFT_IN_DISTRESS,NOEMERG|GOOD_INTENT|NO_INCIDENT_FOUND_LOCATION_ERROR,Watercraft rescue,good_intent_cancelled,Standby,,Kayak,Kayaking,2,0,0,0,cancelled_or_no_incident_found,No PFD/flotation device; Cold water exposure,No,No,1,3,Synthetic NERIS-style 2026 record; demonstrates core+secondary incident type model.,4180.0,460.0,2470.0,False,False,7.0,72.0,"Boat 1 stood by 1600 for 2 kayakers in cold water mid-channel, no PFDs. Both reached right bank unassisted. Canceled.",,,unplaced,,0.0,,,unplaced,ollama:qwen2.5:14b,False,,,not_mapped,False
JR-2026-0075,NERIS,2026_neris_beta_low_completeness,2026-01-14,2026-01-14 15:10:00,2026-01-14 15:20:00,2026-01-14 16:16:00,2026,1,Wednesday,False,False,True,RFD-01,James River / Richmond,,,RESCUE|WATER|PERSON_IN_WATER_SWIFTWATER,,Swift water rescue,working_rescue,Search for victim; Rescue/remove from harm,,,Swimming/Wading,2,1,0,0,rescued_no_injury,,No,No,2,8,Synthetic NERIS-style 2026 record; demonstrates core+secondary incident type model.,4240.0,60.0,1770.0,False,False,10.0,66.0,"Dispatched Ancarrow's for 2 swimmers. Pts located at ///[w3w] after search, not at Ancarrow's. E01 removed both from harm, no injuries.",37.527985,-77.434138,llm_what3words,harbor otter glacier,1.0,37.527985,-77.434138,what3words,ollama:qwen2.5:14b,True,0.0,Mayo Bridge,precise_point,True
JR-2026-0019,NERIS,2026_neris_beta_low_completeness,2026-01-17,2026-01-17 12:05:00,2026-01-17 12:19:00,2026-01-17 14:31:00,2026,1,Saturday,True,False,True,RFD-RiverOps,James River / Richmond,,,RESCUE|WATER|PERSON_IN_WATER_SWIFTWATER,,Swift water rescue,working_rescue,Search for victim; Rescue/remove from harm,,,Fishing from bank/rocks,1,1,0,0,rescued_no_injury,No PFD/flotation device; Rapid river rise; Cold water exposure; High water/current,No,No,3,14,Synthetic NERIS-style 2026 record; demonstrates core+secondary incident type model.,3220.0,-430.0,-1020.0,False,False,14.0,146.0,"Boat 1 1200 search for angler swept off rocks, no PFD, cold high water after fast rise. Pt found holding onto rock near left bank, removed from harm into boat. No injury.",37.530741,-77.455404,llm_site,BELLE,1.0,,,unplaced,ollama:qwen2.5:14b,True,1235.2,Belle Isle,site_circle,True
JR-2026-0077,NERIS,2026_neris_beta_low_completeness,2026-01-17,2026-01-17 14:35:00,2026-01-17 14:48:00,2026-01-17 17:22:00,2026,1,Saturday,True,False,True,RFD-12,James River / Richmond,,,RESCUE|WATER|PERSON_IN_WATER_SWIFTWATER,MEDICAL|INJURY|OTHER_TRAUMATIC_INJURY,Swift water rescue,working_rescue,Rescue/remove from harm; Provide EMS care,,Paddleboard,Stand-up paddleboard,2,1,1,0,injury_or_rescue,Rapid river rise; Cold water exposure; High water/current; Inexperience; Submerged obstacle/rocks,Unknown,Unknown,3,11,Synthetic NERIS-style 2026 record; demonstrates core+secondary incident type model.,3220.0,-430.0,-1020.0,False,False,13.0,167.0,"Caller reported 42nd St, units redirected to N37.55891 W77.52767 where 2 SUP riders were hung on submerged rocks in high water. E12 removed both, EMS care, injuries. Inexperienced, cold water.",37.55891,-77.52767,llm_gps,42ND,1.0,37.55891,-77.52767,gps,ollama:qwen2.5:14b,True,0.6,Z-Dam Area,precise_point,True
JR-2026-0049,NERIS,2026_neris_beta_low_completeness,2026-01-24,2026-01-24 15:10:00,2026-01-24 15:19:00,2026-01-24 15:39:00,2026,1,Saturday,True,False,True,RFD-12,James River / Richmond,,,RESCUE|WATER|PERSON_IN_WATER_STANDING,NOEMERG|GOOD_INTENT|NO_INCIDENT_FOUND_LOCATION_ERROR,Swimming/recreational water rescue,good_intent_cancelled,Canceled en route,,Tube,Tubing,2,0,0,0,cancelled_or_no_incident_found,Cold water exposure,Yes,Unknown,1,4,Synthetic NERIS-style 2026 record; demonstrates core+secondary incident type model.,1980.0,-50.0,-270.0,False,False,9.0,29.0,"E12 canceled en route for 2 tubers, cold water.",,,unplaced,,0.0,,,unplaced,ollama:qwen2.5:14b,False,,,not_mapped,False
JR-2026-0051,NERIS,2026_neris_beta_low_completeness,2026-02-14,2026-02-14 14:30:00,2026-02-14 14:39:00,2026-02-14 15:20:00,2026,2,Saturday,True,False,True,RFD-05,James River / Richmond,,,RESCUE|WATER|WATERCRAFT_IN_DISTRESS,,Watercraft rescue,assist_no_rescue,Assist person; Investigate,,Kayak,Kayaking,1,0,0,0,assist_no_injury,Deceptive calm/local gage low but upstream rising; Cold water exposure; Inexperience,Unknown,No,2,6,Synthetic NERIS-style 2026 record; demonstrates core+secondary incident type model.,3490.0,420.0,1530.0,False,False,9.0,50.0,"Novice kayaker at ///[w3w] needed assist. Gage low here but rising upstream, cold water. E05 assisted, investigated, no inj.",37.528665,-77.474926,llm_what3words,///[w3w],1.0,37.528665,-77.474926,what3words,ollama:qwen2.5:14b,True,0.0,42nd Street,precise_point,True
JR-2026-0006,NERIS,2026_neris_beta_low_completeness,2026-02-28,2026-02-28 12:50:00,2026-02-28 13:01:00,2026-02-28 13:52:00,2026,2,Saturday,True,False,True,RFD-01,James River / Richmond,,,RESCUE|WATER|WATERCRAFT_IN_DISTRESS,,Watercraft rescue,assist_no_rescue,Assist person; Investigate,,Kayak,Kayaking,1,0,0,0,assist_no_injury,,Unknown,No,1,4,Synthetic NERIS-style 2026 record; demonstrates core+secondary incident type model.,5980.0,-1030.0,-5220.0,False,False,11.0,62.0,E01 assisted kayaker to shore. Investigated. No injury.,,,unplaced,,0.0,,,unplaced,ollama:qwen2.5:14b,False,,,not_mapped,False
JR-2026-0072,NERIS,2026_neris_beta_low_completeness,2026-03-03,2026-03-03 08:05:00,2026-03-03 08:13:00,2026-03-03 08:49:00,2026,3,Tuesday,False,False,True,RFD-RiverOps,James River / Richmond,,,RESCUE|WATER|PERSON_IN_WATER_STANDING,,Swimming/recreational water rescue,assist_no_rescue,Search for victim; No rescue needed,,,Swimming/Wading,1,0,0,0,assist_no_injury,No PFD/flotation device,No,No,1,4,Synthetic NERIS-style 2026 record; demonstrates core+secondary incident type model.,4090.0,-630.0,-1890.0,False,False,8.0,44.0,"0800 Boat 1 searched for swimmer, no PFD. Pt located safe on shore. No rescue needed.",,,unplaced,,0.0,,,unplaced,ollama:qwen2.5:14b,False,,,not_mapped,False
JR-2026-0028,NERIS,2026_neris_beta_low_completeness,2026-03-14,2026-03-14 15:18:00,2026-03-14 15:23:00,2026-03-14 16:26:00,2026,3,Saturday,True,False,True,RFD-16,James River / Richmond,,,RESCUE|WATER|WATERCRAFT_IN_DISTRESS,NOEMERG|GOOD_INTENT|NO_INCIDENT_FOUND_LOCATION_ERROR,Watercraft rescue,good_intent_cancelled,Investigate; No incident found,Mutual aid received,Kayak,Kayaking,1,0,0,0,cancelled_or_no_incident_found,No PFD/flotation device; Inexperience,No,Unknown,1,4,Synthetic NERIS-style 2026 record; demonstrates core+secondary incident type model.,4590.0,620.0,1140.0,False,False,5.0,68.0,"Initial call Mayo Bridge, kayaker later placed at ///[w3w]. E16 investigated, no PFD, inexperienced, no incident found.",,,llm_off_list,///[w3w],0.0,37.528074,-77.43403,landmark_exact,ollama:qwen2.5:14b,False,,,not_mapped,False
JR-2026-0058,NERIS,2026_neris_beta_low_completeness,2026-03-21,2026-03-21 16:35:00,2026-03-21 16:42:00,2026-03-21 17:15:00,2026,3,Saturday,True,False,True,RFD-01,James River / Richmond,,,RESCUE|WATER|WATERCRAFT_IN_DISTRESS,NOEMERG|GOOD_INTENT|NO_INCIDENT_FOUND_LOCATION_ERROR,Watercraft rescue,good_intent_cancelled,Investigate; No incident found,Mutual aid received,Kayak,Kayaking,1,0,0,0,cancelled_or_no_incident_found,None/unknown,Unknown,No,1,4,Synthetic NERIS-style 2026 record; demonstrates core+secondary incident type model.,7600.0,-1400.0,-610.0,False,False,7.0,40.0,"E01 checked 37.53086,-77.45364 for kayaker. No incident found.",37.53086,-77.45364,llm_gps,,0.3,37.53086,-77.45364,gps,ollama:qwen2.5:14b,True,0.5,Belle Isle,not_mapped,False
JR-2026-0060,NERIS,2026_neris_beta_low_completeness,2026-04-09,2026-04-09 14:18:00,2026-04-09 14:24:00,2026-04-09 15:53:00,2026,4,Thursday,False,False,True,RFD-16,James River / Richmond,,,RESCUE|WATER|PERSON_IN_WATER_STANDING,MEDICAL|INJURY|OTHER_TRAUMATIC_INJURY,Swimming/recreational water rescue,medical_eval,Provide EMS care; Investigate,Mutual aid received,,Fishing from bank/rocks,1,0,0,0,no_injury,Rapid river rise; Submerged obstacle/rocks,Yes,No,2,8,Synthetic NERIS-style 2026 record; demonstrates core+secondary incident type model.,3130.0,-110.0,-340.0,False,False,6.0,95.0,"Fisherman slipped on submerged rocks, river rising. Dispatched Mayo Bridge, pt found at ///[w3w]. E16 EMS eval, no injury.",37.527592,-77.469017,llm_what3words,///[w3w],1.0,37.527592,-77.469017,what3words,ollama:qwen2.5:14b,True,0.0,Reedy Creek,precise_point,True
JR-2026-0039,NERIS,2026_neris_beta_low_completeness,2026-04-12,2026-04-12 17:00:00,2026-04-12 17:10:00,2026-04-12 17:40:00,2026,4,Sunday,True,False,True,RFD-01,James River / Richmond,,,RESCUE|WATER|WATERCRAFT_IN_DISTRESS,MEDICAL|INJURY|OTHER_TRAUMATIC_INJURY,Watercraft rescue,medical_eval,Provide EMS care; Investigate,Mutual aid received,Kayak,Kayaking,1,0,1,0,minor_injury_or_medical_eval,None/unknown,Yes,No,1,3,Synthetic NERIS-style 2026 record; demonstrates core+secondary incident type model.,2830.0,-140.0,-300.0,False,False,10.0,40.0,"E01 1700, lone kayaker w/ minor injury on right bank after capsizing in eddy. EMS care, investigated. Pt refused transport.",,,unplaced,,0.0,,,unplaced,ollama:qwen2.5:14b,False,,,not_mapped,False
JR-2026-0017,NERIS,2026_neris_beta_low_completeness,2026-05-02,2026-05-02 11:10:00,2026-05-02 11:18:00,2026-05-02 12:24:00,2026,5,Saturday,True,False,True,RFD-RiverOps,James River / Richmond,,,RESCUE|WATER|WATERCRAFT_IN_DISTRESS,,Watercraft rescue,assist_no_rescue,Assist person; Investigate,,Paddleboard,Stand-up paddleboard,2,0,0,0,assist_no_injury,Rapid river rise; Deceptive calm/local gage low but upstream rising,Unknown,Unknown,2,8,Synthetic NERIS-style 2026 record; demonstrates core+secondary incident type model.,1730.0,20.0,-120.0,False,False,8.0,74.0,"Boat 1 assisted 2 SUP riders at ///[w3w]. River rising, gage low locally but upstream up. No injuries.",37.529859,-77.442038,llm_what3words,bank timber quiet,1.0,37.529859,-77.442038,what3words,ollama:qwen2.5:14b,True,0.0,Brown's Island,precise_point,True
JR-2026-0082,NERIS,2026_neris_beta_low_completeness,2026-05-09,2026-05-09 13:07:00,2026-05-09 13:22:00,2026-05-09 15:56:00,2026,5,Saturday,True,False,True,RFD-12,James River / Richmond,,,RESCUE|WATER|PERSON_IN_WATER_SWIFTWATER,MEDICAL|INJURY|DROWNING_DIVING_SCUBA_ACCIDENT,Swift water rescue,fatality_recovery,Search for victim; Recover body/body parts; Provide EMS care,,,Swimming/Wading,2,1,0,1,fatality,Alcohol suspected; Rapid river rise; High water/current,Yes,Yes,4,14,Synthetic NERIS-style 2026 record; demonstrates core+secondary incident type model.,1530.0,-50.0,-160.0,False,False,15.0,169.0,"E12 search for 2 swimmers, ETOH suspected, high water after rapid rise. Recovery ops, bodies recovered. EMS on scene. Fatality.",,,unplaced,,0.0,,,unplaced,ollama:qwen2.5:14b,False,,,not_mapped,False
JR-2026-0043,NERIS,2026_neris_beta_low_completeness,2026-05-10,2026-05-10 15:25:00,2026-05-10 15:35:00,2026-05-10 16:02:00,2026,5,Sunday,True,False,True,RFD-RiverOps,James River / Richmond,,,RESCUE|WATER|WATERCRAFT_IN_DISTRESS,NOEMERG|GOOD_INTENT|NO_INCIDENT_FOUND_LOCATION_ERROR,Watercraft rescue,good_intent_cancelled,Canceled en route,Mutual aid received,Kayak,Kayaking,2,0,0,0,cancelled_or_no_incident_found,Inexperience,Yes,Unknown,2,6,Synthetic NERIS-style 2026 record; demonstrates core+secondary incident type model.,1490.0,-40.0,-150.0,False,False,10.0,37.0,"1500 Boat 1 dispatched for 2 inexperienced kayakers reported stuck. Canceled en route, pts self-rescued. RTS.",,,unplaced,,0.0,,,unplaced,ollama:qwen2.5:14b,False,,,not_mapped,False
JR-2026-0084,NERIS,2026_neris_beta_low_completeness,2026-05-12,2026-05-12 15:18:00,2026-05-12 15:23:00,2026-05-12 16:45:00,2026,5,Tuesday,False,False,True,RFD-01,James River / Richmond,,,RESCUE|WATER|PERSON_IN_WATER_STANDING,MEDICAL|INJURY|OTHER_TRAUMATIC_INJURY,"Water/ice rescue, other",medical_eval,Provide EMS care; Investigate,,Tube,Tubing,1,0,0,0,no_injury,No PFD/flotation device,No,No,1,3,Synthetic NERIS-style 2026 record; demonstrates core+secondary incident type model.,1500.0,0.0,-30.0,False,False,5.0,87.0,E01 EMS eval tuber no PFD at ///[w3w]. No injury. Investigated.,37.551609,-77.515323,llm_what3words,cobalt nectar bank,1.0,37.551609,-77.515323,what3words,ollama:qwen2.5:14b,True,0.0,Pony Pasture,precise_point,True
JR-2026-0050,NERIS,2026_neris_beta_low_completeness,2026-05-23,2026-05-23 09:05:00,2026-05-23 09:16:00,2026-05-23 10:29:00,2026,5,Saturday,True,False,True,RFD-12,James River / Richmond,,,RESCUE|WATER|PERSON_IN_WATER_STANDING,MEDICAL|INJURY|OTHER_TRAUMATIC_INJURY,"Water/ice rescue, other",medical_eval,Provide EMS care; Investigate,,Tube,Tubing,2,0,0,0,no_injury,Submerged obstacle/rocks,Yes,No,1,4,Synthetic NERIS-style 2026 record; demonstrates core+secondary incident type model.,1250.0,30.0,-60.0,False,False,11.0,84.0,"E12 EMS care 2 tubers struck submerged rocks approx 200 yds below Belle Isle. No inj, investigated.",37.530741,-77.455404,llm_site,BELLE,1.0,37.530741,-77.455404,landmark_exact,ollama:qwen2.5:14b,True,72.8,Belle Isle,site_circle,True
JR-2026-0083,NERIS,2026_neris_beta_low_completeness,2026-05-23,2026-05-23 18:12:00,2026-05-23 18:17:00,2026-05-23 18:44:00,2026,5,Saturday,True,False,True,RFD-01,James River / Richmond,,,RESCUE|WATER|WATERCRAFT_IN_DISTRESS,NOEMERG|GOOD_INTENT|NO_INCIDENT_FOUND_LOCATION_ERROR,Watercraft rescue,good_intent_cancelled,Canceled en route,,Kayak,Kayaking,1,0,0,0,cancelled_or_no_incident_found,None/unknown,Unknown,No,1,3,Synthetic NERIS-style 2026 record; demonstrates core+secondary incident type model.,1250.0,30.0,-60.0,False,False,5.0,32.0,E01 kayaker 42nd st canc enroute 1810 RTS,37.528301,-77.475311,llm_site,42ND,1.0,37.528301,-77.475311,landmark_exact,ollama:qwen2.5:14b,True,134.5,42nd Street,not_mapped,False
JR-2026-0061,NERIS,2026_neris_beta_low_completeness,2026-06-06,2026-06-06 13:15:00,2026-06-06 13:22:00,2026-06-06 13:55:00,2026,6,Saturday,True,False,True,RFD-RiverOps,James River / Richmond,,,RESCUE|WATER|PERSON_IN_WATER_SWIFTWATER,,Swift water rescue,assist_no_rescue,Refer to proper authority,,Tube,Tubing,2,0,0,0,assist_no_injury,,Yes,No,2,8,Synthetic NERIS-style 2026 record; demonstrates core+secondary incident type model.,2180.0,-180.0,-1450.0,False,False,7.0,40.0,"Caller said Browns Isl, pts were at 37.53109,-77.48224. Boat 1 contacted 2 tubers there, no injuries, referred to proper authority.",37.53109,-77.48224,llm_gps,BROWN,1.0,37.53109,-77.48224,gps,ollama:qwen2.5:14b,True,0.4,42nd Street,precise_point,True
JR-2026-0037,NERIS,2026_neris_beta_low_completeness,2026-06-06,2026-06-06 14:03:00,2026-06-06 14:11:00,2026-06-06 14:33:00,2026,6,Saturday,True,False,True,RFD-05,James River / Richmond,,,RESCUE|WATER|PERSON_IN_WATER_STANDING,NOEMERG|GOOD_INTENT|NO_INCIDENT_FOUND_LOCATION_ERROR,"Water/ice rescue, other",good_intent_cancelled,Investigate; No incident found,,Kayak,Kayaking,1,0,0,0,cancelled_or_no_incident_found,No PFD/flotation device,No,No,1,3,Synthetic NERIS-style 2026 record; demonstrates core+secondary incident type model.,2180.0,-180.0,-1450.0,False,False,8.0,30.0,"E05 1400 investigated report of kayaker, no PFD, swimming mid-channel. Searched both banks, nothing found. No incident.",,,unplaced,,0.0,,,unplaced,ollama:qwen2.5:14b,False,,,not_mapped,False
JR-2026-0079,NERIS,2026_neris_beta_low_completeness,2026-06-07,2026-06-07 12:10:00,2026-06-07 12:16:00,2026-06-07 13:52:00,2026,6,Sunday,True,False,True,RFD-01,James River / Richmond,,,RESCUE|WATER|PERSON_IN_WATER_STANDING,MEDICAL|INJURY|OTHER_TRAUMATIC_INJURY,"Water/ice rescue, other",medical_eval,Provide EMS care; Investigate,,,Swimming/Wading,2,0,1,0,minor_injury_or_medical_eval,No PFD/flotation device; Rapid river rise; Deceptive calm/local gage low but upstream rising,No,No,2,6,Synthetic NERIS-style 2026 record; demonstrates core+secondary incident type model.,1970.0,-210.0,-980.0,False,False,6.0,102.0,E01 2 swimmers no PFDs ///[w3w] gage low local upstream rising water came up minor inj EMS eval invest,37.530147,-77.456157,llm_what3words,///[w3w],0.3,37.530147,-77.456157,what3words,ollama:qwen2.5:14b,True,0.0,Belle Isle,precise_point,True
JR-2026-0087,NERIS,2026_neris_beta_low_completeness,2026-06-08,2026-06-08 12:55:00,2026-06-08 13:01:00,2026-06-08 13:44:00,2026,6,Monday,False,False,True,RFD-12,James River / Richmond,,,RESCUE|WATER|PERSON_IN_WATER_STANDING,NOEMERG|GOOD_INTENT|NO_INCIDENT_FOUND_LOCATION_ERROR,Swimming/recreational water rescue,good_intent_cancelled,Standby,Other agency assisted,,Swimming/Wading,2,0,0,0,cancelled_or_no_incident_found,,No,No,1,3,Synthetic NERIS-style 2026 record; demonstrates core+secondary incident type model.,1790.0,-180.0,-570.0,False,False,6.0,49.0,"E12 standby at N37.52870 W77.47753 for 2 swimmers. Cancelled, no incident.",37.5287,-77.47753,llm_gps,,0.3,37.5287,-77.47753,gps,ollama:qwen2.5:14b,True,0.2,42nd Street,not_mapped,False
JR-2026-0002,NERIS,2026_neris_beta_low_completeness,2026-06-13,2026-06-13 06:10:00,2026-06-13 06:15:00,2026-06-13 07:33:00,2026,6,Saturday,True,False,False,RFD-12,James River / Richmond,,,RESCUE|WATER|PERSON_IN_WATER_SWIFTWATER,,Swift water rescue,working_rescue,Water rescue; Provide EMS care,,,Fishing from bank/rocks,1,1,0,0,rescued_no_injury,No PFD/flotation device; Rapid river rise; Deceptive calm/local gage low but upstream rising,No,No,2,8,Synthetic NERIS-style 2026 record; demonstrates core+secondary incident type model.,1400.0,-70.0,-130.0,False,False,5.0,83.0,"0600 fisherman cut off below Mayo's Bridge by rising water, no PFD. Local gage low but upstream rising. E12 water rescue, EMS eval, no injury.",37.528074,-77.43403,llm_site,MAYO,1.0,37.528074,-77.43403,landmark_fuzzy,ollama:qwen2.5:14b,True,118.7,Mayo Bridge,site_circle,True
JR-2026-0024,NERIS,2026_neris_beta_low_completeness,2026-06-13,2026-06-13 11:50:00,2026-06-13 12:09:00,2026-06-13 13:58:00,2026,6,Saturday,True,False,True,RFD-RiverOps,James River / Richmond,,,RESCUE|WATER|WATERCRAFT_IN_DISTRESS,MEDICAL|INJURY|OTHER_TRAUMATIC_INJURY,Watercraft rescue,working_rescue,Rescue/remove from harm; Provide EMS care,Mutual aid received,,Swimming/Wading,2,1,1,0,injury_or_rescue,No PFD/flotation device; Rapid river rise; High water/current,No,No,3,14,Synthetic NERIS-style 2026 record; demonstrates core+secondary incident type model.,1400.0,-70.0,-130.0,False,False,19.0,128.0,"Boat 1 rescue 2 swimmers in high current at the Canal Walk, no PFDs, rapid rise. Removed from harm, EMS care, injury. Pt home addr 3200 blk Noble Ave.",37.533637,-77.445376,llm_site,TRED,1.0,37.533637,-77.445376,landmark_exact,ollama:qwen2.5:14b,True,224.1,Tredegar / Canal Walk,site_circle,True
JR-2026-0054,NERIS,2026_neris_beta_low_completeness,2026-06-13,2026-06-13 14:00:00,2026-06-13 14:08:00,2026-06-13 14:55:00,2026,6,Saturday,True,False,True,RFD-05,James River / Richmond,,,RESCUE|WATER|PERSON_IN_WATER_STANDING,,Swimming/recreational water rescue,assist_no_rescue,Search for victim; No rescue needed,,Tube,Tubing,1,0,0,0,assist_no_injury,,Yes,No,1,4,Synthetic NERIS-style 2026 record; demonstrates core+secondary incident type model.,1400.0,-70.0,-130.0,False,False,8.0,55.0,"Search for tuber at 14th St/Mayo Bridge. E05 located pt, no rescue needed.",37.528074,-77.43403,llm_site,MAYO,1.0,37.528074,-77.43403,landmark_exact,ollama:qwen2.5:14b,True,148.4,Mayo Bridge,site_circle,True
JR-2026-0034,NERIS,2026_neris_beta_low_completeness,2026-06-13,2026-06-13 17:12:00,2026-06-13 17:19:00,2026-06-13 18:06:00,2026,6,Saturday,True,False,True,RFD-01,James River / Richmond,,,RESCUE|WATER|WATERCRAFT_IN_DISTRESS,,Watercraft rescue,assist_no_rescue,Standby; Provide information to public,,Canoe,Canoeing,1,0,0,0,assist_no_injury,No PFD/flotation device; Submerged obstacle/rocks,No,No,1,3,Synthetic NERIS-style 2026 record; demonstrates core+secondary incident type model.,1400.0,-70.0,-130.0,False,False,7.0,54.0,"Originally sent to Tredegar. Canoeist was at Pony Pasture, no PFD, hung on submerged rocks. E01 stood by, pt got off, gave info to public.",37.552224,-77.517472,llm_site,PONY,1.0,37.552224,-77.517472,landmark_exact,ollama:qwen2.5:14b,True,81.3,Pony Pasture,site_circle,True
JR-2026-0066,NERIS,2026_neris_beta_low_completeness,2026-06-13,2026-06-13 18:00:00,2026-06-13 18:14:00,2026-06-13 20:14:00,2026,6,Saturday,True,False,True,RFD-01,James River / Richmond,,,RESCUE|WATER|WATERCRAFT_IN_DISTRESS,,Watercraft rescue,working_rescue,Search for victim; Rescue/remove from harm,,Kayak,Kayaking,2,2,0,0,rescued_no_injury,Rapid river rise; High water/current,Yes,No,3,11,Synthetic NERIS-style 2026 record; demonstrates core+secondary incident type model.,1400.0,-70.0,-130.0,False,False,14.0,134.0,E01 searched for 2 kayakers swept in high water at Belle Isle after rise. Both located and removed from harm. No injuries.,37.530741,-77.455404,llm_site,BELLE,1.0,37.530741,-77.455404,landmark_exact,ollama:qwen2.5:14b,True,110.3,Belle Isle,site_circle,True
JR-2026-0057,NERIS,2026_neris_beta_low_completeness,2026-06-13,2026-06-13 18:35:00,2026-06-13 18:45:00,2026-06-13 19:47:00,2026,6,Saturday,True,False,True,RFD-12,James River / Richmond,,,RESCUE|WATER|PERSON_IN_WATER_STANDING,,Swimming/recreational water rescue,assist_no_rescue,Search for victim; No rescue needed,,,Swimming/Wading,1,0,0,0,assist_no_injury,None/unknown,Yes,No,1,4,Synthetic NERIS-style 2026 record; demonstrates core+secondary incident type model.,1400.0,-70.0,-130.0,False,False,10.0,72.0,"Swimmer reported missing. E12 search, pt found at ///[w3w], OK. No rescue needed.",37.561955,-77.543439,llm_what3words,///[w3w],1.0,37.561955,-77.543439,what3words,ollama:qwen2.5:14b,True,0.0,Huguenot Flatwater,precise_point,True
JR-2026-0029,NERIS,2026_neris_beta_low_completeness,2026-06-13,2026-06-13 19:10:00,2026-06-13 19:20:00,2026-06-13 22:24:00,2026,6,Saturday,True,False,True,RFD-12,James River / Richmond,,,RESCUE|WATER|PERSON_IN_WATER_STANDING,,Swimming/recreational water rescue,working_rescue,Rescue/remove from harm; Provide EMS care,,,Swimming/Wading,1,1,0,0,rescued_no_injury,,Unknown,No,3,11,Synthetic NERIS-style 2026 record; demonstrates core+secondary incident type model.,1400.0,-70.0,-130.0,False,False,10.0,194.0,"E12 1900 rescued swimmer below Bosher Dam, EMS eval, no injury.",37.559948,-77.575019,llm_site,BOSH,1.0,37.559948,-77.575019,landmark_exact,ollama:qwen2.5:14b,True,1331.4,Bosher Dam,site_circle,True
JR-2026-0020,NERIS,2026_neris_beta_low_completeness,2026-06-17,2026-06-17 09:03:00,2026-06-17 09:13:00,2026-06-17 10:45:00,2026,6,Wednesday,False,False,True,RFD-RiverOps,James River / Richmond,,,RESCUE|WATER|WATERCRAFT_IN_DISTRESS,MEDICAL|INJURY|OTHER_TRAUMATIC_INJURY,Watercraft rescue,working_rescue,Rescue/remove from harm; Provide EMS care,Mutual aid received,Tube,Tubing,3,2,0,0,rescued_no_injury,No PFD/flotation device; Rapid river rise; Deceptive calm/local gage low but upstream rising; Inexperience,No,No,2,7,Synthetic NERIS-style 2026 record; demonstrates core+secondary incident type model.,1420.0,-170.0,20.0,False,False,10.0,102.0,"Dispatch had Pony Pasture, but 3 tubers were at Pipeline, no PFDs, inexperienced. Gage low but upstream rising. Boat 1 removed all from harm, EMS eval, no inj.",37.531882,-77.434462,llm_site,PIPE,1.0,37.552224,-77.517472,landmark_exact,ollama:qwen2.5:14b,True,455.4,Pipeline Rapids,site_circle,True
JR-2026-0030,NERIS,2026_neris_beta_low_completeness,2026-06-17,2026-06-17 16:03:00,2026-06-17 16:10:00,2026-06-17 17:42:00,2026,6,Wednesday,False,False,True,RFD-12,James River / Richmond,,,RESCUE|WATER|WATERCRAFT_IN_DISTRESS,,Watercraft rescue,assist_no_rescue,Search for victim; No rescue needed,,Kayak,Kayaking,1,0,0,0,assist_no_injury,No PFD/flotation device; Alcohol suspected; Rapid river rise,No,Yes,2,6,Synthetic NERIS-style 2026 record; demonstrates core+secondary incident type model.,1420.0,-170.0,20.0,False,False,7.0,99.0,"Search for kayaker reported at Mayo Bridge, ETOH suspected, no PFD, water rising. Pt found at N37.53424 W77.48995, OK. E12 no rescue needed.",37.53424,-77.48995,llm_gps,,1.0,37.53424,-77.48995,gps,ollama:qwen2.5:14b,True,0.6,42nd Street,precise_point,True
JR-2026-0081,NERIS,2026_neris_beta_low_completeness,2026-06-20,2026-06-20 09:45:00,2026-06-20 09:53:00,2026-06-20 11:06:00,2026,6,Saturday,True,False,True,RFD-16,James River / Richmond,,,RESCUE|WATER|WATERCRAFT_IN_DISTRESS,NOEMERG|GOOD_INTENT|NO_INCIDENT_FOUND_LOCATION_ERROR,Watercraft rescue,good_intent_cancelled,Standby,,,Swimming/Wading,1,0,0,0,cancelled_or_no_incident_found,,Yes,Unknown,1,3,Synthetic NERIS-style 2026 record; demonstrates core+secondary incident type model.,1190.0,-30.0,-230.0,False,False,8.0,81.0,"E16 standby for swimmer at N37.56031 W77.57487. Nothing found, cancelled.",37.56031,-77.57487,llm_gps,,0.3,37.56031,-77.57487,gps,ollama:qwen2.5:14b,True,0.4,Bosher Dam,not_mapped,False
JR-2026-0044,NERIS,2026_neris_beta_low_completeness,2026-06-20,2026-06-20 18:10:00,2026-06-20 18:15:00,2026-06-20 19:22:00,2026,6,Saturday,True,False,True,RFD-05,James River / Richmond,,,RESCUE|WATER|WATERCRAFT_IN_DISTRESS,,Watercraft rescue,assist_no_rescue,Assist person; Investigate,Mutual aid received,Kayak,Kayaking,2,0,0,0,assist_no_injury,No PFD/flotation device,No,No,1,4,Synthetic NERIS-style 2026 record; demonstrates core+secondary incident type model.,1190.0,-30.0,-230.0,False,False,5.0,72.0,"E05 assisted 2 kayakers, no PFDs, at Bosher Dam. Investigated, no inj. Pt address 800 blk N Boulevard.",37.559948,-77.575019,llm_site,BOSH,1.0,37.559948,-77.575019,landmark_exact,ollama:qwen2.5:14b,True,9.4,Bosher Dam,site_circle,True
JR-2026-0090,NERIS,2026_neris_beta_low_completeness,2026-06-27,2026-06-27 07:42:00,2026-06-27 07:58:00,2026-06-27 10:23:00,2026,6,Saturday,True,False,True,RFD-16,James River / Richmond,,,RESCUE|WATER|WATERCRAFT_IN_DISTRESS,MEDICAL|INJURY|OTHER_TRAUMATIC_INJURY,Watercraft rescue,working_rescue,Rescue/remove from harm; Provide EMS care,Mutual aid received,Kayak,Kayaking,1,1,1,0,injury_or_rescue,No PFD/flotation device; Rapid river rise; High water/current; Inexperience,No,No,3,14,Synthetic NERIS-style 2026 record; demonstrates core+secondary incident type model.,1160.0,60.0,-20.0,False,False,16.0,161.0,"0700 E16 kayaker pinned in high water at the Z-Dam after fast rise, no PFD, novice. Pt removed from harm, EMS care for injuries. Pt lives 2800 blk W Franklin St.",37.558554,-77.526598,llm_site,ZDAM,1.0,37.558554,-77.526598,landmark_exact,ollama:qwen2.5:14b,True,162.2,Z-Dam Area,site_circle,True
JR-2026-0047,NERIS,2026_neris_beta_low_completeness,2026-06-27,2026-06-27 19:42:00,2026-06-27 19:49:00,2026-06-27 20:36:00,2026,6,Saturday,True,False,True,RFD-RiverOps,James River / Richmond,,,RESCUE|WATER|PERSON_IN_WATER_STANDING,NOEMERG|GOOD_INTENT|NO_INCIDENT_FOUND_LOCATION_ERROR,"Water/ice rescue, other",good_intent_cancelled,Canceled en route,,,Swimming/Wading,1,0,0,0,cancelled_or_no_incident_found,None/unknown,Yes,No,1,3,Synthetic NERIS-style 2026 record; demonstrates core+secondary incident type model.,1160.0,60.0,-20.0,False,False,7.0,54.0,"Boat 1 dispatched to ///[w3w] for swimmer, canceled en route. Pt reported from 1600 blk Ellwood Ave.",37.529373,-77.456556,llm_what3words,1600 blk Ellwood Ave,0.3,37.529373,-77.456556,what3words,ollama:qwen2.5:14b,True,0.0,Belle Isle,not_mapped,False
JR-2026-0031,NERIS,2026_neris_beta_low_completeness,2026-06-27,2026-06-27 22:30:00,2026-06-27 22:41:00,2026-06-27 23:13:00,2026,6,Saturday,True,False,False,RFD-01,James River / Richmond,,,RESCUE|WATER|PERSON_IN_WATER_STANDING,MEDICAL|INJURY|OTHER_TRAUMATIC_INJURY,Swimming/recreational water rescue,medical_eval,Provide EMS care; Investigate,,,Swimming/Wading,1,0,0,0,no_injury,No PFD/flotation device,No,No,1,3,Synthetic NERIS-style 2026 record; demonstrates core+secondary incident type model.,1160.0,60.0,-20.0,False,False,11.0,43.0,"2200 hrs swimmer out of water at Pipeline, no PFD. E01 EMS eval, no injury. Investigated.",37.531882,-77.434462,llm_site,PIPE,1.0,37.531882,-77.434462,landmark_exact,ollama:qwen2.5:14b,True,475.7,Pipeline Rapids,site_circle,True
JR-2026-0052,NERIS,2026_neris_beta_low_completeness,2026-06-28,2026-06-28 19:15:00,2026-06-28 19:26:00,2026-06-28 21:27:00,2026,6,Sunday,True,False,True,RFD-12,James River / Richmond,,,RESCUE|WATER|WATERCRAFT_IN_DISTRESS,,Watercraft rescue,working_rescue,Search for victim; Rescue/remove from harm,Aid given to another agency,Motorboat/PWC,Motorboat/PWC,1,1,0,0,rescued_no_injury,Rapid river rise; High water/current,Unknown,No,3,14,Synthetic NERIS-style 2026 record; demonstrates core+secondary incident type model.,1190.0,30.0,90.0,False,False,11.0,132.0,"Called in as Brown's Island. PWC operator found at Mayo Bridge in high water after river rose. E12 searched, removed pt from harm, no injury.",37.528074,-77.43403,llm_site,MAYO,1.0,37.532563,-77.441084,landmark_exact,ollama:qwen2.5:14b,True,274.4,Mayo Bridge,site_circle,True
JR-2026-0033,NERIS,2026_neris_beta_low_completeness,2026-07-04,2026-07-04 13:00:00,2026-07-04 13:10:00,2026-07-04 14:08:00,2026,7,Saturday,True,True,True,RFD-12,James River / Richmond,,,RESCUE|WATER|PERSON_IN_WATER_STANDING,,Swimming/recreational water rescue,assist_no_rescue,Assist person; Investigate,,Tube,Tubing,2,0,0,0,assist_no_injury,No PFD/flotation device; Submerged obstacle/rocks,No,No,1,3,Synthetic NERIS-style 2026 record; demonstrates core+secondary incident type model.,1020.0,-30.0,-50.0,False,False,10.0,68.0,"RP said Huguenot flatwater, 2 tubers turned out to be hung up on rocks by the Mayo Bridge. No PFDs. E12 assisted both off, investigated, no inj.",,,llm_off_list,Mayo Bridge,0.0,37.561655,-77.542582,landmark_exact,ollama:qwen2.5:14b,False,,,not_mapped,False
JR-2026-0041,NERIS,2026_neris_beta_low_completeness,2026-07-04,2026-07-04 16:05:00,2026-07-04 16:11:00,2026-07-04 17:14:00,2026,7,Saturday,True,True,True,RFD-05,James River / Richmond,,,RESCUE|WATER|PERSON_IN_WATER_SWIFTWATER,NOEMERG|GOOD_INTENT|NO_INCIDENT_FOUND_LOCATION_ERROR,Swift water rescue,good_intent_cancelled,Canceled en route,Aid given to another agency,,Swimming/Wading,1,0,0,0,cancelled_or_no_incident_found,None/unknown,Unknown,No,1,3,Synthetic NERIS-style 2026 record; demonstrates core+secondary incident type model.,1020.0,-30.0,-50.0,False,False,6.0,69.0,E05 canceled en route for swimmer. No further.,,,unplaced,,0.0,,,unplaced,ollama:qwen2.5:14b,False,,,not_mapped,False
JR-2026-0016,NERIS,2026_neris_beta_low_completeness,2026-07-11,2026-07-11 16:55:00,2026-07-11 17:03:00,2026-07-11 17:56:00,2026,7,Saturday,True,False,True,RFD-05,James River / Richmond,,,RESCUE|WATER|WATERCRAFT_IN_DISTRESS,NOEMERG|GOOD_INTENT|NO_INCIDENT_FOUND_LOCATION_ERROR,Watercraft rescue,good_intent_cancelled,Standby,,,Swimming/Wading,1,0,0,0,cancelled_or_no_incident_found,None/unknown,Yes,No,2,6,Synthetic NERIS-style 2026 record; demonstrates core+secondary incident type model.,1090.0,115.0,60.0,False,False,8.0,61.0,"Dispatched Belle Isle for swimmer. E05 staged, pt ended up at ///[w3w] and was fine. Standby only, cancelled.",37.528378,-77.473108,llm_what3words,BELLE,1.0,37.528378,-77.473108,what3words,ollama:qwen2.5:14b,True,0.0,42nd Street,not_mapped,False
JR-2026-0068,NERIS,2026_neris_beta_low_completeness,2026-07-11,2026-07-11 17:42:00,2026-07-11 17:47:00,2026-07-11 19:09:00,2026,7,Saturday,True,False,True,RFD-12,James River / Richmond,,,RESCUE|WATER|PERSON_IN_WATER_STANDING,,Swimming/recreational water rescue,assist_no_rescue,Assist person; Investigate,,,Swimming/Wading,1,0,0,0,assist_no_injury,No PFD/flotation device,No,No,2,8,Synthetic NERIS-style 2026 record; demonstrates core+secondary incident type model.,1090.0,115.0,60.0,False,False,5.0,87.0,"E12 swimmer no PFD 37.56026,-77.57489 assisted out invest no inj RTS",37.56026,-77.57489,llm_gps,,1.0,37.56026,-77.57489,gps,ollama:qwen2.5:14b,True,0.4,Bosher Dam,precise_point,True
JR-2026-0036,NERIS,2026_neris_beta_low_completeness,2026-07-15,2026-07-15 09:03:00,2026-07-15 09:14:00,2026-07-15 10:15:00,2026,7,Wednesday,False,False,True,RFD-12,James River / Richmond,,,RESCUE|WATER|WATERCRAFT_IN_DISTRESS,MEDICAL|INJURY|OTHER_TRAUMATIC_INJURY,Watercraft rescue,medical_eval,Provide EMS care; Investigate,Mutual aid received,Canoe,Canoeing,1,0,1,0,minor_injury_or_medical_eval,Rapid river rise; Deceptive calm/local gage low but upstream rising,Unknown,No,2,8,Synthetic NERIS-style 2026 record; demonstrates core+secondary incident type model.,1240.0,-80.0,80.0,False,False,11.0,72.0,"E12 0900, lone canoeist swamped as river came up fast despite low local gauge reading; upstream rising. Pt out on left bank. Minor injury, EMS care, investigated.",,,llm_off_list,left bank,0.0,,,unplaced,ollama:qwen2.5:14b,False,,,not_mapped,False
JR-2026-0067,NERIS,2026_neris_beta_low_completeness,2026-07-15,2026-07-15 10:00:00,2026-07-15 10:09:00,2026-07-15 10:43:00,2026,7,Wednesday,False,False,True,RFD-05,James River / Richmond,,,RESCUE|WATER|WATERCRAFT_IN_DISTRESS,MEDICAL|INJURY|OTHER_TRAUMATIC_INJURY,Watercraft rescue,medical_eval,Provide EMS care; Investigate,,Kayak,Kayaking,1,0,0,0,no_injury,Inexperience,Unknown,No,1,3,Synthetic NERIS-style 2026 record; demonstrates core+secondary incident type model.,1240.0,-80.0,80.0,False,False,9.0,43.0,"Engine 05 1000 EMS eval of novice kayaker after swim, pt on gravel bar river right. No injury. Investigated, advised on paddling w/ group.",,,llm_off_list,gravel bar river right,0.0,,,unplaced,ollama:qwen2.5:14b,False,,,not_mapped,False
JR-2026-0048,NERIS,2026_neris_beta_low_completeness,2026-07-15,2026-07-15 14:00:00,2026-07-15 14:06:00,2026-07-15 15:47:00,2026,7,Wednesday,False,False,True,RFD-RiverOps,James River / Richmond,,,RESCUE|WATER|PERSON_IN_WATER_SWIFTWATER,,Swift water rescue,working_rescue,Water rescue; Provide EMS care,,Unknown,Unknown recreational activity,2,2,0,0,rescued_no_injury,No PFD/flotation device; Rapid river rise; Inexperience,No,No,2,8,Synthetic NERIS-style 2026 record; demonstrates core+secondary incident type model.,1240.0,-80.0,80.0,False,False,6.0,107.0,"Dispatched Z-Dam, pts actually found at Bosher Dam. Boat 1 water rescue of 2, no PFDs, inexperienced, river rising. EMS eval, no injuries.",37.559948,-77.575019,llm_site,BOSH,1.0,37.559948,-77.575019,landmark_exact,ollama:qwen2.5:14b,True,504.2,Bosher Dam,site_circle,True
JR-2026-0038,NERIS,2026_neris_beta_low_completeness,2026-07-18,2026-07-18 18:42:00,2026-07-18 18:48:00,2026-07-18 19:40:00,2026,7,Saturday,True,False,True,RFD-RiverOps,James River / Richmond,,,RESCUE|WATER|PERSON_IN_WATER_STANDING,NOEMERG|GOOD_INTENT|NO_INCIDENT_FOUND_LOCATION_ERROR,Swimming/recreational water rescue,good_intent_cancelled,Standby,,Unknown,Unknown recreational activity,2,0,0,0,cancelled_or_no_incident_found,None/unknown,Unknown,No,1,4,Synthetic NERIS-style 2026 record; demonstrates core+secondary incident type model.,1300.0,100.0,60.0,False,False,6.0,58.0,Boat 1 standby Pipeline 2 pts unk activity canc no incident RTS,37.531882,-77.434462,llm_site,PIPE,1.0,37.531882,-77.434462,landmark_exact,ollama:qwen2.5:14b,True,487.5,Pipeline Rapids,not_mapped,False
JR-2026-0023,NERIS,2026_neris_beta_low_completeness,2026-07-24,2026-07-24 16:40:00,2026-07-24 16:46:00,2026-07-24 18:37:00,2026,7,Friday,False,False,True,RFD-05,James River / Richmond,,,RESCUE|WATER|PERSON_IN_WATER_STANDING,MEDICAL|INJURY|OTHER_TRAUMATIC_INJURY,"Water/ice rescue, other",medical_eval,Provide EMS care; Investigate,Aid given to another agency,,Swimming/Wading,1,0,1,0,minor_injury_or_medical_eval,None/unknown,Yes,No,2,8,Synthetic NERIS-style 2026 record; demonstrates core+secondary incident type model.,1850.0,-290.0,530.0,False,False,6.0,117.0,"Swimmer at Pipeline Rapids, minor inj. E05 EMS care, investigated.",37.531882,-77.434462,llm_site,PIPE,1.0,37.531882,-77.434462,landmark_exact,ollama:qwen2.5:14b,True,538.6,Pipeline Rapids,site_circle,True
JR-2026-0069,NERIS,2026_neris_beta_low_completeness,2026-07-25,2026-07-25 10:18:00,2026-07-25 10:23:00,2026-07-25 11:10:00,2026,7,Saturday,True,False,True,RFD-16,James River / Richmond,,,RESCUE|WATER|PERSON_IN_WATER_SWIFTWATER,MEDICAL|INJURY|OTHER_TRAUMATIC_INJURY,Swift water rescue,working_rescue,Rescue/remove from harm; Provide EMS care,,Tube,Tubing,3,1,1,0,injury_or_rescue,Rapid river rise; Submerged obstacle/rocks,Unknown,No,2,8,Synthetic NERIS-style 2026 record; demonstrates core+secondary incident type model.,1800.0,-50.0,190.0,False,False,5.0,52.0,"E16 1000, 3 tubers hung on submerged rocks mid-channel as water rose fast. Removed from harm by rope team to right bank. 1 pt w/ ankle injury, EMS care, transported.",,,unplaced,,0.0,,,unplaced,ollama:qwen2.5:14b,False,,,not_mapped,False
JR-2026-0003,NERIS,2026_neris_beta_low_completeness,2026-07-25,2026-07-25 12:55:00,2026-07-25 13:02:00,2026-07-25 14:19:00,2026,7,Saturday,True,False,True,RFD-12,James River / Richmond,,,RESCUE|WATER|PERSON_IN_WATER_STANDING,NOEMERG|GOOD_INTENT|NO_INCIDENT_FOUND_LOCATION_ERROR,Swimming/recreational water rescue,good_intent_cancelled,Canceled en route,,Canoe,Canoeing,1,0,0,0,cancelled_or_no_incident_found,,No,No,1,3,Synthetic NERIS-style 2026 record; demonstrates core+secondary incident type model.,1800.0,-50.0,190.0,False,False,7.0,84.0,1200 E12 dispatched for canoe reported overturned. Canceled en route by ECC. RTS.,,,unplaced,,0.0,,,unplaced,ollama:qwen2.5:14b,False,,,not_mapped,False
JR-2026-0056,NERIS,2026_neris_beta_low_completeness,2026-07-25,2026-07-25 14:50:00,2026-07-25 14:57:00,2026-07-25 15:37:00,2026,7,Saturday,True,False,True,RFD-RiverOps,James River / Richmond,,,RESCUE|WATER|WATERCRAFT_IN_DISTRESS,MEDICAL|INJURY|OTHER_TRAUMATIC_INJURY,Watercraft rescue,medical_eval,Provide EMS care; Investigate,,Raft,Rafting,2,0,1,0,minor_injury_or_medical_eval,No PFD/flotation device,No,No,1,4,Synthetic NERIS-style 2026 record; demonstrates core+secondary incident type model.,1800.0,-50.0,190.0,False,False,7.0,47.0,"Boat 1 EMS care for 2 rafters, no PFDs, minor inj. Investigated.",,,unplaced,,0.0,,,unplaced,ollama:qwen2.5:14b,False,,,not_mapped,False
JR-2026-0063,NERIS,2026_neris_beta_low_completeness,2026-07-25,2026-07-25 16:35:00,2026-07-25 16:46:00,2026-07-25 17:34:00,2026,7,Saturday,True,False,True,RFD-RiverOps,James River / Richmond,,,RESCUE|WATER|PERSON_IN_WATER_SWIFTWATER,NOEMERG|GOOD_INTENT|NO_INCIDENT_FOUND_LOCATION_ERROR,Swift water rescue,good_intent_cancelled,Canceled en route,,Tube,Tubing,1,0,0,0,cancelled_or_no_incident_found,No PFD/flotation device; Rapid river rise; Deceptive calm/local gage low but upstream rising,No,No,2,6,Synthetic NERIS-style 2026 record; demonstrates core+secondary incident type model.,1800.0,-50.0,190.0,False,False,11.0,59.0,"Tuber no PFD at Bosher, local gage low but upstream rising. Boat 1 canceled en route.",37.559948,-77.575019,llm_site,BOSH,1.0,37.559948,-77.575019,landmark_exact,ollama:qwen2.5:14b,True,4.0,Bosher Dam,not_mapped,False
JR-2026-0074,NERIS,2026_neris_beta_low_completeness,2026-07-25,2026-07-25 17:00:00,2026-07-25 17:06:00,2026-07-25 17:47:00,2026,7,Saturday,True,False,True,RFD-12,James River / Richmond,,,RESCUE|WATER|WATERCRAFT_IN_DISTRESS,,Watercraft rescue,assist_no_rescue,Search for victim; No rescue needed,,Kayak,Kayaking,1,0,0,0,assist_no_injury,None/unknown,Unknown,Unknown,1,4,Synthetic NERIS-style 2026 record; demonstrates core+secondary incident type model.,1800.0,-50.0,190.0,False,False,6.0,47.0,"E12 1700 searched for lone kayaker reported overdue. Located on left bank, no rescue needed. No inj.",,,llm_off_list,left bank,0.0,,,unplaced,ollama:qwen2.5:14b,False,,,not_mapped,False
JR-2026-0055,NERIS,2026_neris_beta_low_completeness,2026-07-26,2026-07-26 19:18:00,2026-07-26 19:27:00,2026-07-26 21:29:00,2026,7,Sunday,True,False,True,RFD-12,James River / Richmond,,,RESCUE|WATER|WATERCRAFT_IN_DISTRESS,MEDICAL|INJURY|OTHER_TRAUMATIC_INJURY,Watercraft rescue,working_rescue,Rescue/remove from harm; Provide EMS care,,Tube,Tubing,1,1,1,0,injury_or_rescue,Rapid river rise; High water/current; Submerged obstacle/rocks,Unknown,No,3,14,Synthetic NERIS-style 2026 record; demonstrates core+secondary incident type model.,1630.0,-170.0,-510.0,False,False,9.0,131.0,"1900 tuber hung up on submerged rocks at ///[w3w], high water after rise. E12 removed pt from harm, EMS care, injury.",37.530692,-77.454065,llm_what3words,meadow canoe bank,1.0,37.530692,-77.454065,what3words,ollama:qwen2.5:14b,True,0.0,Belle Isle,precise_point,True
JR-2026-0010,NERIS,2026_neris_beta_low_completeness,2026-07-30,2026-07-30 18:42:00,2026-07-30 18:50:00,2026-07-30 19:18:00,2026,7,Thursday,False,False,True,RFD-12,James River / Richmond,,,RESCUE|WATER|PERSON_IN_WATER_STANDING,NOEMERG|GOOD_INTENT|NO_INCIDENT_FOUND_LOCATION_ERROR,"Water/ice rescue, other",good_intent_cancelled,Standby,Aid given to another agency,Unknown,Unknown recreational activity,2,0,0,0,cancelled_or_no_incident_found,,Yes,No,2,6,Synthetic NERIS-style 2026 record; demonstrates core+secondary incident type model.,1300.0,-110.0,-240.0,False,False,8.0,36.0,"Caller reported Belle Isle. E12 stood by, 2 pts turned up at ///[w3w], no assist needed. Cancelled.",37.530741,-77.455404,llm_site,BELLE,1.0,,,w3w_off_river,ollama:qwen2.5:14b,True,786.8,Belle Isle,not_mapped,False
JR-2026-0073,NERIS,2026_neris_beta_low_completeness,2026-07-31,2026-07-31 16:20:00,2026-07-31 16:29:00,2026-07-31 17:38:00,2026,7,Friday,False,False,True,RFD-12,James River / Richmond,,,RESCUE|WATER|WATERCRAFT_IN_DISTRESS,MEDICAL|INJURY|OTHER_TRAUMATIC_INJURY,Watercraft rescue,medical_eval,Provide EMS care; Investigate,,Tube,Tubing,3,0,1,0,minor_injury_or_medical_eval,None/unknown,Unknown,No,2,8,Synthetic NERIS-style 2026 record; demonstrates core+secondary incident type model.,1180.0,-120.0,-340.0,False,False,9.0,78.0,"E12 EMS care 3 tubers at Ancarrows, minor inj. Investigated.",37.520293,-77.417614,llm_site,ANC,1.0,37.520293,-77.417614,landmark_exact,ollama:qwen2.5:14b,True,1342.4,Ancarrow's Landing,site_circle,True
JR-2026-0027,NERIS,2026_neris_beta_low_completeness,2026-08-03,2026-08-03 19:30:00,2026-08-03 19:39:00,2026-08-03 20:37:00,2026,8,Monday,False,False,True,RFD-RiverOps,James River / Richmond,,,RESCUE|WATER|PERSON_IN_WATER_SWIFTWATER,MEDICAL|INJURY|OTHER_TRAUMATIC_INJURY,Swift water rescue,medical_eval,Provide EMS care; Investigate,,Tube,Tubing,2,0,1,0,minor_injury_or_medical_eval,,Yes,No,2,6,Synthetic NERIS-style 2026 record; demonstrates core+secondary incident type model.,1000.0,0.0,-180.0,False,False,9.0,67.0,"Boat 1 EMS eval 2 tubers approx 250 yds upstream of Reedy Crk. Minor inj, investigated.",37.52716,-77.469861,llm_site,REEDY,1.0,37.52716,-77.469861,landmark_fuzzy,ollama:qwen2.5:14b,True,180.9,Reedy Creek,site_circle,True
JR-2026-0004,NERIS,2026_neris_beta_low_completeness,2026-08-04,2026-08-04 09:05:00,2026-08-04 09:13:00,2026-08-04 09:39:00,2026,8,Tuesday,False,False,True,RFD-16,James River / Richmond,,,RESCUE|WATER|WATERCRAFT_IN_DISTRESS,,Watercraft rescue,assist_no_rescue,Assist person; Investigate,,Kayak,Kayaking,1,0,0,0,assist_no_injury,No PFD/flotation device,No,No,1,4,Synthetic NERIS-style 2026 record; demonstrates core+secondary incident type model.,1080.0,80.0,10.0,False,False,8.0,34.0,"Dispatch had Huguenot Flatwater. Kayaker was at Ancarrow's Landing, no PFD. E16 assisted, investigated, no injury.",37.520293,-77.417614,llm_site,ANC,1.0,37.561655,-77.542582,landmark_exact,ollama:qwen2.5:14b,True,311.3,Ancarrow's Landing,site_circle,True
JR-2026-0026,NERIS,2026_neris_beta_low_completeness,2026-08-07,2026-08-07 11:00:00,2026-08-07 11:05:00,2026-08-07 12:03:00,2026,8,Friday,False,False,True,RFD-12,James River / Richmond,,,RESCUE|WATER|WATERCRAFT_IN_DISTRESS,,Watercraft rescue,assist_no_rescue,Search for victim; No rescue needed,Mutual aid received,,Swimming/Wading,2,0,0,0,assist_no_injury,,No,No,2,6,Synthetic NERIS-style 2026 record; demonstrates core+secondary incident type model.,2770.0,640.0,1690.0,False,False,5.0,63.0,"2 swimmers reported missing approx 100 yds across from Pipeline. E12 searched, both found safe, no rescue needed.",37.531882,-77.434462,llm_site,PIPE,1.0,37.531882,-77.434462,landmark_exact,ollama:qwen2.5:14b,True,512.1,Pipeline Rapids,site_circle,True
JR-2026-0085,NERIS,2026_neris_beta_low_completeness,2026-08-08,2026-08-08 11:12:00,2026-08-08 11:20:00,2026-08-08 11:54:00,2026,8,Saturday,True,False,True,RFD-16,James River / Richmond,,,RESCUE|WATER|PERSON_IN_WATER_STANDING,NOEMERG|GOOD_INTENT|NO_INCIDENT_FOUND_LOCATION_ERROR,"Water/ice rescue, other",good_intent_cancelled,Investigate; No incident found,,Unknown,Unknown recreational activity,2,0,0,0,cancelled_or_no_incident_found,No PFD/flotation device; Inexperience,No,No,1,4,Synthetic NERIS-style 2026 record; demonstrates core+secondary incident type model.,2430.0,-340.0,0.0,False,False,8.0,42.0,"E16 investigated 2 at Pony Pasture, no PFDs, inexperienced. No incident found.",37.552224,-77.517472,llm_site,PONY,0.3,37.552224,-77.517472,landmark_exact,ollama:qwen2.5:14b,True,251.0,Pony Pasture,not_mapped,False
JR-2026-0008,NERIS,2026_neris_beta_low_completeness,2026-08-08,2026-08-08 19:55:00,2026-08-08 20:04:00,2026-08-08 21:10:00,2026,8,Saturday,True,False,True,RFD-01,James River / Richmond,,,RESCUE|WATER|PERSON_IN_WATER_SWIFTWATER,NOEMERG|GOOD_INTENT|NO_INCIDENT_FOUND_LOCATION_ERROR,Swift water rescue,good_intent_cancelled,Canceled en route,,Tube,Tubing,2,0,0,0,cancelled_or_no_incident_found,No PFD/flotation device,No,No,1,3,Synthetic NERIS-style 2026 record; demonstrates core+secondary incident type model.,2430.0,-340.0,0.0,False,False,9.0,75.0,E01 2 tubers no PFD N37.52791 W77.43340 canc enroute RTS,37.52791,-77.4334,llm_gps,,1.0,37.52791,-77.4334,gps,ollama:qwen2.5:14b,True,0.4,Mayo Bridge,not_mapped,False
JR-2026-0086,NERIS,2026_neris_beta_low_completeness,2026-08-14,2026-08-14 14:07:00,2026-08-14 14:15:00,2026-08-14 15:03:00,2026,8,Friday,False,False,True,RFD-RiverOps,James River / Richmond,,,RESCUE|WATER|PERSON_IN_WATER_STANDING,NOEMERG|GOOD_INTENT|NO_INCIDENT_FOUND_LOCATION_ERROR,Swimming/recreational water rescue,good_intent_cancelled,Standby,,Kayak,Kayaking,3,0,0,0,cancelled_or_no_incident_found,No PFD/flotation device; Submerged obstacle/rocks,No,No,1,4,Synthetic NERIS-style 2026 record; demonstrates core+secondary incident type model.,1400.0,-80.0,-410.0,False,False,8.0,56.0,"Called as Pony Pasture, 3 kayakers were at Reedy Creek on submerged rocks, no PFDs. Boat 1 standby, pts self-extricated. Cancelled.",37.52716,-77.469861,llm_site,REEDY,1.0,37.552224,-77.517472,landmark_exact,ollama:qwen2.5:14b,True,547.3,Reedy Creek,not_mapped,False
JR-2026-0001,NERIS,2026_neris_beta_low_completeness,2026-08-15,2026-08-15 12:03:00,2026-08-15 12:13:00,2026-08-15 13:27:00,2026,8,Saturday,True,False,True,RFD-RiverOps,James River / Richmond,,,RESCUE|WATER|WATERCRAFT_IN_DISTRESS,,Watercraft rescue,assist_no_rescue,Standby; Provide information to public,Aid given to another agency,Raft,Rafting,2,0,0,0,assist_no_injury,,No,No,1,4,Synthetic NERIS-style 2026 record; demonstrates core+secondary incident type model.,1340.0,-60.0,-280.0,False,False,10.0,84.0,"Boat 1 standby Reedy Creek for 2 rafters. Info given to public on conditions, no injury.",37.52716,-77.469861,llm_site,REEDY,1.0,37.52716,-77.469861,landmark_exact,ollama:qwen2.5:14b,True,129.8,Reedy Creek,site_circle,True
JR-2026-0065,NERIS,2026_neris_beta_low_completeness,2026-08-15,2026-08-15 15:18:00,2026-08-15 15:26:00,2026-08-15 16:21:00,2026,8,Saturday,True,False,True,RFD-RiverOps,James River / Richmond,,,RESCUE|WATER|PERSON_IN_WATER_STANDING,,Swimming/recreational water rescue,assist_no_rescue,Search for victim; No rescue needed,,Tube,Tubing,4,0,0,0,assist_no_injury,,No,Yes,1,4,Synthetic NERIS-style 2026 record; demonstrates core+secondary incident type model.,1340.0,-60.0,-280.0,False,False,8.0,63.0,Boat 1 search 4 tubers ///[w3w] all located ok no rescue needed RTS,,,unplaced,,0.0,37.527612,-77.464332,what3words,ollama:qwen2.5:14b,False,,,not_mapped,False
JR-2026-0013,NERIS,2026_neris_beta_low_completeness,2026-08-15,2026-08-15 15:20:00,2026-08-15 15:29:00,2026-08-15 16:21:00,2026,8,Saturday,True,False,True,RFD-RiverOps,James River / Richmond,,,RESCUE|WATER|PERSON_IN_WATER_STANDING,NOEMERG|GOOD_INTENT|NO_INCIDENT_FOUND_LOCATION_ERROR,Swimming/recreational water rescue,good_intent_cancelled,Investigate; No incident found,Aid given to another agency,Kayak,Kayaking,2,0,0,0,cancelled_or_no_incident_found,None/unknown,Yes,No,1,3,Synthetic NERIS-style 2026 record; demonstrates core+secondary incident type model.,1340.0,-60.0,-280.0,False,False,9.0,61.0,"Boat 1 checked Brown's Island for 2 kayakers, no incident found. Pt home 700 blk N 25th St per RP.",,,unplaced,,0.0,37.532563,-77.441084,landmark_exact,ollama:qwen2.5:14b,False,,,not_mapped,False
JR-2026-0009,NERIS,2026_neris_beta_low_completeness,2026-08-15,2026-08-15 17:25:00,2026-08-15 17:30:00,2026-08-15 18:19:00,2026,8,Saturday,True,False,True,RFD-12,James River / Richmond,,,RESCUE|WATER|WATERCRAFT_IN_DISTRESS,,Watercraft rescue,assist_no_rescue,Assist person; Investigate,,Canoe,Canoeing,2,0,0,0,assist_no_injury,None/unknown,Yes,Unknown,1,4,Synthetic NERIS-style 2026 record; demonstrates core+secondary incident type model.,1340.0,-60.0,-280.0,False,False,5.0,54.0,"E12 assisted 2 canoeists at N37.56104 W77.54073. Investigated, no injury.",37.56104,-77.54073,llm_gps,,1.0,37.56104,-77.54073,gps,ollama:qwen2.5:14b,True,0.3,Huguenot Flatwater,precise_point,True
JR-2026-0021,NERIS,2026_neris_beta_low_completeness,2026-08-15,2026-08-15 18:50:00,2026-08-15 19:04:00,2026-08-15 20:34:00,2026,8,Saturday,True,False,True,RFD-16,James River / Richmond,,,RESCUE|WATER|WATERCRAFT_IN_DISTRESS,,Watercraft rescue,working_rescue,Search for victim; Rescue/remove from harm,,Kayak,Kayaking,1,1,0,0,rescued_no_injury,Rapid river rise; High water/current; Submerged obstacle/rocks,Yes,No,3,14,Synthetic NERIS-style 2026 record; demonstrates core+secondary incident type model.,1340.0,-60.0,-280.0,False,False,14.0,104.0,"Kayaker pinned on submerged rocks approx 150 yds below Ancarrow's Landing, high water after rise. E16 searched, removed pt from harm, no inj.",37.520293,-77.417614,llm_site,ANC,1.0,37.520293,-77.417614,landmark_exact,ollama:qwen2.5:14b,True,45.0,Ancarrow's Landing,site_circle,True
JR-2026-0032,NERIS,2026_neris_beta_low_completeness,2026-08-15,2026-08-15 19:03:00,2026-08-15 19:20:00,2026-08-15 21:59:00,2026,8,Saturday,True,False,True,RFD-RiverOps,James River / Richmond,,,RESCUE|WATER|WATERCRAFT_IN_DISTRESS,MEDICAL|INJURY|OTHER_TRAUMATIC_INJURY,Watercraft rescue,working_rescue,Rescue/remove from harm; Provide EMS care,,Raft,Rafting,2,1,1,0,injury_or_rescue,,No,No,4,14,Synthetic NERIS-style 2026 record; demonstrates core+secondary incident type model.,1340.0,-60.0,-280.0,False,False,17.0,176.0,"Raft w/ 2 in trouble at Bosher Dam. Boat 1 removed both from harm, EMS care for injuries.",37.559948,-77.575019,llm_site,BOSH,1.0,37.559948,-77.575019,landmark_exact,ollama:qwen2.5:14b,True,874.3,Bosher Dam,site_circle,True
JR-2026-0035,NERIS,2026_neris_beta_low_completeness,2026-08-22,2026-08-22 11:45:00,2026-08-22 11:55:00,2026-08-22 13:05:00,2026,8,Saturday,True,False,True,RFD-12,James River / Richmond,,,RESCUE|WATER|PERSON_IN_WATER_STANDING,MEDICAL|INJURY|OTHER_TRAUMATIC_INJURY,"Water/ice rescue, other",medical_eval,Provide EMS care; Investigate,Mutual aid received,Tube,Tubing,2,0,0,0,no_injury,None/unknown,Unknown,No,1,3,Synthetic NERIS-style 2026 record; demonstrates core+secondary incident type model.,1990.0,260.0,150.0,False,False,10.0,80.0,"E12 EMS eval 2 tubers at ///[w3w], no injuries. Investigated.",37.530053,-77.454767,llm_what3words,drift.maple.nectar,1.0,37.530053,-77.454767,what3words,ollama:qwen2.5:14b,True,0.0,Belle Isle,precise_point,True
JR-2026-0053,NERIS,2026_neris_beta_low_completeness,2026-08-23,2026-08-23 10:30:00,2026-08-23 10:41:00,2026-08-23 12:53:00,2026,8,Sunday,True,False,True,RFD-01,James River / Richmond,,,RESCUE|WATER|PERSON_IN_WATER_SWIFTWATER,MEDICAL|INJURY|DROWNING_DIVING_SCUBA_ACCIDENT,Swift water rescue,fatality_recovery,Search for victim; Recover body/body parts; Provide EMS care,,Unknown,Unknown recreational activity,2,1,1,1,fatality,Rapid river rise; High water/current,Unknown,No,4,14,Synthetic NERIS-style 2026 record; demonstrates core+secondary incident type model.,1970.0,-20.0,80.0,False,False,11.0,143.0,"1000 E01 search for 2 at Pony Pasture after rapid rise, high water. Recovery ops, bodies recovered, EMS on scene. Fatality x2.",37.552224,-77.517472,llm_site,PONY,1.0,37.552224,-77.517472,landmark_exact,ollama:qwen2.5:14b,True,517.4,Pony Pasture,site_circle,True
JR-2026-0089,NERIS,2026_neris_beta_low_completeness,2026-08-28,2026-08-28 17:45:00,2026-08-28 17:52:00,2026-08-28 18:47:00,2026,8,Friday,False,False,True,RFD-12,James River / Richmond,,,RESCUE|WATER|PERSON_IN_WATER_STANDING,NOEMERG|GOOD_INTENT|NO_INCIDENT_FOUND_LOCATION_ERROR,Swimming/recreational water rescue,good_intent_cancelled,Standby,,,Swimming/Wading,1,0,0,0,cancelled_or_no_incident_found,,No,No,1,4,Synthetic NERIS-style 2026 record; demonstrates core+secondary incident type model.,1330.0,-40.0,-530.0,False,False,7.0,62.0,"E12 standby 37.52740, -77.43331 for swimmer. Cancelled, no incident found.",37.5274,-77.43331,llm_gps,,0.3,37.5274,-77.43331,gps,ollama:qwen2.5:14b,True,0.4,Mayo Bridge,not_mapped,False
JR-2026-0071,NERIS,2026_neris_beta_low_completeness,2026-08-30,2026-08-30 18:15:00,2026-08-30 18:21:00,2026-08-30 19:43:00,2026,8,Sunday,True,False,True,RFD-12,James River / Richmond,,,RESCUE|WATER|PERSON_IN_WATER_STANDING,,Swimming/recreational water rescue,assist_no_rescue,Assist person; Investigate,,,Swimming/Wading,2,0,0,0,assist_no_injury,None/unknown,Yes,No,2,8,Synthetic NERIS-style 2026 record; demonstrates core+secondary incident type model.,1200.0,40.0,-170.0,False,False,6.0,88.0,"2 swimmers at the Pony needed help getting out. E12 assisted, investigated, no inj.",37.552224,-77.517472,llm_site,PONY,1.0,,,unplaced,ollama:qwen2.5:14b,True,2203.9,Pony Pasture,site_circle,True
JR-2026-0064,NERIS,2026_neris_beta_low_completeness,2026-09-01,2026-09-01 11:00:00,2026-09-01 11:10:00,2026-09-01 12:12:00,2026,9,Tuesday,False,False,True,RFD-RiverOps,James River / Richmond,,,RESCUE|WATER|WATERCRAFT_IN_DISTRESS,MEDICAL|INJURY|OTHER_TRAUMATIC_INJURY,Watercraft rescue,medical_eval,Provide EMS care; Investigate,,Tube,Tubing,3,0,1,0,minor_injury_or_medical_eval,Rapid river rise,Unknown,No,2,8,Synthetic NERIS-style 2026 record; demonstrates core+secondary incident type model.,1570.0,260.0,410.0,False,False,10.0,72.0,"Boat 1 EMS care 3 tubers at ///[w3w], river rising. Minor inj, investigated.",37.551909,-77.51697,llm_what3words,pebble hollow quiet,1.0,37.551909,-77.51697,what3words,ollama:qwen2.5:14b,True,0.0,Pony Pasture,precise_point,True
JR-2026-0018,NERIS,2026_neris_beta_low_completeness,2026-09-01,2026-09-01 12:10:00,2026-09-01 12:21:00,2026-09-01 12:56:00,2026,9,Tuesday,False,False,True,RFD-12,James River / Richmond,,,RESCUE|WATER|PERSON_IN_WATER_STANDING,,"Water/ice rescue, other",assist_no_rescue,Assist person; Investigate,,,Swimming/Wading,2,0,0,0,assist_no_injury,,Yes,No,1,3,Synthetic NERIS-style 2026 record; demonstrates core+secondary incident type model.,1570.0,260.0,410.0,False,False,11.0,46.0,"E12 assisted 2 swimmers at Ancarrow's boat ramp. Investigated, no injury.",37.520293,-77.417614,llm_site,ANC,1.0,37.520293,-77.417614,landmark_exact,ollama:qwen2.5:14b,True,1567.3,Ancarrow's Landing,site_circle,True
JR-2026-0062,NERIS,2026_neris_beta_low_completeness,2026-09-01,2026-09-01 13:30:00,2026-09-01 13:35:00,2026-09-01 15:00:00,2026,9,Tuesday,False,False,True,RFD-16,James River / Richmond,,,RESCUE|WATER|WATERCRAFT_IN_DISTRESS,,Watercraft rescue,assist_no_rescue,Assist person; Investigate,Other agency assisted,Kayak,Kayaking,2,0,0,0,assist_no_injury,,No,No,1,4,Synthetic NERIS-style 2026 record; demonstrates core+secondary incident type model.,1570.0,260.0,410.0,False,False,5.0,90.0,E16 2 kayakers Huguenot flat water assist invest no inj RTS,37.561655,-77.542582,llm_site,HUG,1.0,37.561655,-77.542582,landmark_exact,ollama:qwen2.5:14b,True,69.1,Huguenot Flatwater,site_circle,True
JR-2026-0005,NERIS,2026_neris_beta_low_completeness,2026-09-04,2026-09-04 16:00:00,2026-09-04 16:06:00,2026-09-04 17:29:00,2026,9,Friday,False,False,True,RFD-RiverOps,James River / Richmond,,,RESCUE|WATER|WATERCRAFT_IN_DISTRESS,NOEMERG|GOOD_INTENT|NO_INCIDENT_FOUND_LOCATION_ERROR,Watercraft rescue,good_intent_cancelled,Canceled en route,,Tube,Tubing,4,0,0,0,cancelled_or_no_incident_found,None/unknown,Unknown,No,2,6,Synthetic NERIS-style 2026 record; demonstrates core+secondary incident type model.,1550.0,-160.0,-20.0,False,False,6.0,89.0,4 tubers at Belle Isle. Boat 1 canceled en route.,37.530741,-77.455404,llm_site,BELLE,1.0,37.530741,-77.455404,landmark_exact,ollama:qwen2.5:14b,True,583.4,Belle Isle,not_mapped,False
JR-2026-0046,NERIS,2026_neris_beta_low_completeness,2026-09-05,2026-09-05 16:03:00,2026-09-05 16:13:00,2026-09-05 17:07:00,2026,9,Saturday,True,True,True,RFD-16,James River / Richmond,,,RESCUE|WATER|WATERCRAFT_IN_DISTRESS,,Watercraft rescue,assist_no_rescue,Standby; Provide information to public,,Paddleboard,Stand-up paddleboard,2,0,0,0,assist_no_injury,No PFD/flotation device,No,No,2,6,Synthetic NERIS-style 2026 record; demonstrates core+secondary incident type model.,1440.0,-110.0,-430.0,False,False,10.0,64.0,"E16 stood by for 2 SUP riders at Belle Isle, no PFDs. Gave info to public, no inj.",37.530741,-77.455404,llm_site,BELLE,1.0,37.530741,-77.455404,landmark_exact,ollama:qwen2.5:14b,True,128.1,Belle Isle,site_circle,True
JR-2026-0022,NERIS,2026_neris_beta_low_completeness,2026-09-09,2026-09-09 15:07:00,2026-09-09 15:16:00,2026-09-09 15:46:00,2026,9,Wednesday,False,False,True,RFD-05,James River / Richmond,,,RESCUE|WATER|PERSON_IN_WATER_STANDING,,"Water/ice rescue, other",assist_no_rescue,Assist person; Investigate,,,Swimming/Wading,3,0,0,0,assist_no_injury,No PFD/flotation device,No,No,1,3,Synthetic NERIS-style 2026 record; demonstrates core+secondary incident type model.,1220.0,-50.0,-140.0,False,False,9.0,39.0,"E05 1500 assisted 3 waders, no PFDs, unable to get back from gravel bar mid-river. Walked to right bank w/ crew. Investigated. No inj.",,,unplaced,,0.0,,,unplaced,ollama:qwen2.5:14b,False,,,not_mapped,False
JR-2026-0078,NERIS,2026_neris_beta_low_completeness,2026-09-12,2026-09-12 13:12:00,2026-09-12 13:20:00,2026-09-12 13:49:00,2026,9,Saturday,True,False,True,RFD-01,James River / Richmond,,,RESCUE|WATER|WATERCRAFT_IN_DISTRESS,,Watercraft rescue,assist_no_rescue,Assist person; Investigate,,Tube,Tubing,2,0,0,0,assist_no_injury,Alcohol suspected,Unknown,Yes,1,3,Synthetic NERIS-style 2026 record; demonstrates core+secondary incident type model.,1050.0,-30.0,-170.0,False,False,8.0,37.0,"E01 assisted 2 tubers at Belle Isle, ETOH suspected. Investigated, no injury.",37.530741,-77.455404,llm_site,BELLE,1.0,37.530741,-77.455404,landmark_exact,ollama:qwen2.5:14b,True,367.4,Belle Isle,site_circle,True
JR-2026-0076,NERIS,2026_neris_beta_low_completeness,2026-09-15,2026-09-15 13:15:00,2026-09-15 13:25:00,2026-09-15 13:57:00,2026,9,Tuesday,False,False,True,RFD-RiverOps,James River / Richmond,,,RESCUE|WATER|WATERCRAFT_IN_DISTRESS,NOEMERG|GOOD_INTENT|NO_INCIDENT_FOUND_LOCATION_ERROR,Watercraft rescue,good_intent_cancelled,Standby,Aid given to another agency,Raft,Rafting,2,0,0,0,cancelled_or_no_incident_found,No PFD/flotation device,No,Unknown,1,4,Synthetic NERIS-style 2026 record; demonstrates core+secondary incident type model.,1040.0,0.0,-10.0,False,False,10.0,42.0,Boat 1 1300 stood by for 2 rafters without PFDs hung up in eddy river left. Raft freed on own. Canceled.,,,unplaced,,0.0,,,unplaced,ollama:qwen2.5:14b,False,,,not_mapped,False
JR-2026-0015,NERIS,2026_neris_beta_low_completeness,2026-09-20,2026-09-20 10:42:00,2026-09-20 10:51:00,2026-09-20 12:03:00,2026,9,Sunday,True,False,True,RFD-RiverOps,James River / Richmond,,,RESCUE|WATER|PERSON_IN_WATER_SWIFTWATER,MEDICAL|INJURY|OTHER_TRAUMATIC_INJURY,Swift water rescue,working_rescue,Search for victim; Rescue/remove from harm,,Kayak,Kayaking,1,1,1,0,injury_or_rescue,Rapid river rise; Deceptive calm/local gage low but upstream rising,Yes,No,2,7,Synthetic NERIS-style 2026 record; demonstrates core+secondary incident type model.,1070.0,-50.0,30.0,False,False,9.0,81.0,"1000 Boat 1 search for lone kayaker after fast rise, local gauge low but upstream rising. Pt found on rock mid-channel, removed from harm to right bank. Minor injury, EMS.",,,unplaced,,0.0,,,unplaced,ollama:qwen2.5:14b,False,,,not_mapped,False
JR-2026-0045,NERIS,2026_neris_beta_low_completeness,2026-09-26,2026-09-26 12:12:00,2026-09-26 12:25:00,2026-09-26 13:43:00,2026,9,Saturday,True,False,True,RFD-RiverOps,James River / Richmond,,,RESCUE|WATER|PERSON_IN_WATER_SWIFTWATER,MEDICAL|INJURY|OTHER_TRAUMATIC_INJURY,Swift water rescue,working_rescue,Rescue/remove from harm; Provide EMS care,Other agency assisted,,Swimming/Wading,1,1,0,0,rescued_no_injury,Rapid river rise; High water/current; Submerged obstacle/rocks,Unknown,No,3,11,Synthetic NERIS-style 2026 record; demonstrates core+secondary incident type model.,1570.0,10.0,90.0,False,False,13.0,91.0,Boat 1 swimmer high water submerged rocks 42nd st fast rise pt removed EMS eval no inj RTS,37.528301,-77.475311,llm_site,42ND,1.0,37.528301,-77.475311,landmark_exact,ollama:qwen2.5:14b,True,918.1,42nd Street,site_circle,True
JR-2026-0040,NERIS,2026_neris_beta_low_completeness,2026-09-26,2026-09-26 12:18:00,2026-09-26 12:23:00,2026-09-26 13:01:00,2026,9,Saturday,True,False,True,RFD-05,James River / Richmond,,,RESCUE|WATER|PERSON_IN_WATER_STANDING,,"Water/ice rescue, other",assist_no_rescue,Assist person; Investigate,Other agency assisted,,Swimming/Wading,2,0,0,0,assist_no_injury,None/unknown,Unknown,Unknown,2,8,Synthetic NERIS-style 2026 record; demonstrates core+secondary incident type model.,1570.0,10.0,90.0,False,False,5.0,43.0,"2 swimmers at Bosher Dam requested assist. E05 assisted, investigated, no inj.",37.559948,-77.575019,llm_site,BOSH,1.0,37.559948,-77.575019,landmark_exact,ollama:qwen2.5:14b,True,706.4,Bosher Dam,site_circle,True
JR-2026-0011,NERIS,2026_neris_beta_low_completeness,2026-09-26,2026-09-26 18:45:00,2026-09-26 18:50:00,2026-09-26 19:44:00,2026,9,Saturday,True,False,True,RFD-01,James River / Richmond,,,RESCUE|WATER|WATERCRAFT_IN_DISTRESS,MEDICAL|INJURY|OTHER_TRAUMATIC_INJURY,Watercraft rescue,medical_eval,Provide EMS care; Investigate,,Paddleboard,Stand-up paddleboard,2,0,1,0,minor_injury_or_medical_eval,Inexperience,Yes,No,1,4,Synthetic NERIS-style 2026 record; demonstrates core+secondary incident type model.,1570.0,10.0,90.0,False,False,5.0,59.0,E01 2 SUP pony pasture novices EMS care minor inj invest RTS,37.552224,-77.517472,llm_site,PONY,1.0,37.552224,-77.517472,landmark_exact,ollama:qwen2.5:14b,True,116.2,Pony Pasture,site_circle,True
